ISO-10303-21;
HEADER;
FILE_DESCRIPTION(('STEP AP214'),
    '1');
FILE_NAME('TC2030-DIY',
    '2026-09-08T17:05:38',
    ('AF'),
    (''),
    'UNSPECIFIED',
    'UNSPECIFIED',
    '');
/*TC2030 DIY case*/
FILE_SCHEMA(('AUTOMOTIVE_DESIGN { 1 0 10303 214 3 1 1}'));
ENDSEC;

DATA;
#1=SHAPE_REPRESENTATION('NONE',(#2),#6);
#2=AXIS2_PLACEMENT_3D('',#3,#4,#5);
#3=CARTESIAN_POINT('',(0.,0.,0.));
#4=DIRECTION('',(0.,0.,1.));
#5=DIRECTION('',(1.,0.,0.));
#6=(GEOMETRIC_REPRESENTATION_CONTEXT(3)GLOBAL_UNCERTAINTY_ASSIGNED_CONTEXT((#8))
GLOBAL_UNIT_ASSIGNED_CONTEXT((#7,#9,#10))REPRESENTATION_CONTEXT('NONE','NONE'));
#7=(LENGTH_UNIT()NAMED_UNIT(*)SI_UNIT(.MILLI.,.METRE.));
#8=UNCERTAINTY_MEASURE_WITH_UNIT(LENGTH_MEASURE(1.E-005),#7,'NONE','NONE');
#9=(NAMED_UNIT(*)PLANE_ANGLE_UNIT()SI_UNIT($,.RADIAN.));
#10=(NAMED_UNIT(*)SI_UNIT($,.STERADIAN.)SOLID_ANGLE_UNIT());
#11=SHAPE_DEFINITION_REPRESENTATION(#12,#1);
#12=PRODUCT_DEFINITION_SHAPE('NONE','NONE',#13);
#13=PRODUCT_DEFINITION('','UNSPECIFIED',#14,#22);
#14=PRODUCT_DEFINITION_FORMATION_WITH_SPECIFIED_SOURCE('ANY','UNSPECIFIED',#15,.NOT_KNOWN.);
#15=PRODUCT('','TC2030-DIY','TC2030 DIY case',(#25));
#16=PERSON('UNSPECIFIED','AF','UNSPECIFIED',('UNSPECIFIED'),('UNSPECIFIED'),('UNSPECIFIED'));
#17=ORGANIZATION('UNSPECIFIED','UNSPECIFIED','UNSPECIFIED');
#18=PERSON_AND_ORGANIZATION(#16,#17);
#19=PERSON_AND_ORGANIZATION_ROLE('design_owner');
#20=CC_DESIGN_PERSON_AND_ORGANIZATION_ASSIGNMENT(#18,#19,(#15));
#21=PRODUCT_RELATED_PRODUCT_CATEGORY('assembly','',(#15));
#22=DESIGN_CONTEXT('detailed design',#23,'design');
#23=APPLICATION_CONTEXT('configuration controlled 3d designs of mechanical parts and assemblies');
#24=APPLICATION_PROTOCOL_DEFINITION('international standard','automotive_design',
2011,#23);
#25=PRODUCT_CONTEXT('NONE',#23,'mechanical');
#26=CC_DESIGN_DATE_AND_TIME_ASSIGNMENT(#27,#31,(#13));
#27=DATE_AND_TIME(#28,#29);
#28=CALENDAR_DATE(0,1,1);
#29=LOCAL_TIME(0,0,0.,#30);
#30=COORDINATED_UNIVERSAL_TIME_OFFSET(0,0,.AHEAD.);
#31=DATE_TIME_ROLE('creation_date');
#32=CC_DESIGN_APPROVAL(#33,(#13));
#33=APPROVAL(#34,'UNSPECIFIED');
#34=APPROVAL_STATUS('not_yet_approved');
#35=APPROVAL_DATE_TIME(#36,#33);
#36=DATE_AND_TIME(#37,#38);
#37=CALENDAR_DATE(0,1,1);
#38=LOCAL_TIME(0,0,0.,#39);
#39=COORDINATED_UNIVERSAL_TIME_OFFSET(0,0,.AHEAD.);
#40=DERIVED_UNIT((#44,#41));
#41=DERIVED_UNIT_ELEMENT(#42,-1.);
#42=VOLUME_UNIT(#43);
#43=DIMENSIONAL_EXPONENTS(3.,0.,0.,0.,0.,0.,0.);
#44=(DERIVED_UNIT_ELEMENT($,-1.)NAMED_UNIT($)MASS_UNIT()SI_UNIT($,.GRAM.));
#45=MANIFOLD_SOLID_BREP('',#46);
#46=CLOSED_SHELL('',(#188,#197,#206,#215,#224,#233,#242,#251,#260,#269,#278,#287,
#296,#305,#314,#323,#332,#341,#350,#359,#368,#377,#386,#395,#404,#413,#422,#431,
#440,#449,#458,#467,#476));
#47=COLOUR_RGB($,0.862745098039216,0.862745098039216,0.862745098039216);
#48=FILL_AREA_STYLE_COLOUR($,#47);
#49=FILL_AREA_STYLE($,(#48));
#50=SURFACE_STYLE_FILL_AREA(#49);
#51=SURFACE_SIDE_STYLE('',(#50));
#52=SURFACE_STYLE_USAGE(.BOTH.,#51);
#53=PRESENTATION_STYLE_ASSIGNMENT((#52));
#54=MECHANICAL_DESIGN_GEOMETRIC_PRESENTATION_REPRESENTATION('NONE',(#55,#65,#75,
#85,#95,#105,#115,#125,#135,#145,#155,#165,#175,#185,#196,#205,#214,#223,#232,#241,
#250,#259,#268,#277,#286,#295,#304,#313,#322,#331,#340,#349,#358,#367,#376,#385,
#394,#403,#412,#421,#430,#439,#448,#457,#466,#475,#484,#493,#502,#511,#520,#529,
#538,#547,#556,#565,#574,#583,#592,#601,#610,#619,#628,#637,#646,#655,#664,#673,
#682,#691,#700,#709,#718,#727,#736,#745,#754,#763,#772,#781,#790,#799,#808,#817,
#826,#835,#844,#853,#862,#871,#880,#889,#898,#907,#916,#925,#934,#943,#952,#961,
#970,#979,#988,#997,#1006,#1015,#1024,#1033,#1042,#1051,#1060,#1069,#1078,#1087,
#1096,#1105,#1114,#1123,#1132,#1141,#1150,#1159,#1168,#1177,#1186,#1195,#1204,#1213,
#1222,#1231,#1240,#1249,#1258,#1267,#1276,#1285,#1294,#1303,#1312,#1321,#1330,#1339,
#1348,#1357,#1366,#1375,#1384,#1393,#1402,#1411,#1420,#1429,#1438,#1447,#1456,#1465,
#1474,#1483,#1492,#1501,#1510,#1519,#1528,#1537,#1546,#1555,#1564,#1573,#1582,#1591,
#1600,#1609,#1618,#1627,#1636,#1645,#1654,#1663,#1672,#1681,#1690,#1699,#1708,#1717,
#1726,#1735,#1744,#1753,#1762,#1771,#1780,#1789,#1798,#1807,#1816,#1825,#1834,#1843,
#1852,#1861,#1870,#1879,#1888,#1897,#1906,#1915,#1924,#1933,#1942,#1951,#1960,#1969,
#1978,#1987,#1996,#2005,#2014,#2023,#2032,#2041,#2050,#2059,#2068,#2077,#2086,#2095,
#2104,#2113,#2122,#2131,#2140,#2149,#2158,#2167,#2176,#2185,#2194,#2203,#2212,#2221,
#2230,#2239,#2248,#2257,#2266,#2275,#2284,#2293,#2302,#2311,#2320,#2329,#2338,#2347,
#2356,#2365,#2374,#2383,#2392,#2401,#2410,#2419,#2428,#2437,#2446,#2455,#2464,#2473,
#2482,#2491,#2500,#2509,#2518,#2527,#2536,#2545,#2554,#2563,#2572,#2581,#2590,#2599,
#2608,#2617,#2626,#2635,#2644,#2653,#2662,#2671,#2680,#2689,#2698,#2707,#2716,#2725,
#2734,#2743,#2752,#2761,#2770,#2779,#2788,#2797,#2806,#2815,#2824,#2833,#2842,#2851,
#2860,#2869,#2878,#2887,#2896,#2905,#2914,#2923,#2932,#2941,#2950,#2959,#2968,#2977,
#2986,#2995,#3004,#3013,#3022,#3031,#3040,#3049,#3058,#3067,#3076,#3085,#3094,#3103,
#3112,#3121,#3130,#3139,#3148,#3157,#3166,#3175,#3184,#3193,#3202,#3211,#3220,#3229,
#3238,#3247,#3256,#3265,#3274,#3283,#3292,#3301,#3310,#3319,#3328,#3337,#3346,#3355,
#3364,#3373,#3382,#3391,#3400,#3409,#3418,#3427,#3436,#3445,#3454,#3463,#3472,#3481,
#3490,#3499,#3508,#3517,#3526,#3535,#3544,#3553,#3562,#3571,#3580,#3589,#3598,#3607,
#3616,#3625,#3634,#3643,#3652,#3661,#3670,#3679,#3688,#3697,#3706,#3715,#3724,#3733,
#3742,#3751,#3760,#3769,#3778,#3787,#3796,#3805,#3814,#3823),#6);
#55=STYLED_ITEM('',(#53),#45);
#56=MANIFOLD_SOLID_BREP('',#57);
#57=CLOSED_SHELL('',(#485,#494,#503,#512,#521,#530,#539,#548,#557,#566,#575,#584,
#593,#602,#611,#620,#629,#638,#647,#656,#665));
#58=COLOUR_RGB($,0.862745098039216,0.862745098039216,0.862745098039216);
#59=FILL_AREA_STYLE_COLOUR($,#58);
#60=FILL_AREA_STYLE($,(#59));
#61=SURFACE_STYLE_FILL_AREA(#60);
#62=SURFACE_SIDE_STYLE('',(#61));
#63=SURFACE_STYLE_USAGE(.BOTH.,#62);
#64=PRESENTATION_STYLE_ASSIGNMENT((#63));
#65=STYLED_ITEM('',(#64),#56);
#66=MANIFOLD_SOLID_BREP('',#67);
#67=CLOSED_SHELL('',(#674,#683,#692,#701,#710));
#68=COLOUR_RGB($,0.862745098039216,0.862745098039216,0.862745098039216);
#69=FILL_AREA_STYLE_COLOUR($,#68);
#70=FILL_AREA_STYLE($,(#69));
#71=SURFACE_STYLE_FILL_AREA(#70);
#72=SURFACE_SIDE_STYLE('',(#71));
#73=SURFACE_STYLE_USAGE(.BOTH.,#72);
#74=PRESENTATION_STYLE_ASSIGNMENT((#73));
#75=STYLED_ITEM('',(#74),#66);
#76=MANIFOLD_SOLID_BREP('',#77);
#77=CLOSED_SHELL('',(#719,#728,#737,#746,#755));
#78=COLOUR_RGB($,0.862745098039216,0.862745098039216,0.862745098039216);
#79=FILL_AREA_STYLE_COLOUR($,#78);
#80=FILL_AREA_STYLE($,(#79));
#81=SURFACE_STYLE_FILL_AREA(#80);
#82=SURFACE_SIDE_STYLE('',(#81));
#83=SURFACE_STYLE_USAGE(.BOTH.,#82);
#84=PRESENTATION_STYLE_ASSIGNMENT((#83));
#85=STYLED_ITEM('',(#84),#76);
#86=MANIFOLD_SOLID_BREP('',#87);
#87=CLOSED_SHELL('',(#764,#773,#782,#791,#800));
#88=COLOUR_RGB($,0.862745098039216,0.862745098039216,0.862745098039216);
#89=FILL_AREA_STYLE_COLOUR($,#88);
#90=FILL_AREA_STYLE($,(#89));
#91=SURFACE_STYLE_FILL_AREA(#90);
#92=SURFACE_SIDE_STYLE('',(#91));
#93=SURFACE_STYLE_USAGE(.BOTH.,#92);
#94=PRESENTATION_STYLE_ASSIGNMENT((#93));
#95=STYLED_ITEM('',(#94),#86);
#96=MANIFOLD_SOLID_BREP('',#97);
#97=CLOSED_SHELL('',(#809,#818,#827,#836,#845,#854,#863,#872,#881,#890,#899,#908,
#917,#926,#935,#944,#953,#962));
#98=COLOUR_RGB($,0.862745098039216,0.862745098039216,0.862745098039216);
#99=FILL_AREA_STYLE_COLOUR($,#98);
#100=FILL_AREA_STYLE($,(#99));
#101=SURFACE_STYLE_FILL_AREA(#100);
#102=SURFACE_SIDE_STYLE('',(#101));
#103=SURFACE_STYLE_USAGE(.BOTH.,#102);
#104=PRESENTATION_STYLE_ASSIGNMENT((#103));
#105=STYLED_ITEM('',(#104),#96);
#106=MANIFOLD_SOLID_BREP('',#107);
#107=CLOSED_SHELL('',(#971,#980,#989,#998,#1007,#1016,#1025,#1034,#1043,#1052,#1061,
#1070,#1079,#1088,#1097,#1106,#1115,#1124));
#108=COLOUR_RGB($,0.862745098039216,0.862745098039216,0.862745098039216);
#109=FILL_AREA_STYLE_COLOUR($,#108);
#110=FILL_AREA_STYLE($,(#109));
#111=SURFACE_STYLE_FILL_AREA(#110);
#112=SURFACE_SIDE_STYLE('',(#111));
#113=SURFACE_STYLE_USAGE(.BOTH.,#112);
#114=PRESENTATION_STYLE_ASSIGNMENT((#113));
#115=STYLED_ITEM('',(#114),#106);
#116=MANIFOLD_SOLID_BREP('',#117);
#117=CLOSED_SHELL('',(#1133,#1142,#1151,#1160,#1169,#1178,#1187,#1196,#1205,#1214,
#1223,#1232,#1241,#1250,#1259,#1268,#1277,#1286));
#118=COLOUR_RGB($,0.862745098039216,0.862745098039216,0.862745098039216);
#119=FILL_AREA_STYLE_COLOUR($,#118);
#120=FILL_AREA_STYLE($,(#119));
#121=SURFACE_STYLE_FILL_AREA(#120);
#122=SURFACE_SIDE_STYLE('',(#121));
#123=SURFACE_STYLE_USAGE(.BOTH.,#122);
#124=PRESENTATION_STYLE_ASSIGNMENT((#123));
#125=STYLED_ITEM('',(#124),#116);
#126=MANIFOLD_SOLID_BREP('',#127);
#127=CLOSED_SHELL('',(#1295,#1304,#1313,#1322,#1331,#1340,#1349,#1358,#1367,#1376,
#1385,#1394,#1403,#1412,#1421,#1430,#1439,#1448));
#128=COLOUR_RGB($,0.862745098039216,0.862745098039216,0.862745098039216);
#129=FILL_AREA_STYLE_COLOUR($,#128);
#130=FILL_AREA_STYLE($,(#129));
#131=SURFACE_STYLE_FILL_AREA(#130);
#132=SURFACE_SIDE_STYLE('',(#131));
#133=SURFACE_STYLE_USAGE(.BOTH.,#132);
#134=PRESENTATION_STYLE_ASSIGNMENT((#133));
#135=STYLED_ITEM('',(#134),#126);
#136=MANIFOLD_SOLID_BREP('',#137);
#137=CLOSED_SHELL('',(#1457,#1466,#1475,#1484,#1493,#1502,#1511,#1520,#1529,#1538,
#1547,#1556,#1565,#1574,#1583,#1592,#1601,#1610));
#138=COLOUR_RGB($,0.862745098039216,0.862745098039216,0.862745098039216);
#139=FILL_AREA_STYLE_COLOUR($,#138);
#140=FILL_AREA_STYLE($,(#139));
#141=SURFACE_STYLE_FILL_AREA(#140);
#142=SURFACE_SIDE_STYLE('',(#141));
#143=SURFACE_STYLE_USAGE(.BOTH.,#142);
#144=PRESENTATION_STYLE_ASSIGNMENT((#143));
#145=STYLED_ITEM('',(#144),#136);
#146=MANIFOLD_SOLID_BREP('',#147);
#147=CLOSED_SHELL('',(#1619,#1628,#1637,#1646,#1655,#1664,#1673,#1682,#1691,#1700,
#1709,#1718,#1727,#1736,#1745,#1754,#1763,#1772));
#148=COLOUR_RGB($,0.862745098039216,0.862745098039216,0.862745098039216);
#149=FILL_AREA_STYLE_COLOUR($,#148);
#150=FILL_AREA_STYLE($,(#149));
#151=SURFACE_STYLE_FILL_AREA(#150);
#152=SURFACE_SIDE_STYLE('',(#151));
#153=SURFACE_STYLE_USAGE(.BOTH.,#152);
#154=PRESENTATION_STYLE_ASSIGNMENT((#153));
#155=STYLED_ITEM('',(#154),#146);
#156=MANIFOLD_SOLID_BREP('',#157);
#157=CLOSED_SHELL('',(#1781,#1790,#1799,#1808,#1817,#1826,#1835,#1844,#1853,#1862,
#1871,#1880,#1889,#1898,#1907,#1916,#1925,#1934,#1943,#1952,#1961,#1970,#1979,#1988,
#1997,#2006,#2015,#2024,#2033,#2042,#2051,#2060,#2069,#2078,#2087,#2096,#2105,#2114,
#2123,#2132,#2141,#2150,#2159,#2168,#2177,#2186,#2195,#2204,#2213,#2222,#2231,#2240,
#2249,#2258,#2267,#2276,#2285,#2294,#2303,#2312,#2321,#2330,#2339,#2348,#2357,#2366,
#2375,#2384,#2393,#2402,#2411,#2420,#2429,#2438,#2447,#2456,#2465,#2474,#2483,#2492));
#158=COLOUR_RGB($,0.862745098039216,0.862745098039216,0.862745098039216);
#159=FILL_AREA_STYLE_COLOUR($,#158);
#160=FILL_AREA_STYLE($,(#159));
#161=SURFACE_STYLE_FILL_AREA(#160);
#162=SURFACE_SIDE_STYLE('',(#161));
#163=SURFACE_STYLE_USAGE(.BOTH.,#162);
#164=PRESENTATION_STYLE_ASSIGNMENT((#163));
#165=STYLED_ITEM('',(#164),#156);
#166=MANIFOLD_SOLID_BREP('',#167);
#167=CLOSED_SHELL('',(#2501,#2510,#2519,#2528,#2537,#2546,#2555,#2564,#2573,#2582,
#2591,#2600,#2609,#2618,#2627,#2636,#2645,#2654,#2663,#2672,#2681,#2690,#2699,#2708,
#2717,#2726,#2735,#2744,#2753,#2762,#2771,#2780,#2789,#2798,#2807,#2816,#2825,#2834,
#2843,#2852,#2861,#2870,#2879,#2888,#2897,#2906,#2915,#2924,#2933,#2942,#2951,#2960,
#2969,#2978,#2987,#2996,#3005,#3014,#3023,#3032,#3041,#3050,#3059,#3068,#3077,#3086,
#3095,#3104,#3113,#3122,#3131,#3140,#3149,#3158,#3167,#3176,#3185,#3194,#3203,#3212,
#3221,#3230,#3239,#3248));
#168=COLOUR_RGB($,0.862745098039216,0.862745098039216,0.862745098039216);
#169=FILL_AREA_STYLE_COLOUR($,#168);
#170=FILL_AREA_STYLE($,(#169));
#171=SURFACE_STYLE_FILL_AREA(#170);
#172=SURFACE_SIDE_STYLE('',(#171));
#173=SURFACE_STYLE_USAGE(.BOTH.,#172);
#174=PRESENTATION_STYLE_ASSIGNMENT((#173));
#175=STYLED_ITEM('',(#174),#166);
#176=MANIFOLD_SOLID_BREP('',#177);
#177=CLOSED_SHELL('',(#3257,#3266,#3275,#3284,#3293,#3302,#3311,#3320,#3329,#3338,
#3347,#3356,#3365,#3374,#3383,#3392,#3401,#3410,#3419,#3428,#3437,#3446,#3455,#3464,
#3473,#3482,#3491,#3500,#3509,#3518,#3527,#3536,#3545,#3554,#3563,#3572,#3581,#3590,
#3599,#3608,#3617,#3626,#3635,#3644,#3653,#3662,#3671,#3680,#3689,#3698,#3707,#3716,
#3725,#3734,#3743,#3752,#3761,#3770,#3779,#3788,#3797,#3806,#3815));
#178=COLOUR_RGB($,0.862745098039216,0.862745098039216,0.862745098039216);
#179=FILL_AREA_STYLE_COLOUR($,#178);
#180=FILL_AREA_STYLE($,(#179));
#181=SURFACE_STYLE_FILL_AREA(#180);
#182=SURFACE_SIDE_STYLE('',(#181));
#183=SURFACE_STYLE_USAGE(.BOTH.,#182);
#184=PRESENTATION_STYLE_ASSIGNMENT((#183));
#185=STYLED_ITEM('',(#184),#176);
#186=ADVANCED_BREP_SHAPE_REPRESENTATION('NONE',(#45,#56,#66,#76,#86,#96,#106,#116,
#126,#136,#146,#156,#166,#176),#6);
#187=SHAPE_REPRESENTATION_RELATIONSHIP('','',#1,#186);
#188=ADVANCED_FACE('',(#3824,#3826,#3828,#3830,#3832,#3834,#3836,#3838,#3840,#3842),
#3844,.F.);
#189=COLOUR_RGB($,0.,0.36078431372549,0.725490196078431);
#190=FILL_AREA_STYLE_COLOUR($,#189);
#191=FILL_AREA_STYLE($,(#190));
#192=SURFACE_STYLE_FILL_AREA(#191);
#193=SURFACE_SIDE_STYLE('',(#192));
#194=SURFACE_STYLE_USAGE(.BOTH.,#193);
#195=PRESENTATION_STYLE_ASSIGNMENT((#194));
#196=STYLED_ITEM('',(#195),#188);
#197=ADVANCED_FACE('',(#3849,#3851,#3853,#3855,#3857,#3859,#3861,#3863,#3865,#3867),
#3869,.T.);
#198=COLOUR_RGB($,0.,0.36078431372549,0.725490196078431);
#199=FILL_AREA_STYLE_COLOUR($,#198);
#200=FILL_AREA_STYLE($,(#199));
#201=SURFACE_STYLE_FILL_AREA(#200);
#202=SURFACE_SIDE_STYLE('',(#201));
#203=SURFACE_STYLE_USAGE(.BOTH.,#202);
#204=PRESENTATION_STYLE_ASSIGNMENT((#203));
#205=STYLED_ITEM('',(#204),#197);
#206=ADVANCED_FACE('',(#3874,#3876),#3878,.F.);
#207=COLOUR_RGB($,0.,0.36078431372549,0.725490196078431);
#208=FILL_AREA_STYLE_COLOUR($,#207);
#209=FILL_AREA_STYLE($,(#208));
#210=SURFACE_STYLE_FILL_AREA(#209);
#211=SURFACE_SIDE_STYLE('',(#210));
#212=SURFACE_STYLE_USAGE(.BOTH.,#211);
#213=PRESENTATION_STYLE_ASSIGNMENT((#212));
#214=STYLED_ITEM('',(#213),#206);
#215=ADVANCED_FACE('',(#3883,#3885),#3887,.F.);
#216=COLOUR_RGB($,0.,0.36078431372549,0.725490196078431);
#217=FILL_AREA_STYLE_COLOUR($,#216);
#218=FILL_AREA_STYLE($,(#217));
#219=SURFACE_STYLE_FILL_AREA(#218);
#220=SURFACE_SIDE_STYLE('',(#219));
#221=SURFACE_STYLE_USAGE(.BOTH.,#220);
#222=PRESENTATION_STYLE_ASSIGNMENT((#221));
#223=STYLED_ITEM('',(#222),#215);
#224=ADVANCED_FACE('',(#3892,#3894),#3896,.F.);
#225=COLOUR_RGB($,0.,0.36078431372549,0.725490196078431);
#226=FILL_AREA_STYLE_COLOUR($,#225);
#227=FILL_AREA_STYLE($,(#226));
#228=SURFACE_STYLE_FILL_AREA(#227);
#229=SURFACE_SIDE_STYLE('',(#228));
#230=SURFACE_STYLE_USAGE(.BOTH.,#229);
#231=PRESENTATION_STYLE_ASSIGNMENT((#230));
#232=STYLED_ITEM('',(#231),#224);
#233=ADVANCED_FACE('',(#3901,#3903),#3905,.F.);
#234=COLOUR_RGB($,0.,0.36078431372549,0.725490196078431);
#235=FILL_AREA_STYLE_COLOUR($,#234);
#236=FILL_AREA_STYLE($,(#235));
#237=SURFACE_STYLE_FILL_AREA(#236);
#238=SURFACE_SIDE_STYLE('',(#237));
#239=SURFACE_STYLE_USAGE(.BOTH.,#238);
#240=PRESENTATION_STYLE_ASSIGNMENT((#239));
#241=STYLED_ITEM('',(#240),#233);
#242=ADVANCED_FACE('',(#3910,#3912),#3914,.F.);
#243=COLOUR_RGB($,0.,0.36078431372549,0.725490196078431);
#244=FILL_AREA_STYLE_COLOUR($,#243);
#245=FILL_AREA_STYLE($,(#244));
#246=SURFACE_STYLE_FILL_AREA(#245);
#247=SURFACE_SIDE_STYLE('',(#246));
#248=SURFACE_STYLE_USAGE(.BOTH.,#247);
#249=PRESENTATION_STYLE_ASSIGNMENT((#248));
#250=STYLED_ITEM('',(#249),#242);
#251=ADVANCED_FACE('',(#3919,#3921),#3923,.F.);
#252=COLOUR_RGB($,0.,0.36078431372549,0.725490196078431);
#253=FILL_AREA_STYLE_COLOUR($,#252);
#254=FILL_AREA_STYLE($,(#253));
#255=SURFACE_STYLE_FILL_AREA(#254);
#256=SURFACE_SIDE_STYLE('',(#255));
#257=SURFACE_STYLE_USAGE(.BOTH.,#256);
#258=PRESENTATION_STYLE_ASSIGNMENT((#257));
#259=STYLED_ITEM('',(#258),#251);
#260=ADVANCED_FACE('',(#3928,#3930),#3932,.F.);
#261=COLOUR_RGB($,0.,0.36078431372549,0.725490196078431);
#262=FILL_AREA_STYLE_COLOUR($,#261);
#263=FILL_AREA_STYLE($,(#262));
#264=SURFACE_STYLE_FILL_AREA(#263);
#265=SURFACE_SIDE_STYLE('',(#264));
#266=SURFACE_STYLE_USAGE(.BOTH.,#265);
#267=PRESENTATION_STYLE_ASSIGNMENT((#266));
#268=STYLED_ITEM('',(#267),#260);
#269=ADVANCED_FACE('',(#3937,#3939),#3941,.F.);
#270=COLOUR_RGB($,0.,0.36078431372549,0.725490196078431);
#271=FILL_AREA_STYLE_COLOUR($,#270);
#272=FILL_AREA_STYLE($,(#271));
#273=SURFACE_STYLE_FILL_AREA(#272);
#274=SURFACE_SIDE_STYLE('',(#273));
#275=SURFACE_STYLE_USAGE(.BOTH.,#274);
#276=PRESENTATION_STYLE_ASSIGNMENT((#275));
#277=STYLED_ITEM('',(#276),#269);
#278=ADVANCED_FACE('',(#3946,#3948),#3950,.F.);
#279=COLOUR_RGB($,0.,0.36078431372549,0.725490196078431);
#280=FILL_AREA_STYLE_COLOUR($,#279);
#281=FILL_AREA_STYLE($,(#280));
#282=SURFACE_STYLE_FILL_AREA(#281);
#283=SURFACE_SIDE_STYLE('',(#282));
#284=SURFACE_STYLE_USAGE(.BOTH.,#283);
#285=PRESENTATION_STYLE_ASSIGNMENT((#284));
#286=STYLED_ITEM('',(#285),#278);
#287=ADVANCED_FACE('',(#3955),#3957,.T.);
#288=COLOUR_RGB($,0.,0.36078431372549,0.725490196078431);
#289=FILL_AREA_STYLE_COLOUR($,#288);
#290=FILL_AREA_STYLE($,(#289));
#291=SURFACE_STYLE_FILL_AREA(#290);
#292=SURFACE_SIDE_STYLE('',(#291));
#293=SURFACE_STYLE_USAGE(.BOTH.,#292);
#294=PRESENTATION_STYLE_ASSIGNMENT((#293));
#295=STYLED_ITEM('',(#294),#287);
#296=ADVANCED_FACE('',(#3962),#3964,.T.);
#297=COLOUR_RGB($,0.,0.36078431372549,0.725490196078431);
#298=FILL_AREA_STYLE_COLOUR($,#297);
#299=FILL_AREA_STYLE($,(#298));
#300=SURFACE_STYLE_FILL_AREA(#299);
#301=SURFACE_SIDE_STYLE('',(#300));
#302=SURFACE_STYLE_USAGE(.BOTH.,#301);
#303=PRESENTATION_STYLE_ASSIGNMENT((#302));
#304=STYLED_ITEM('',(#303),#296);
#305=ADVANCED_FACE('',(#3969),#3971,.F.);
#306=COLOUR_RGB($,0.,0.36078431372549,0.725490196078431);
#307=FILL_AREA_STYLE_COLOUR($,#306);
#308=FILL_AREA_STYLE($,(#307));
#309=SURFACE_STYLE_FILL_AREA(#308);
#310=SURFACE_SIDE_STYLE('',(#309));
#311=SURFACE_STYLE_USAGE(.BOTH.,#310);
#312=PRESENTATION_STYLE_ASSIGNMENT((#311));
#313=STYLED_ITEM('',(#312),#305);
#314=ADVANCED_FACE('',(#3976),#3978,.T.);
#315=COLOUR_RGB($,0.,0.36078431372549,0.725490196078431);
#316=FILL_AREA_STYLE_COLOUR($,#315);
#317=FILL_AREA_STYLE($,(#316));
#318=SURFACE_STYLE_FILL_AREA(#317);
#319=SURFACE_SIDE_STYLE('',(#318));
#320=SURFACE_STYLE_USAGE(.BOTH.,#319);
#321=PRESENTATION_STYLE_ASSIGNMENT((#320));
#322=STYLED_ITEM('',(#321),#314);
#323=ADVANCED_FACE('',(#3983),#3985,.F.);
#324=COLOUR_RGB($,0.,0.36078431372549,0.725490196078431);
#325=FILL_AREA_STYLE_COLOUR($,#324);
#326=FILL_AREA_STYLE($,(#325));
#327=SURFACE_STYLE_FILL_AREA(#326);
#328=SURFACE_SIDE_STYLE('',(#327));
#329=SURFACE_STYLE_USAGE(.BOTH.,#328);
#330=PRESENTATION_STYLE_ASSIGNMENT((#329));
#331=STYLED_ITEM('',(#330),#323);
#332=ADVANCED_FACE('',(#3990),#3992,.T.);
#333=COLOUR_RGB($,0.,0.36078431372549,0.725490196078431);
#334=FILL_AREA_STYLE_COLOUR($,#333);
#335=FILL_AREA_STYLE($,(#334));
#336=SURFACE_STYLE_FILL_AREA(#335);
#337=SURFACE_SIDE_STYLE('',(#336));
#338=SURFACE_STYLE_USAGE(.BOTH.,#337);
#339=PRESENTATION_STYLE_ASSIGNMENT((#338));
#340=STYLED_ITEM('',(#339),#332);
#341=ADVANCED_FACE('',(#3997),#3999,.T.);
#342=COLOUR_RGB($,0.,0.36078431372549,0.725490196078431);
#343=FILL_AREA_STYLE_COLOUR($,#342);
#344=FILL_AREA_STYLE($,(#343));
#345=SURFACE_STYLE_FILL_AREA(#344);
#346=SURFACE_SIDE_STYLE('',(#345));
#347=SURFACE_STYLE_USAGE(.BOTH.,#346);
#348=PRESENTATION_STYLE_ASSIGNMENT((#347));
#349=STYLED_ITEM('',(#348),#341);
#350=ADVANCED_FACE('',(#4004),#4006,.T.);
#351=COLOUR_RGB($,0.,0.36078431372549,0.725490196078431);
#352=FILL_AREA_STYLE_COLOUR($,#351);
#353=FILL_AREA_STYLE($,(#352));
#354=SURFACE_STYLE_FILL_AREA(#353);
#355=SURFACE_SIDE_STYLE('',(#354));
#356=SURFACE_STYLE_USAGE(.BOTH.,#355);
#357=PRESENTATION_STYLE_ASSIGNMENT((#356));
#358=STYLED_ITEM('',(#357),#350);
#359=ADVANCED_FACE('',(#4011),#4013,.T.);
#360=COLOUR_RGB($,0.,0.36078431372549,0.725490196078431);
#361=FILL_AREA_STYLE_COLOUR($,#360);
#362=FILL_AREA_STYLE($,(#361));
#363=SURFACE_STYLE_FILL_AREA(#362);
#364=SURFACE_SIDE_STYLE('',(#363));
#365=SURFACE_STYLE_USAGE(.BOTH.,#364);
#366=PRESENTATION_STYLE_ASSIGNMENT((#365));
#367=STYLED_ITEM('',(#366),#359);
#368=ADVANCED_FACE('',(#4018),#4020,.T.);
#369=COLOUR_RGB($,0.,0.36078431372549,0.725490196078431);
#370=FILL_AREA_STYLE_COLOUR($,#369);
#371=FILL_AREA_STYLE($,(#370));
#372=SURFACE_STYLE_FILL_AREA(#371);
#373=SURFACE_SIDE_STYLE('',(#372));
#374=SURFACE_STYLE_USAGE(.BOTH.,#373);
#375=PRESENTATION_STYLE_ASSIGNMENT((#374));
#376=STYLED_ITEM('',(#375),#368);
#377=ADVANCED_FACE('',(#4025),#4027,.T.);
#378=COLOUR_RGB($,0.,0.36078431372549,0.725490196078431);
#379=FILL_AREA_STYLE_COLOUR($,#378);
#380=FILL_AREA_STYLE($,(#379));
#381=SURFACE_STYLE_FILL_AREA(#380);
#382=SURFACE_SIDE_STYLE('',(#381));
#383=SURFACE_STYLE_USAGE(.BOTH.,#382);
#384=PRESENTATION_STYLE_ASSIGNMENT((#383));
#385=STYLED_ITEM('',(#384),#377);
#386=ADVANCED_FACE('',(#4032),#4034,.T.);
#387=COLOUR_RGB($,0.,0.36078431372549,0.725490196078431);
#388=FILL_AREA_STYLE_COLOUR($,#387);
#389=FILL_AREA_STYLE($,(#388));
#390=SURFACE_STYLE_FILL_AREA(#389);
#391=SURFACE_SIDE_STYLE('',(#390));
#392=SURFACE_STYLE_USAGE(.BOTH.,#391);
#393=PRESENTATION_STYLE_ASSIGNMENT((#392));
#394=STYLED_ITEM('',(#393),#386);
#395=ADVANCED_FACE('',(#4039),#4041,.F.);
#396=COLOUR_RGB($,0.,0.36078431372549,0.725490196078431);
#397=FILL_AREA_STYLE_COLOUR($,#396);
#398=FILL_AREA_STYLE($,(#397));
#399=SURFACE_STYLE_FILL_AREA(#398);
#400=SURFACE_SIDE_STYLE('',(#399));
#401=SURFACE_STYLE_USAGE(.BOTH.,#400);
#402=PRESENTATION_STYLE_ASSIGNMENT((#401));
#403=STYLED_ITEM('',(#402),#395);
#404=ADVANCED_FACE('',(#4046),#4048,.T.);
#405=COLOUR_RGB($,0.,0.36078431372549,0.725490196078431);
#406=FILL_AREA_STYLE_COLOUR($,#405);
#407=FILL_AREA_STYLE($,(#406));
#408=SURFACE_STYLE_FILL_AREA(#407);
#409=SURFACE_SIDE_STYLE('',(#408));
#410=SURFACE_STYLE_USAGE(.BOTH.,#409);
#411=PRESENTATION_STYLE_ASSIGNMENT((#410));
#412=STYLED_ITEM('',(#411),#404);
#413=ADVANCED_FACE('',(#4053),#4055,.F.);
#414=COLOUR_RGB($,0.,0.36078431372549,0.725490196078431);
#415=FILL_AREA_STYLE_COLOUR($,#414);
#416=FILL_AREA_STYLE($,(#415));
#417=SURFACE_STYLE_FILL_AREA(#416);
#418=SURFACE_SIDE_STYLE('',(#417));
#419=SURFACE_STYLE_USAGE(.BOTH.,#418);
#420=PRESENTATION_STYLE_ASSIGNMENT((#419));
#421=STYLED_ITEM('',(#420),#413);
#422=ADVANCED_FACE('',(#4060),#4062,.T.);
#423=COLOUR_RGB($,0.,0.36078431372549,0.725490196078431);
#424=FILL_AREA_STYLE_COLOUR($,#423);
#425=FILL_AREA_STYLE($,(#424));
#426=SURFACE_STYLE_FILL_AREA(#425);
#427=SURFACE_SIDE_STYLE('',(#426));
#428=SURFACE_STYLE_USAGE(.BOTH.,#427);
#429=PRESENTATION_STYLE_ASSIGNMENT((#428));
#430=STYLED_ITEM('',(#429),#422);
#431=ADVANCED_FACE('',(#4067),#4069,.T.);
#432=COLOUR_RGB($,0.,0.36078431372549,0.725490196078431);
#433=FILL_AREA_STYLE_COLOUR($,#432);
#434=FILL_AREA_STYLE($,(#433));
#435=SURFACE_STYLE_FILL_AREA(#434);
#436=SURFACE_SIDE_STYLE('',(#435));
#437=SURFACE_STYLE_USAGE(.BOTH.,#436);
#438=PRESENTATION_STYLE_ASSIGNMENT((#437));
#439=STYLED_ITEM('',(#438),#431);
#440=ADVANCED_FACE('',(#4074),#4076,.T.);
#441=COLOUR_RGB($,0.,0.36078431372549,0.725490196078431);
#442=FILL_AREA_STYLE_COLOUR($,#441);
#443=FILL_AREA_STYLE($,(#442));
#444=SURFACE_STYLE_FILL_AREA(#443);
#445=SURFACE_SIDE_STYLE('',(#444));
#446=SURFACE_STYLE_USAGE(.BOTH.,#445);
#447=PRESENTATION_STYLE_ASSIGNMENT((#446));
#448=STYLED_ITEM('',(#447),#440);
#449=ADVANCED_FACE('',(#4081),#4083,.T.);
#450=COLOUR_RGB($,0.,0.36078431372549,0.725490196078431);
#451=FILL_AREA_STYLE_COLOUR($,#450);
#452=FILL_AREA_STYLE($,(#451));
#453=SURFACE_STYLE_FILL_AREA(#452);
#454=SURFACE_SIDE_STYLE('',(#453));
#455=SURFACE_STYLE_USAGE(.BOTH.,#454);
#456=PRESENTATION_STYLE_ASSIGNMENT((#455));
#457=STYLED_ITEM('',(#456),#449);
#458=ADVANCED_FACE('',(#4088),#4090,.T.);
#459=COLOUR_RGB($,0.,0.36078431372549,0.725490196078431);
#460=FILL_AREA_STYLE_COLOUR($,#459);
#461=FILL_AREA_STYLE($,(#460));
#462=SURFACE_STYLE_FILL_AREA(#461);
#463=SURFACE_SIDE_STYLE('',(#462));
#464=SURFACE_STYLE_USAGE(.BOTH.,#463);
#465=PRESENTATION_STYLE_ASSIGNMENT((#464));
#466=STYLED_ITEM('',(#465),#458);
#467=ADVANCED_FACE('',(#4095),#4097,.T.);
#468=COLOUR_RGB($,0.,0.36078431372549,0.725490196078431);
#469=FILL_AREA_STYLE_COLOUR($,#468);
#470=FILL_AREA_STYLE($,(#469));
#471=SURFACE_STYLE_FILL_AREA(#470);
#472=SURFACE_SIDE_STYLE('',(#471));
#473=SURFACE_STYLE_USAGE(.BOTH.,#472);
#474=PRESENTATION_STYLE_ASSIGNMENT((#473));
#475=STYLED_ITEM('',(#474),#467);
#476=ADVANCED_FACE('',(#4102),#4104,.T.);
#477=COLOUR_RGB($,0.,0.36078431372549,0.725490196078431);
#478=FILL_AREA_STYLE_COLOUR($,#477);
#479=FILL_AREA_STYLE($,(#478));
#480=SURFACE_STYLE_FILL_AREA(#479);
#481=SURFACE_SIDE_STYLE('',(#480));
#482=SURFACE_STYLE_USAGE(.BOTH.,#481);
#483=PRESENTATION_STYLE_ASSIGNMENT((#482));
#484=STYLED_ITEM('',(#483),#476);
#485=ADVANCED_FACE('',(#4109,#4111,#4113,#4115,#4117,#4119,#4121,#4123,#4125,#4127),
#4129,.F.);
#486=COLOUR_RGB($,0.,0.36078431372549,0.725490196078431);
#487=FILL_AREA_STYLE_COLOUR($,#486);
#488=FILL_AREA_STYLE($,(#487));
#489=SURFACE_STYLE_FILL_AREA(#488);
#490=SURFACE_SIDE_STYLE('',(#489));
#491=SURFACE_STYLE_USAGE(.BOTH.,#490);
#492=PRESENTATION_STYLE_ASSIGNMENT((#491));
#493=STYLED_ITEM('',(#492),#485);
#494=ADVANCED_FACE('',(#4134,#4136,#4138,#4140,#4142,#4144,#4146,#4148,#4150,#4152),
#4154,.T.);
#495=COLOUR_RGB($,0.,0.36078431372549,0.725490196078431);
#496=FILL_AREA_STYLE_COLOUR($,#495);
#497=FILL_AREA_STYLE($,(#496));
#498=SURFACE_STYLE_FILL_AREA(#497);
#499=SURFACE_SIDE_STYLE('',(#498));
#500=SURFACE_STYLE_USAGE(.BOTH.,#499);
#501=PRESENTATION_STYLE_ASSIGNMENT((#500));
#502=STYLED_ITEM('',(#501),#494);
#503=ADVANCED_FACE('',(#4159,#4161),#4163,.F.);
#504=COLOUR_RGB($,0.,0.36078431372549,0.725490196078431);
#505=FILL_AREA_STYLE_COLOUR($,#504);
#506=FILL_AREA_STYLE($,(#505));
#507=SURFACE_STYLE_FILL_AREA(#506);
#508=SURFACE_SIDE_STYLE('',(#507));
#509=SURFACE_STYLE_USAGE(.BOTH.,#508);
#510=PRESENTATION_STYLE_ASSIGNMENT((#509));
#511=STYLED_ITEM('',(#510),#503);
#512=ADVANCED_FACE('',(#4168,#4170),#4172,.F.);
#513=COLOUR_RGB($,0.,0.36078431372549,0.725490196078431);
#514=FILL_AREA_STYLE_COLOUR($,#513);
#515=FILL_AREA_STYLE($,(#514));
#516=SURFACE_STYLE_FILL_AREA(#515);
#517=SURFACE_SIDE_STYLE('',(#516));
#518=SURFACE_STYLE_USAGE(.BOTH.,#517);
#519=PRESENTATION_STYLE_ASSIGNMENT((#518));
#520=STYLED_ITEM('',(#519),#512);
#521=ADVANCED_FACE('',(#4177,#4179),#4181,.F.);
#522=COLOUR_RGB($,0.,0.36078431372549,0.725490196078431);
#523=FILL_AREA_STYLE_COLOUR($,#522);
#524=FILL_AREA_STYLE($,(#523));
#525=SURFACE_STYLE_FILL_AREA(#524);
#526=SURFACE_SIDE_STYLE('',(#525));
#527=SURFACE_STYLE_USAGE(.BOTH.,#526);
#528=PRESENTATION_STYLE_ASSIGNMENT((#527));
#529=STYLED_ITEM('',(#528),#521);
#530=ADVANCED_FACE('',(#4186,#4188),#4190,.F.);
#531=COLOUR_RGB($,0.,0.36078431372549,0.725490196078431);
#532=FILL_AREA_STYLE_COLOUR($,#531);
#533=FILL_AREA_STYLE($,(#532));
#534=SURFACE_STYLE_FILL_AREA(#533);
#535=SURFACE_SIDE_STYLE('',(#534));
#536=SURFACE_STYLE_USAGE(.BOTH.,#535);
#537=PRESENTATION_STYLE_ASSIGNMENT((#536));
#538=STYLED_ITEM('',(#537),#530);
#539=ADVANCED_FACE('',(#4195,#4197),#4199,.F.);
#540=COLOUR_RGB($,0.,0.36078431372549,0.725490196078431);
#541=FILL_AREA_STYLE_COLOUR($,#540);
#542=FILL_AREA_STYLE($,(#541));
#543=SURFACE_STYLE_FILL_AREA(#542);
#544=SURFACE_SIDE_STYLE('',(#543));
#545=SURFACE_STYLE_USAGE(.BOTH.,#544);
#546=PRESENTATION_STYLE_ASSIGNMENT((#545));
#547=STYLED_ITEM('',(#546),#539);
#548=ADVANCED_FACE('',(#4204,#4206),#4208,.F.);
#549=COLOUR_RGB($,0.,0.36078431372549,0.725490196078431);
#550=FILL_AREA_STYLE_COLOUR($,#549);
#551=FILL_AREA_STYLE($,(#550));
#552=SURFACE_STYLE_FILL_AREA(#551);
#553=SURFACE_SIDE_STYLE('',(#552));
#554=SURFACE_STYLE_USAGE(.BOTH.,#553);
#555=PRESENTATION_STYLE_ASSIGNMENT((#554));
#556=STYLED_ITEM('',(#555),#548);
#557=ADVANCED_FACE('',(#4213,#4215),#4217,.F.);
#558=COLOUR_RGB($,0.,0.36078431372549,0.725490196078431);
#559=FILL_AREA_STYLE_COLOUR($,#558);
#560=FILL_AREA_STYLE($,(#559));
#561=SURFACE_STYLE_FILL_AREA(#560);
#562=SURFACE_SIDE_STYLE('',(#561));
#563=SURFACE_STYLE_USAGE(.BOTH.,#562);
#564=PRESENTATION_STYLE_ASSIGNMENT((#563));
#565=STYLED_ITEM('',(#564),#557);
#566=ADVANCED_FACE('',(#4222,#4224),#4226,.F.);
#567=COLOUR_RGB($,0.,0.36078431372549,0.725490196078431);
#568=FILL_AREA_STYLE_COLOUR($,#567);
#569=FILL_AREA_STYLE($,(#568));
#570=SURFACE_STYLE_FILL_AREA(#569);
#571=SURFACE_SIDE_STYLE('',(#570));
#572=SURFACE_STYLE_USAGE(.BOTH.,#571);
#573=PRESENTATION_STYLE_ASSIGNMENT((#572));
#574=STYLED_ITEM('',(#573),#566);
#575=ADVANCED_FACE('',(#4231,#4233),#4235,.F.);
#576=COLOUR_RGB($,0.,0.36078431372549,0.725490196078431);
#577=FILL_AREA_STYLE_COLOUR($,#576);
#578=FILL_AREA_STYLE($,(#577));
#579=SURFACE_STYLE_FILL_AREA(#578);
#580=SURFACE_SIDE_STYLE('',(#579));
#581=SURFACE_STYLE_USAGE(.BOTH.,#580);
#582=PRESENTATION_STYLE_ASSIGNMENT((#581));
#583=STYLED_ITEM('',(#582),#575);
#584=ADVANCED_FACE('',(#4240),#4242,.T.);
#585=COLOUR_RGB($,0.,0.36078431372549,0.725490196078431);
#586=FILL_AREA_STYLE_COLOUR($,#585);
#587=FILL_AREA_STYLE($,(#586));
#588=SURFACE_STYLE_FILL_AREA(#587);
#589=SURFACE_SIDE_STYLE('',(#588));
#590=SURFACE_STYLE_USAGE(.BOTH.,#589);
#591=PRESENTATION_STYLE_ASSIGNMENT((#590));
#592=STYLED_ITEM('',(#591),#584);
#593=ADVANCED_FACE('',(#4247),#4249,.T.);
#594=COLOUR_RGB($,0.,0.36078431372549,0.725490196078431);
#595=FILL_AREA_STYLE_COLOUR($,#594);
#596=FILL_AREA_STYLE($,(#595));
#597=SURFACE_STYLE_FILL_AREA(#596);
#598=SURFACE_SIDE_STYLE('',(#597));
#599=SURFACE_STYLE_USAGE(.BOTH.,#598);
#600=PRESENTATION_STYLE_ASSIGNMENT((#599));
#601=STYLED_ITEM('',(#600),#593);
#602=ADVANCED_FACE('',(#4254),#4256,.T.);
#603=COLOUR_RGB($,0.,0.36078431372549,0.725490196078431);
#604=FILL_AREA_STYLE_COLOUR($,#603);
#605=FILL_AREA_STYLE($,(#604));
#606=SURFACE_STYLE_FILL_AREA(#605);
#607=SURFACE_SIDE_STYLE('',(#606));
#608=SURFACE_STYLE_USAGE(.BOTH.,#607);
#609=PRESENTATION_STYLE_ASSIGNMENT((#608));
#610=STYLED_ITEM('',(#609),#602);
#611=ADVANCED_FACE('',(#4261),#4263,.T.);
#612=COLOUR_RGB($,0.,0.36078431372549,0.725490196078431);
#613=FILL_AREA_STYLE_COLOUR($,#612);
#614=FILL_AREA_STYLE($,(#613));
#615=SURFACE_STYLE_FILL_AREA(#614);
#616=SURFACE_SIDE_STYLE('',(#615));
#617=SURFACE_STYLE_USAGE(.BOTH.,#616);
#618=PRESENTATION_STYLE_ASSIGNMENT((#617));
#619=STYLED_ITEM('',(#618),#611);
#620=ADVANCED_FACE('',(#4268),#4270,.T.);
#621=COLOUR_RGB($,0.,0.36078431372549,0.725490196078431);
#622=FILL_AREA_STYLE_COLOUR($,#621);
#623=FILL_AREA_STYLE($,(#622));
#624=SURFACE_STYLE_FILL_AREA(#623);
#625=SURFACE_SIDE_STYLE('',(#624));
#626=SURFACE_STYLE_USAGE(.BOTH.,#625);
#627=PRESENTATION_STYLE_ASSIGNMENT((#626));
#628=STYLED_ITEM('',(#627),#620);
#629=ADVANCED_FACE('',(#4275),#4277,.T.);
#630=COLOUR_RGB($,0.,0.36078431372549,0.725490196078431);
#631=FILL_AREA_STYLE_COLOUR($,#630);
#632=FILL_AREA_STYLE($,(#631));
#633=SURFACE_STYLE_FILL_AREA(#632);
#634=SURFACE_SIDE_STYLE('',(#633));
#635=SURFACE_STYLE_USAGE(.BOTH.,#634);
#636=PRESENTATION_STYLE_ASSIGNMENT((#635));
#637=STYLED_ITEM('',(#636),#629);
#638=ADVANCED_FACE('',(#4282),#4284,.T.);
#639=COLOUR_RGB($,0.,0.36078431372549,0.725490196078431);
#640=FILL_AREA_STYLE_COLOUR($,#639);
#641=FILL_AREA_STYLE($,(#640));
#642=SURFACE_STYLE_FILL_AREA(#641);
#643=SURFACE_SIDE_STYLE('',(#642));
#644=SURFACE_STYLE_USAGE(.BOTH.,#643);
#645=PRESENTATION_STYLE_ASSIGNMENT((#644));
#646=STYLED_ITEM('',(#645),#638);
#647=ADVANCED_FACE('',(#4289),#4291,.T.);
#648=COLOUR_RGB($,0.,0.36078431372549,0.725490196078431);
#649=FILL_AREA_STYLE_COLOUR($,#648);
#650=FILL_AREA_STYLE($,(#649));
#651=SURFACE_STYLE_FILL_AREA(#650);
#652=SURFACE_SIDE_STYLE('',(#651));
#653=SURFACE_STYLE_USAGE(.BOTH.,#652);
#654=PRESENTATION_STYLE_ASSIGNMENT((#653));
#655=STYLED_ITEM('',(#654),#647);
#656=ADVANCED_FACE('',(#4296),#4298,.T.);
#657=COLOUR_RGB($,0.,0.36078431372549,0.725490196078431);
#658=FILL_AREA_STYLE_COLOUR($,#657);
#659=FILL_AREA_STYLE($,(#658));
#660=SURFACE_STYLE_FILL_AREA(#659);
#661=SURFACE_SIDE_STYLE('',(#660));
#662=SURFACE_STYLE_USAGE(.BOTH.,#661);
#663=PRESENTATION_STYLE_ASSIGNMENT((#662));
#664=STYLED_ITEM('',(#663),#656);
#665=ADVANCED_FACE('',(#4303),#4305,.T.);
#666=COLOUR_RGB($,0.,0.36078431372549,0.725490196078431);
#667=FILL_AREA_STYLE_COLOUR($,#666);
#668=FILL_AREA_STYLE($,(#667));
#669=SURFACE_STYLE_FILL_AREA(#668);
#670=SURFACE_SIDE_STYLE('',(#669));
#671=SURFACE_STYLE_USAGE(.BOTH.,#670);
#672=PRESENTATION_STYLE_ASSIGNMENT((#671));
#673=STYLED_ITEM('',(#672),#665);
#674=ADVANCED_FACE('',(#4310,#4312),#4314,.T.);
#675=COLOUR_RGB($,0.627450980392157,0.627450980392157,0.627450980392157);
#676=FILL_AREA_STYLE_COLOUR($,#675);
#677=FILL_AREA_STYLE($,(#676));
#678=SURFACE_STYLE_FILL_AREA(#677);
#679=SURFACE_SIDE_STYLE('',(#678));
#680=SURFACE_STYLE_USAGE(.BOTH.,#679);
#681=PRESENTATION_STYLE_ASSIGNMENT((#680));
#682=STYLED_ITEM('',(#681),#674);
#683=ADVANCED_FACE('',(#4319,#4321),#4323,.T.);
#684=COLOUR_RGB($,0.627450980392157,0.627450980392157,0.627450980392157);
#685=FILL_AREA_STYLE_COLOUR($,#684);
#686=FILL_AREA_STYLE($,(#685));
#687=SURFACE_STYLE_FILL_AREA(#686);
#688=SURFACE_SIDE_STYLE('',(#687));
#689=SURFACE_STYLE_USAGE(.BOTH.,#688);
#690=PRESENTATION_STYLE_ASSIGNMENT((#689));
#691=STYLED_ITEM('',(#690),#683);
#692=ADVANCED_FACE('',(#4328,#4330),#4332,.T.);
#693=COLOUR_RGB($,0.627450980392157,0.627450980392157,0.627450980392157);
#694=FILL_AREA_STYLE_COLOUR($,#693);
#695=FILL_AREA_STYLE($,(#694));
#696=SURFACE_STYLE_FILL_AREA(#695);
#697=SURFACE_SIDE_STYLE('',(#696));
#698=SURFACE_STYLE_USAGE(.BOTH.,#697);
#699=PRESENTATION_STYLE_ASSIGNMENT((#698));
#700=STYLED_ITEM('',(#699),#692);
#701=ADVANCED_FACE('',(#4337),#4339,.T.);
#702=COLOUR_RGB($,0.627450980392157,0.627450980392157,0.627450980392157);
#703=FILL_AREA_STYLE_COLOUR($,#702);
#704=FILL_AREA_STYLE($,(#703));
#705=SURFACE_STYLE_FILL_AREA(#704);
#706=SURFACE_SIDE_STYLE('',(#705));
#707=SURFACE_STYLE_USAGE(.BOTH.,#706);
#708=PRESENTATION_STYLE_ASSIGNMENT((#707));
#709=STYLED_ITEM('',(#708),#701);
#710=ADVANCED_FACE('',(#4344),#4346,.F.);
#711=COLOUR_RGB($,0.627450980392157,0.627450980392157,0.627450980392157);
#712=FILL_AREA_STYLE_COLOUR($,#711);
#713=FILL_AREA_STYLE($,(#712));
#714=SURFACE_STYLE_FILL_AREA(#713);
#715=SURFACE_SIDE_STYLE('',(#714));
#716=SURFACE_STYLE_USAGE(.BOTH.,#715);
#717=PRESENTATION_STYLE_ASSIGNMENT((#716));
#718=STYLED_ITEM('',(#717),#710);
#719=ADVANCED_FACE('',(#4351,#4353),#4355,.T.);
#720=COLOUR_RGB($,0.627450980392157,0.627450980392157,0.627450980392157);
#721=FILL_AREA_STYLE_COLOUR($,#720);
#722=FILL_AREA_STYLE($,(#721));
#723=SURFACE_STYLE_FILL_AREA(#722);
#724=SURFACE_SIDE_STYLE('',(#723));
#725=SURFACE_STYLE_USAGE(.BOTH.,#724);
#726=PRESENTATION_STYLE_ASSIGNMENT((#725));
#727=STYLED_ITEM('',(#726),#719);
#728=ADVANCED_FACE('',(#4360,#4362),#4364,.T.);
#729=COLOUR_RGB($,0.627450980392157,0.627450980392157,0.627450980392157);
#730=FILL_AREA_STYLE_COLOUR($,#729);
#731=FILL_AREA_STYLE($,(#730));
#732=SURFACE_STYLE_FILL_AREA(#731);
#733=SURFACE_SIDE_STYLE('',(#732));
#734=SURFACE_STYLE_USAGE(.BOTH.,#733);
#735=PRESENTATION_STYLE_ASSIGNMENT((#734));
#736=STYLED_ITEM('',(#735),#728);
#737=ADVANCED_FACE('',(#4369,#4371),#4373,.T.);
#738=COLOUR_RGB($,0.627450980392157,0.627450980392157,0.627450980392157);
#739=FILL_AREA_STYLE_COLOUR($,#738);
#740=FILL_AREA_STYLE($,(#739));
#741=SURFACE_STYLE_FILL_AREA(#740);
#742=SURFACE_SIDE_STYLE('',(#741));
#743=SURFACE_STYLE_USAGE(.BOTH.,#742);
#744=PRESENTATION_STYLE_ASSIGNMENT((#743));
#745=STYLED_ITEM('',(#744),#737);
#746=ADVANCED_FACE('',(#4378),#4380,.T.);
#747=COLOUR_RGB($,0.627450980392157,0.627450980392157,0.627450980392157);
#748=FILL_AREA_STYLE_COLOUR($,#747);
#749=FILL_AREA_STYLE($,(#748));
#750=SURFACE_STYLE_FILL_AREA(#749);
#751=SURFACE_SIDE_STYLE('',(#750));
#752=SURFACE_STYLE_USAGE(.BOTH.,#751);
#753=PRESENTATION_STYLE_ASSIGNMENT((#752));
#754=STYLED_ITEM('',(#753),#746);
#755=ADVANCED_FACE('',(#4385),#4387,.F.);
#756=COLOUR_RGB($,0.627450980392157,0.627450980392157,0.627450980392157);
#757=FILL_AREA_STYLE_COLOUR($,#756);
#758=FILL_AREA_STYLE($,(#757));
#759=SURFACE_STYLE_FILL_AREA(#758);
#760=SURFACE_SIDE_STYLE('',(#759));
#761=SURFACE_STYLE_USAGE(.BOTH.,#760);
#762=PRESENTATION_STYLE_ASSIGNMENT((#761));
#763=STYLED_ITEM('',(#762),#755);
#764=ADVANCED_FACE('',(#4392,#4394),#4396,.T.);
#765=COLOUR_RGB($,0.627450980392157,0.627450980392157,0.627450980392157);
#766=FILL_AREA_STYLE_COLOUR($,#765);
#767=FILL_AREA_STYLE($,(#766));
#768=SURFACE_STYLE_FILL_AREA(#767);
#769=SURFACE_SIDE_STYLE('',(#768));
#770=SURFACE_STYLE_USAGE(.BOTH.,#769);
#771=PRESENTATION_STYLE_ASSIGNMENT((#770));
#772=STYLED_ITEM('',(#771),#764);
#773=ADVANCED_FACE('',(#4401),#4403,.T.);
#774=COLOUR_RGB($,0.627450980392157,0.627450980392157,0.627450980392157);
#775=FILL_AREA_STYLE_COLOUR($,#774);
#776=FILL_AREA_STYLE($,(#775));
#777=SURFACE_STYLE_FILL_AREA(#776);
#778=SURFACE_SIDE_STYLE('',(#777));
#779=SURFACE_STYLE_USAGE(.BOTH.,#778);
#780=PRESENTATION_STYLE_ASSIGNMENT((#779));
#781=STYLED_ITEM('',(#780),#773);
#782=ADVANCED_FACE('',(#4408),#4410,.F.);
#783=COLOUR_RGB($,0.627450980392157,0.627450980392157,0.627450980392157);
#784=FILL_AREA_STYLE_COLOUR($,#783);
#785=FILL_AREA_STYLE($,(#784));
#786=SURFACE_STYLE_FILL_AREA(#785);
#787=SURFACE_SIDE_STYLE('',(#786));
#788=SURFACE_STYLE_USAGE(.BOTH.,#787);
#789=PRESENTATION_STYLE_ASSIGNMENT((#788));
#790=STYLED_ITEM('',(#789),#782);
#791=ADVANCED_FACE('',(#4415,#4417),#4419,.T.);
#792=COLOUR_RGB($,0.627450980392157,0.627450980392157,0.627450980392157);
#793=FILL_AREA_STYLE_COLOUR($,#792);
#794=FILL_AREA_STYLE($,(#793));
#795=SURFACE_STYLE_FILL_AREA(#794);
#796=SURFACE_SIDE_STYLE('',(#795));
#797=SURFACE_STYLE_USAGE(.BOTH.,#796);
#798=PRESENTATION_STYLE_ASSIGNMENT((#797));
#799=STYLED_ITEM('',(#798),#791);
#800=ADVANCED_FACE('',(#4424,#4426),#4428,.T.);
#801=COLOUR_RGB($,0.627450980392157,0.627450980392157,0.627450980392157);
#802=FILL_AREA_STYLE_COLOUR($,#801);
#803=FILL_AREA_STYLE($,(#802));
#804=SURFACE_STYLE_FILL_AREA(#803);
#805=SURFACE_SIDE_STYLE('',(#804));
#806=SURFACE_STYLE_USAGE(.BOTH.,#805);
#807=PRESENTATION_STYLE_ASSIGNMENT((#806));
#808=STYLED_ITEM('',(#807),#800);
#809=ADVANCED_FACE('',(#4433,#4435),#4437,.T.);
#810=COLOUR_RGB($,0.709803921568627,0.713725490196078,0.709803921568627);
#811=FILL_AREA_STYLE_COLOUR($,#810);
#812=FILL_AREA_STYLE($,(#811));
#813=SURFACE_STYLE_FILL_AREA(#812);
#814=SURFACE_SIDE_STYLE('',(#813));
#815=SURFACE_STYLE_USAGE(.BOTH.,#814);
#816=PRESENTATION_STYLE_ASSIGNMENT((#815));
#817=STYLED_ITEM('',(#816),#809);
#818=ADVANCED_FACE('',(#4442,#4444),#4446,.F.);
#819=COLOUR_RGB($,0.807843137254902,0.674509803921569,0.274509803921569);
#820=FILL_AREA_STYLE_COLOUR($,#819);
#821=FILL_AREA_STYLE($,(#820));
#822=SURFACE_STYLE_FILL_AREA(#821);
#823=SURFACE_SIDE_STYLE('',(#822));
#824=SURFACE_STYLE_USAGE(.BOTH.,#823);
#825=PRESENTATION_STYLE_ASSIGNMENT((#824));
#826=STYLED_ITEM('',(#825),#818);
#827=ADVANCED_FACE('',(#4451),#4453,.F.);
#828=COLOUR_RGB($,0.709803921568627,0.713725490196078,0.709803921568627);
#829=FILL_AREA_STYLE_COLOUR($,#828);
#830=FILL_AREA_STYLE($,(#829));
#831=SURFACE_STYLE_FILL_AREA(#830);
#832=SURFACE_SIDE_STYLE('',(#831));
#833=SURFACE_STYLE_USAGE(.BOTH.,#832);
#834=PRESENTATION_STYLE_ASSIGNMENT((#833));
#835=STYLED_ITEM('',(#834),#827);
#836=ADVANCED_FACE('',(#4458),#4460,.F.);
#837=COLOUR_RGB($,0.709803921568627,0.713725490196078,0.709803921568627);
#838=FILL_AREA_STYLE_COLOUR($,#837);
#839=FILL_AREA_STYLE($,(#838));
#840=SURFACE_STYLE_FILL_AREA(#839);
#841=SURFACE_SIDE_STYLE('',(#840));
#842=SURFACE_STYLE_USAGE(.BOTH.,#841);
#843=PRESENTATION_STYLE_ASSIGNMENT((#842));
#844=STYLED_ITEM('',(#843),#836);
#845=ADVANCED_FACE('',(#4465),#4467,.F.);
#846=COLOUR_RGB($,0.709803921568627,0.713725490196078,0.709803921568627);
#847=FILL_AREA_STYLE_COLOUR($,#846);
#848=FILL_AREA_STYLE($,(#847));
#849=SURFACE_STYLE_FILL_AREA(#848);
#850=SURFACE_SIDE_STYLE('',(#849));
#851=SURFACE_STYLE_USAGE(.BOTH.,#850);
#852=PRESENTATION_STYLE_ASSIGNMENT((#851));
#853=STYLED_ITEM('',(#852),#845);
#854=ADVANCED_FACE('',(#4472),#4474,.F.);
#855=COLOUR_RGB($,0.709803921568627,0.713725490196078,0.709803921568627);
#856=FILL_AREA_STYLE_COLOUR($,#855);
#857=FILL_AREA_STYLE($,(#856));
#858=SURFACE_STYLE_FILL_AREA(#857);
#859=SURFACE_SIDE_STYLE('',(#858));
#860=SURFACE_STYLE_USAGE(.BOTH.,#859);
#861=PRESENTATION_STYLE_ASSIGNMENT((#860));
#862=STYLED_ITEM('',(#861),#854);
#863=ADVANCED_FACE('',(#4479),#4481,.F.);
#864=COLOUR_RGB($,0.709803921568627,0.713725490196078,0.709803921568627);
#865=FILL_AREA_STYLE_COLOUR($,#864);
#866=FILL_AREA_STYLE($,(#865));
#867=SURFACE_STYLE_FILL_AREA(#866);
#868=SURFACE_SIDE_STYLE('',(#867));
#869=SURFACE_STYLE_USAGE(.BOTH.,#868);
#870=PRESENTATION_STYLE_ASSIGNMENT((#869));
#871=STYLED_ITEM('',(#870),#863);
#872=ADVANCED_FACE('',(#4486),#4488,.F.);
#873=COLOUR_RGB($,0.709803921568627,0.713725490196078,0.709803921568627);
#874=FILL_AREA_STYLE_COLOUR($,#873);
#875=FILL_AREA_STYLE($,(#874));
#876=SURFACE_STYLE_FILL_AREA(#875);
#877=SURFACE_SIDE_STYLE('',(#876));
#878=SURFACE_STYLE_USAGE(.BOTH.,#877);
#879=PRESENTATION_STYLE_ASSIGNMENT((#878));
#880=STYLED_ITEM('',(#879),#872);
#881=ADVANCED_FACE('',(#4493),#4495,.F.);
#882=COLOUR_RGB($,0.709803921568627,0.713725490196078,0.709803921568627);
#883=FILL_AREA_STYLE_COLOUR($,#882);
#884=FILL_AREA_STYLE($,(#883));
#885=SURFACE_STYLE_FILL_AREA(#884);
#886=SURFACE_SIDE_STYLE('',(#885));
#887=SURFACE_STYLE_USAGE(.BOTH.,#886);
#888=PRESENTATION_STYLE_ASSIGNMENT((#887));
#889=STYLED_ITEM('',(#888),#881);
#890=ADVANCED_FACE('',(#4500),#4502,.F.);
#891=COLOUR_RGB($,0.709803921568627,0.713725490196078,0.709803921568627);
#892=FILL_AREA_STYLE_COLOUR($,#891);
#893=FILL_AREA_STYLE($,(#892));
#894=SURFACE_STYLE_FILL_AREA(#893);
#895=SURFACE_SIDE_STYLE('',(#894));
#896=SURFACE_STYLE_USAGE(.BOTH.,#895);
#897=PRESENTATION_STYLE_ASSIGNMENT((#896));
#898=STYLED_ITEM('',(#897),#890);
#899=ADVANCED_FACE('',(#4507),#4509,.F.);
#900=COLOUR_RGB($,0.709803921568627,0.713725490196078,0.709803921568627);
#901=FILL_AREA_STYLE_COLOUR($,#900);
#902=FILL_AREA_STYLE($,(#901));
#903=SURFACE_STYLE_FILL_AREA(#902);
#904=SURFACE_SIDE_STYLE('',(#903));
#905=SURFACE_STYLE_USAGE(.BOTH.,#904);
#906=PRESENTATION_STYLE_ASSIGNMENT((#905));
#907=STYLED_ITEM('',(#906),#899);
#908=ADVANCED_FACE('',(#4514),#4516,.F.);
#909=COLOUR_RGB($,0.709803921568627,0.713725490196078,0.709803921568627);
#910=FILL_AREA_STYLE_COLOUR($,#909);
#911=FILL_AREA_STYLE($,(#910));
#912=SURFACE_STYLE_FILL_AREA(#911);
#913=SURFACE_SIDE_STYLE('',(#912));
#914=SURFACE_STYLE_USAGE(.BOTH.,#913);
#915=PRESENTATION_STYLE_ASSIGNMENT((#914));
#916=STYLED_ITEM('',(#915),#908);
#917=ADVANCED_FACE('',(#4521),#4523,.F.);
#918=COLOUR_RGB($,0.709803921568627,0.713725490196078,0.709803921568627);
#919=FILL_AREA_STYLE_COLOUR($,#918);
#920=FILL_AREA_STYLE($,(#919));
#921=SURFACE_STYLE_FILL_AREA(#920);
#922=SURFACE_SIDE_STYLE('',(#921));
#923=SURFACE_STYLE_USAGE(.BOTH.,#922);
#924=PRESENTATION_STYLE_ASSIGNMENT((#923));
#925=STYLED_ITEM('',(#924),#917);
#926=ADVANCED_FACE('',(#4528),#4530,.F.);
#927=COLOUR_RGB($,0.709803921568627,0.713725490196078,0.709803921568627);
#928=FILL_AREA_STYLE_COLOUR($,#927);
#929=FILL_AREA_STYLE($,(#928));
#930=SURFACE_STYLE_FILL_AREA(#929);
#931=SURFACE_SIDE_STYLE('',(#930));
#932=SURFACE_STYLE_USAGE(.BOTH.,#931);
#933=PRESENTATION_STYLE_ASSIGNMENT((#932));
#934=STYLED_ITEM('',(#933),#926);
#935=ADVANCED_FACE('',(#4535,#4537),#4539,.T.);
#936=COLOUR_RGB($,0.807843137254902,0.674509803921569,0.274509803921569);
#937=FILL_AREA_STYLE_COLOUR($,#936);
#938=FILL_AREA_STYLE($,(#937));
#939=SURFACE_STYLE_FILL_AREA(#938);
#940=SURFACE_SIDE_STYLE('',(#939));
#941=SURFACE_STYLE_USAGE(.BOTH.,#940);
#942=PRESENTATION_STYLE_ASSIGNMENT((#941));
#943=STYLED_ITEM('',(#942),#935);
#944=ADVANCED_FACE('',(#4544),#4546,.T.);
#945=COLOUR_RGB($,0.807843137254902,0.674509803921569,0.274509803921569);
#946=FILL_AREA_STYLE_COLOUR($,#945);
#947=FILL_AREA_STYLE($,(#946));
#948=SURFACE_STYLE_FILL_AREA(#947);
#949=SURFACE_SIDE_STYLE('',(#948));
#950=SURFACE_STYLE_USAGE(.BOTH.,#949);
#951=PRESENTATION_STYLE_ASSIGNMENT((#950));
#952=STYLED_ITEM('',(#951),#944);
#953=ADVANCED_FACE('',(#4551,#4553),#4555,.T.);
#954=COLOUR_RGB($,0.807843137254902,0.674509803921569,0.274509803921569);
#955=FILL_AREA_STYLE_COLOUR($,#954);
#956=FILL_AREA_STYLE($,(#955));
#957=SURFACE_STYLE_FILL_AREA(#956);
#958=SURFACE_SIDE_STYLE('',(#957));
#959=SURFACE_STYLE_USAGE(.BOTH.,#958);
#960=PRESENTATION_STYLE_ASSIGNMENT((#959));
#961=STYLED_ITEM('',(#960),#953);
#962=ADVANCED_FACE('',(#4560,#4562),#4564,.F.);
#963=COLOUR_RGB($,0.807843137254902,0.674509803921569,0.274509803921569);
#964=FILL_AREA_STYLE_COLOUR($,#963);
#965=FILL_AREA_STYLE($,(#964));
#966=SURFACE_STYLE_FILL_AREA(#965);
#967=SURFACE_SIDE_STYLE('',(#966));
#968=SURFACE_STYLE_USAGE(.BOTH.,#967);
#969=PRESENTATION_STYLE_ASSIGNMENT((#968));
#970=STYLED_ITEM('',(#969),#962);
#971=ADVANCED_FACE('',(#4658,#4660),#4662,.T.);
#972=COLOUR_RGB($,0.709803921568627,0.713725490196078,0.709803921568627);
#973=FILL_AREA_STYLE_COLOUR($,#972);
#974=FILL_AREA_STYLE($,(#973));
#975=SURFACE_STYLE_FILL_AREA(#974);
#976=SURFACE_SIDE_STYLE('',(#975));
#977=SURFACE_STYLE_USAGE(.BOTH.,#976);
#978=PRESENTATION_STYLE_ASSIGNMENT((#977));
#979=STYLED_ITEM('',(#978),#971);
#980=ADVANCED_FACE('',(#4667,#4669),#4671,.F.);
#981=COLOUR_RGB($,0.807843137254902,0.674509803921569,0.274509803921569);
#982=FILL_AREA_STYLE_COLOUR($,#981);
#983=FILL_AREA_STYLE($,(#982));
#984=SURFACE_STYLE_FILL_AREA(#983);
#985=SURFACE_SIDE_STYLE('',(#984));
#986=SURFACE_STYLE_USAGE(.BOTH.,#985);
#987=PRESENTATION_STYLE_ASSIGNMENT((#986));
#988=STYLED_ITEM('',(#987),#980);
#989=ADVANCED_FACE('',(#4676),#4678,.F.);
#990=COLOUR_RGB($,0.709803921568627,0.713725490196078,0.709803921568627);
#991=FILL_AREA_STYLE_COLOUR($,#990);
#992=FILL_AREA_STYLE($,(#991));
#993=SURFACE_STYLE_FILL_AREA(#992);
#994=SURFACE_SIDE_STYLE('',(#993));
#995=SURFACE_STYLE_USAGE(.BOTH.,#994);
#996=PRESENTATION_STYLE_ASSIGNMENT((#995));
#997=STYLED_ITEM('',(#996),#989);
#998=ADVANCED_FACE('',(#4683),#4685,.F.);
#999=COLOUR_RGB($,0.709803921568627,0.713725490196078,0.709803921568627);
#1000=FILL_AREA_STYLE_COLOUR($,#999);
#1001=FILL_AREA_STYLE($,(#1000));
#1002=SURFACE_STYLE_FILL_AREA(#1001);
#1003=SURFACE_SIDE_STYLE('',(#1002));
#1004=SURFACE_STYLE_USAGE(.BOTH.,#1003);
#1005=PRESENTATION_STYLE_ASSIGNMENT((#1004));
#1006=STYLED_ITEM('',(#1005),#998);
#1007=ADVANCED_FACE('',(#4690),#4692,.F.);
#1008=COLOUR_RGB($,0.709803921568627,0.713725490196078,0.709803921568627);
#1009=FILL_AREA_STYLE_COLOUR($,#1008);
#1010=FILL_AREA_STYLE($,(#1009));
#1011=SURFACE_STYLE_FILL_AREA(#1010);
#1012=SURFACE_SIDE_STYLE('',(#1011));
#1013=SURFACE_STYLE_USAGE(.BOTH.,#1012);
#1014=PRESENTATION_STYLE_ASSIGNMENT((#1013));
#1015=STYLED_ITEM('',(#1014),#1007);
#1016=ADVANCED_FACE('',(#4697),#4699,.F.);
#1017=COLOUR_RGB($,0.709803921568627,0.713725490196078,0.709803921568627);
#1018=FILL_AREA_STYLE_COLOUR($,#1017);
#1019=FILL_AREA_STYLE($,(#1018));
#1020=SURFACE_STYLE_FILL_AREA(#1019);
#1021=SURFACE_SIDE_STYLE('',(#1020));
#1022=SURFACE_STYLE_USAGE(.BOTH.,#1021);
#1023=PRESENTATION_STYLE_ASSIGNMENT((#1022));
#1024=STYLED_ITEM('',(#1023),#1016);
#1025=ADVANCED_FACE('',(#4704),#4706,.F.);
#1026=COLOUR_RGB($,0.709803921568627,0.713725490196078,0.709803921568627);
#1027=FILL_AREA_STYLE_COLOUR($,#1026);
#1028=FILL_AREA_STYLE($,(#1027));
#1029=SURFACE_STYLE_FILL_AREA(#1028);
#1030=SURFACE_SIDE_STYLE('',(#1029));
#1031=SURFACE_STYLE_USAGE(.BOTH.,#1030);
#1032=PRESENTATION_STYLE_ASSIGNMENT((#1031));
#1033=STYLED_ITEM('',(#1032),#1025);
#1034=ADVANCED_FACE('',(#4711),#4713,.F.);
#1035=COLOUR_RGB($,0.709803921568627,0.713725490196078,0.709803921568627);
#1036=FILL_AREA_STYLE_COLOUR($,#1035);
#1037=FILL_AREA_STYLE($,(#1036));
#1038=SURFACE_STYLE_FILL_AREA(#1037);
#1039=SURFACE_SIDE_STYLE('',(#1038));
#1040=SURFACE_STYLE_USAGE(.BOTH.,#1039);
#1041=PRESENTATION_STYLE_ASSIGNMENT((#1040));
#1042=STYLED_ITEM('',(#1041),#1034);
#1043=ADVANCED_FACE('',(#4718),#4720,.F.);
#1044=COLOUR_RGB($,0.709803921568627,0.713725490196078,0.709803921568627);
#1045=FILL_AREA_STYLE_COLOUR($,#1044);
#1046=FILL_AREA_STYLE($,(#1045));
#1047=SURFACE_STYLE_FILL_AREA(#1046);
#1048=SURFACE_SIDE_STYLE('',(#1047));
#1049=SURFACE_STYLE_USAGE(.BOTH.,#1048);
#1050=PRESENTATION_STYLE_ASSIGNMENT((#1049));
#1051=STYLED_ITEM('',(#1050),#1043);
#1052=ADVANCED_FACE('',(#4725),#4727,.F.);
#1053=COLOUR_RGB($,0.709803921568627,0.713725490196078,0.709803921568627);
#1054=FILL_AREA_STYLE_COLOUR($,#1053);
#1055=FILL_AREA_STYLE($,(#1054));
#1056=SURFACE_STYLE_FILL_AREA(#1055);
#1057=SURFACE_SIDE_STYLE('',(#1056));
#1058=SURFACE_STYLE_USAGE(.BOTH.,#1057);
#1059=PRESENTATION_STYLE_ASSIGNMENT((#1058));
#1060=STYLED_ITEM('',(#1059),#1052);
#1061=ADVANCED_FACE('',(#4732),#4734,.F.);
#1062=COLOUR_RGB($,0.709803921568627,0.713725490196078,0.709803921568627);
#1063=FILL_AREA_STYLE_COLOUR($,#1062);
#1064=FILL_AREA_STYLE($,(#1063));
#1065=SURFACE_STYLE_FILL_AREA(#1064);
#1066=SURFACE_SIDE_STYLE('',(#1065));
#1067=SURFACE_STYLE_USAGE(.BOTH.,#1066);
#1068=PRESENTATION_STYLE_ASSIGNMENT((#1067));
#1069=STYLED_ITEM('',(#1068),#1061);
#1070=ADVANCED_FACE('',(#4739),#4741,.F.);
#1071=COLOUR_RGB($,0.709803921568627,0.713725490196078,0.709803921568627);
#1072=FILL_AREA_STYLE_COLOUR($,#1071);
#1073=FILL_AREA_STYLE($,(#1072));
#1074=SURFACE_STYLE_FILL_AREA(#1073);
#1075=SURFACE_SIDE_STYLE('',(#1074));
#1076=SURFACE_STYLE_USAGE(.BOTH.,#1075);
#1077=PRESENTATION_STYLE_ASSIGNMENT((#1076));
#1078=STYLED_ITEM('',(#1077),#1070);
#1079=ADVANCED_FACE('',(#4746),#4748,.F.);
#1080=COLOUR_RGB($,0.709803921568627,0.713725490196078,0.709803921568627);
#1081=FILL_AREA_STYLE_COLOUR($,#1080);
#1082=FILL_AREA_STYLE($,(#1081));
#1083=SURFACE_STYLE_FILL_AREA(#1082);
#1084=SURFACE_SIDE_STYLE('',(#1083));
#1085=SURFACE_STYLE_USAGE(.BOTH.,#1084);
#1086=PRESENTATION_STYLE_ASSIGNMENT((#1085));
#1087=STYLED_ITEM('',(#1086),#1079);
#1088=ADVANCED_FACE('',(#4753),#4755,.F.);
#1089=COLOUR_RGB($,0.709803921568627,0.713725490196078,0.709803921568627);
#1090=FILL_AREA_STYLE_COLOUR($,#1089);
#1091=FILL_AREA_STYLE($,(#1090));
#1092=SURFACE_STYLE_FILL_AREA(#1091);
#1093=SURFACE_SIDE_STYLE('',(#1092));
#1094=SURFACE_STYLE_USAGE(.BOTH.,#1093);
#1095=PRESENTATION_STYLE_ASSIGNMENT((#1094));
#1096=STYLED_ITEM('',(#1095),#1088);
#1097=ADVANCED_FACE('',(#4760,#4762),#4764,.F.);
#1098=COLOUR_RGB($,0.807843137254902,0.674509803921569,0.274509803921569);
#1099=FILL_AREA_STYLE_COLOUR($,#1098);
#1100=FILL_AREA_STYLE($,(#1099));
#1101=SURFACE_STYLE_FILL_AREA(#1100);
#1102=SURFACE_SIDE_STYLE('',(#1101));
#1103=SURFACE_STYLE_USAGE(.BOTH.,#1102);
#1104=PRESENTATION_STYLE_ASSIGNMENT((#1103));
#1105=STYLED_ITEM('',(#1104),#1097);
#1106=ADVANCED_FACE('',(#4858,#4860),#4862,.T.);
#1107=COLOUR_RGB($,0.807843137254902,0.674509803921569,0.274509803921569);
#1108=FILL_AREA_STYLE_COLOUR($,#1107);
#1109=FILL_AREA_STYLE($,(#1108));
#1110=SURFACE_STYLE_FILL_AREA(#1109);
#1111=SURFACE_SIDE_STYLE('',(#1110));
#1112=SURFACE_STYLE_USAGE(.BOTH.,#1111);
#1113=PRESENTATION_STYLE_ASSIGNMENT((#1112));
#1114=STYLED_ITEM('',(#1113),#1106);
#1115=ADVANCED_FACE('',(#4867,#4869),#4871,.T.);
#1116=COLOUR_RGB($,0.807843137254902,0.674509803921569,0.274509803921569);
#1117=FILL_AREA_STYLE_COLOUR($,#1116);
#1118=FILL_AREA_STYLE($,(#1117));
#1119=SURFACE_STYLE_FILL_AREA(#1118);
#1120=SURFACE_SIDE_STYLE('',(#1119));
#1121=SURFACE_STYLE_USAGE(.BOTH.,#1120);
#1122=PRESENTATION_STYLE_ASSIGNMENT((#1121));
#1123=STYLED_ITEM('',(#1122),#1115);
#1124=ADVANCED_FACE('',(#4876),#4878,.T.);
#1125=COLOUR_RGB($,0.807843137254902,0.674509803921569,0.274509803921569);
#1126=FILL_AREA_STYLE_COLOUR($,#1125);
#1127=FILL_AREA_STYLE($,(#1126));
#1128=SURFACE_STYLE_FILL_AREA(#1127);
#1129=SURFACE_SIDE_STYLE('',(#1128));
#1130=SURFACE_STYLE_USAGE(.BOTH.,#1129);
#1131=PRESENTATION_STYLE_ASSIGNMENT((#1130));
#1132=STYLED_ITEM('',(#1131),#1124);
#1133=ADVANCED_FACE('',(#4883,#4885),#4887,.T.);
#1134=COLOUR_RGB($,0.709803921568627,0.713725490196078,0.709803921568627);
#1135=FILL_AREA_STYLE_COLOUR($,#1134);
#1136=FILL_AREA_STYLE($,(#1135));
#1137=SURFACE_STYLE_FILL_AREA(#1136);
#1138=SURFACE_SIDE_STYLE('',(#1137));
#1139=SURFACE_STYLE_USAGE(.BOTH.,#1138);
#1140=PRESENTATION_STYLE_ASSIGNMENT((#1139));
#1141=STYLED_ITEM('',(#1140),#1133);
#1142=ADVANCED_FACE('',(#4892,#4894),#4896,.F.);
#1143=COLOUR_RGB($,0.807843137254902,0.674509803921569,0.274509803921569);
#1144=FILL_AREA_STYLE_COLOUR($,#1143);
#1145=FILL_AREA_STYLE($,(#1144));
#1146=SURFACE_STYLE_FILL_AREA(#1145);
#1147=SURFACE_SIDE_STYLE('',(#1146));
#1148=SURFACE_STYLE_USAGE(.BOTH.,#1147);
#1149=PRESENTATION_STYLE_ASSIGNMENT((#1148));
#1150=STYLED_ITEM('',(#1149),#1142);
#1151=ADVANCED_FACE('',(#4901),#4903,.F.);
#1152=COLOUR_RGB($,0.709803921568627,0.713725490196078,0.709803921568627);
#1153=FILL_AREA_STYLE_COLOUR($,#1152);
#1154=FILL_AREA_STYLE($,(#1153));
#1155=SURFACE_STYLE_FILL_AREA(#1154);
#1156=SURFACE_SIDE_STYLE('',(#1155));
#1157=SURFACE_STYLE_USAGE(.BOTH.,#1156);
#1158=PRESENTATION_STYLE_ASSIGNMENT((#1157));
#1159=STYLED_ITEM('',(#1158),#1151);
#1160=ADVANCED_FACE('',(#4908),#4910,.F.);
#1161=COLOUR_RGB($,0.709803921568627,0.713725490196078,0.709803921568627);
#1162=FILL_AREA_STYLE_COLOUR($,#1161);
#1163=FILL_AREA_STYLE($,(#1162));
#1164=SURFACE_STYLE_FILL_AREA(#1163);
#1165=SURFACE_SIDE_STYLE('',(#1164));
#1166=SURFACE_STYLE_USAGE(.BOTH.,#1165);
#1167=PRESENTATION_STYLE_ASSIGNMENT((#1166));
#1168=STYLED_ITEM('',(#1167),#1160);
#1169=ADVANCED_FACE('',(#4915),#4917,.F.);
#1170=COLOUR_RGB($,0.709803921568627,0.713725490196078,0.709803921568627);
#1171=FILL_AREA_STYLE_COLOUR($,#1170);
#1172=FILL_AREA_STYLE($,(#1171));
#1173=SURFACE_STYLE_FILL_AREA(#1172);
#1174=SURFACE_SIDE_STYLE('',(#1173));
#1175=SURFACE_STYLE_USAGE(.BOTH.,#1174);
#1176=PRESENTATION_STYLE_ASSIGNMENT((#1175));
#1177=STYLED_ITEM('',(#1176),#1169);
#1178=ADVANCED_FACE('',(#4922),#4924,.F.);
#1179=COLOUR_RGB($,0.709803921568627,0.713725490196078,0.709803921568627);
#1180=FILL_AREA_STYLE_COLOUR($,#1179);
#1181=FILL_AREA_STYLE($,(#1180));
#1182=SURFACE_STYLE_FILL_AREA(#1181);
#1183=SURFACE_SIDE_STYLE('',(#1182));
#1184=SURFACE_STYLE_USAGE(.BOTH.,#1183);
#1185=PRESENTATION_STYLE_ASSIGNMENT((#1184));
#1186=STYLED_ITEM('',(#1185),#1178);
#1187=ADVANCED_FACE('',(#4929),#4931,.F.);
#1188=COLOUR_RGB($,0.709803921568627,0.713725490196078,0.709803921568627);
#1189=FILL_AREA_STYLE_COLOUR($,#1188);
#1190=FILL_AREA_STYLE($,(#1189));
#1191=SURFACE_STYLE_FILL_AREA(#1190);
#1192=SURFACE_SIDE_STYLE('',(#1191));
#1193=SURFACE_STYLE_USAGE(.BOTH.,#1192);
#1194=PRESENTATION_STYLE_ASSIGNMENT((#1193));
#1195=STYLED_ITEM('',(#1194),#1187);
#1196=ADVANCED_FACE('',(#4936),#4938,.F.);
#1197=COLOUR_RGB($,0.709803921568627,0.713725490196078,0.709803921568627);
#1198=FILL_AREA_STYLE_COLOUR($,#1197);
#1199=FILL_AREA_STYLE($,(#1198));
#1200=SURFACE_STYLE_FILL_AREA(#1199);
#1201=SURFACE_SIDE_STYLE('',(#1200));
#1202=SURFACE_STYLE_USAGE(.BOTH.,#1201);
#1203=PRESENTATION_STYLE_ASSIGNMENT((#1202));
#1204=STYLED_ITEM('',(#1203),#1196);
#1205=ADVANCED_FACE('',(#4943),#4945,.F.);
#1206=COLOUR_RGB($,0.709803921568627,0.713725490196078,0.709803921568627);
#1207=FILL_AREA_STYLE_COLOUR($,#1206);
#1208=FILL_AREA_STYLE($,(#1207));
#1209=SURFACE_STYLE_FILL_AREA(#1208);
#1210=SURFACE_SIDE_STYLE('',(#1209));
#1211=SURFACE_STYLE_USAGE(.BOTH.,#1210);
#1212=PRESENTATION_STYLE_ASSIGNMENT((#1211));
#1213=STYLED_ITEM('',(#1212),#1205);
#1214=ADVANCED_FACE('',(#4950),#4952,.F.);
#1215=COLOUR_RGB($,0.709803921568627,0.713725490196078,0.709803921568627);
#1216=FILL_AREA_STYLE_COLOUR($,#1215);
#1217=FILL_AREA_STYLE($,(#1216));
#1218=SURFACE_STYLE_FILL_AREA(#1217);
#1219=SURFACE_SIDE_STYLE('',(#1218));
#1220=SURFACE_STYLE_USAGE(.BOTH.,#1219);
#1221=PRESENTATION_STYLE_ASSIGNMENT((#1220));
#1222=STYLED_ITEM('',(#1221),#1214);
#1223=ADVANCED_FACE('',(#4957),#4959,.F.);
#1224=COLOUR_RGB($,0.709803921568627,0.713725490196078,0.709803921568627);
#1225=FILL_AREA_STYLE_COLOUR($,#1224);
#1226=FILL_AREA_STYLE($,(#1225));
#1227=SURFACE_STYLE_FILL_AREA(#1226);
#1228=SURFACE_SIDE_STYLE('',(#1227));
#1229=SURFACE_STYLE_USAGE(.BOTH.,#1228);
#1230=PRESENTATION_STYLE_ASSIGNMENT((#1229));
#1231=STYLED_ITEM('',(#1230),#1223);
#1232=ADVANCED_FACE('',(#4964),#4966,.F.);
#1233=COLOUR_RGB($,0.709803921568627,0.713725490196078,0.709803921568627);
#1234=FILL_AREA_STYLE_COLOUR($,#1233);
#1235=FILL_AREA_STYLE($,(#1234));
#1236=SURFACE_STYLE_FILL_AREA(#1235);
#1237=SURFACE_SIDE_STYLE('',(#1236));
#1238=SURFACE_STYLE_USAGE(.BOTH.,#1237);
#1239=PRESENTATION_STYLE_ASSIGNMENT((#1238));
#1240=STYLED_ITEM('',(#1239),#1232);
#1241=ADVANCED_FACE('',(#4971),#4973,.F.);
#1242=COLOUR_RGB($,0.709803921568627,0.713725490196078,0.709803921568627);
#1243=FILL_AREA_STYLE_COLOUR($,#1242);
#1244=FILL_AREA_STYLE($,(#1243));
#1245=SURFACE_STYLE_FILL_AREA(#1244);
#1246=SURFACE_SIDE_STYLE('',(#1245));
#1247=SURFACE_STYLE_USAGE(.BOTH.,#1246);
#1248=PRESENTATION_STYLE_ASSIGNMENT((#1247));
#1249=STYLED_ITEM('',(#1248),#1241);
#1250=ADVANCED_FACE('',(#4978),#4980,.F.);
#1251=COLOUR_RGB($,0.709803921568627,0.713725490196078,0.709803921568627);
#1252=FILL_AREA_STYLE_COLOUR($,#1251);
#1253=FILL_AREA_STYLE($,(#1252));
#1254=SURFACE_STYLE_FILL_AREA(#1253);
#1255=SURFACE_SIDE_STYLE('',(#1254));
#1256=SURFACE_STYLE_USAGE(.BOTH.,#1255);
#1257=PRESENTATION_STYLE_ASSIGNMENT((#1256));
#1258=STYLED_ITEM('',(#1257),#1250);
#1259=ADVANCED_FACE('',(#4985,#4987),#4989,.F.);
#1260=COLOUR_RGB($,0.807843137254902,0.674509803921569,0.274509803921569);
#1261=FILL_AREA_STYLE_COLOUR($,#1260);
#1262=FILL_AREA_STYLE($,(#1261));
#1263=SURFACE_STYLE_FILL_AREA(#1262);
#1264=SURFACE_SIDE_STYLE('',(#1263));
#1265=SURFACE_STYLE_USAGE(.BOTH.,#1264);
#1266=PRESENTATION_STYLE_ASSIGNMENT((#1265));
#1267=STYLED_ITEM('',(#1266),#1259);
#1268=ADVANCED_FACE('',(#5083,#5085),#5087,.T.);
#1269=COLOUR_RGB($,0.807843137254902,0.674509803921569,0.274509803921569);
#1270=FILL_AREA_STYLE_COLOUR($,#1269);
#1271=FILL_AREA_STYLE($,(#1270));
#1272=SURFACE_STYLE_FILL_AREA(#1271);
#1273=SURFACE_SIDE_STYLE('',(#1272));
#1274=SURFACE_STYLE_USAGE(.BOTH.,#1273);
#1275=PRESENTATION_STYLE_ASSIGNMENT((#1274));
#1276=STYLED_ITEM('',(#1275),#1268);
#1277=ADVANCED_FACE('',(#5092,#5094),#5096,.T.);
#1278=COLOUR_RGB($,0.807843137254902,0.674509803921569,0.274509803921569);
#1279=FILL_AREA_STYLE_COLOUR($,#1278);
#1280=FILL_AREA_STYLE($,(#1279));
#1281=SURFACE_STYLE_FILL_AREA(#1280);
#1282=SURFACE_SIDE_STYLE('',(#1281));
#1283=SURFACE_STYLE_USAGE(.BOTH.,#1282);
#1284=PRESENTATION_STYLE_ASSIGNMENT((#1283));
#1285=STYLED_ITEM('',(#1284),#1277);
#1286=ADVANCED_FACE('',(#5101),#5103,.T.);
#1287=COLOUR_RGB($,0.807843137254902,0.674509803921569,0.274509803921569);
#1288=FILL_AREA_STYLE_COLOUR($,#1287);
#1289=FILL_AREA_STYLE($,(#1288));
#1290=SURFACE_STYLE_FILL_AREA(#1289);
#1291=SURFACE_SIDE_STYLE('',(#1290));
#1292=SURFACE_STYLE_USAGE(.BOTH.,#1291);
#1293=PRESENTATION_STYLE_ASSIGNMENT((#1292));
#1294=STYLED_ITEM('',(#1293),#1286);
#1295=ADVANCED_FACE('',(#5108,#5110),#5112,.T.);
#1296=COLOUR_RGB($,0.709803921568627,0.713725490196078,0.709803921568627);
#1297=FILL_AREA_STYLE_COLOUR($,#1296);
#1298=FILL_AREA_STYLE($,(#1297));
#1299=SURFACE_STYLE_FILL_AREA(#1298);
#1300=SURFACE_SIDE_STYLE('',(#1299));
#1301=SURFACE_STYLE_USAGE(.BOTH.,#1300);
#1302=PRESENTATION_STYLE_ASSIGNMENT((#1301));
#1303=STYLED_ITEM('',(#1302),#1295);
#1304=ADVANCED_FACE('',(#5117,#5119),#5121,.F.);
#1305=COLOUR_RGB($,0.807843137254902,0.674509803921569,0.274509803921569);
#1306=FILL_AREA_STYLE_COLOUR($,#1305);
#1307=FILL_AREA_STYLE($,(#1306));
#1308=SURFACE_STYLE_FILL_AREA(#1307);
#1309=SURFACE_SIDE_STYLE('',(#1308));
#1310=SURFACE_STYLE_USAGE(.BOTH.,#1309);
#1311=PRESENTATION_STYLE_ASSIGNMENT((#1310));
#1312=STYLED_ITEM('',(#1311),#1304);
#1313=ADVANCED_FACE('',(#5126),#5128,.F.);
#1314=COLOUR_RGB($,0.709803921568627,0.713725490196078,0.709803921568627);
#1315=FILL_AREA_STYLE_COLOUR($,#1314);
#1316=FILL_AREA_STYLE($,(#1315));
#1317=SURFACE_STYLE_FILL_AREA(#1316);
#1318=SURFACE_SIDE_STYLE('',(#1317));
#1319=SURFACE_STYLE_USAGE(.BOTH.,#1318);
#1320=PRESENTATION_STYLE_ASSIGNMENT((#1319));
#1321=STYLED_ITEM('',(#1320),#1313);
#1322=ADVANCED_FACE('',(#5133),#5135,.F.);
#1323=COLOUR_RGB($,0.709803921568627,0.713725490196078,0.709803921568627);
#1324=FILL_AREA_STYLE_COLOUR($,#1323);
#1325=FILL_AREA_STYLE($,(#1324));
#1326=SURFACE_STYLE_FILL_AREA(#1325);
#1327=SURFACE_SIDE_STYLE('',(#1326));
#1328=SURFACE_STYLE_USAGE(.BOTH.,#1327);
#1329=PRESENTATION_STYLE_ASSIGNMENT((#1328));
#1330=STYLED_ITEM('',(#1329),#1322);
#1331=ADVANCED_FACE('',(#5140),#5142,.F.);
#1332=COLOUR_RGB($,0.709803921568627,0.713725490196078,0.709803921568627);
#1333=FILL_AREA_STYLE_COLOUR($,#1332);
#1334=FILL_AREA_STYLE($,(#1333));
#1335=SURFACE_STYLE_FILL_AREA(#1334);
#1336=SURFACE_SIDE_STYLE('',(#1335));
#1337=SURFACE_STYLE_USAGE(.BOTH.,#1336);
#1338=PRESENTATION_STYLE_ASSIGNMENT((#1337));
#1339=STYLED_ITEM('',(#1338),#1331);
#1340=ADVANCED_FACE('',(#5147),#5149,.F.);
#1341=COLOUR_RGB($,0.709803921568627,0.713725490196078,0.709803921568627);
#1342=FILL_AREA_STYLE_COLOUR($,#1341);
#1343=FILL_AREA_STYLE($,(#1342));
#1344=SURFACE_STYLE_FILL_AREA(#1343);
#1345=SURFACE_SIDE_STYLE('',(#1344));
#1346=SURFACE_STYLE_USAGE(.BOTH.,#1345);
#1347=PRESENTATION_STYLE_ASSIGNMENT((#1346));
#1348=STYLED_ITEM('',(#1347),#1340);
#1349=ADVANCED_FACE('',(#5154),#5156,.F.);
#1350=COLOUR_RGB($,0.709803921568627,0.713725490196078,0.709803921568627);
#1351=FILL_AREA_STYLE_COLOUR($,#1350);
#1352=FILL_AREA_STYLE($,(#1351));
#1353=SURFACE_STYLE_FILL_AREA(#1352);
#1354=SURFACE_SIDE_STYLE('',(#1353));
#1355=SURFACE_STYLE_USAGE(.BOTH.,#1354);
#1356=PRESENTATION_STYLE_ASSIGNMENT((#1355));
#1357=STYLED_ITEM('',(#1356),#1349);
#1358=ADVANCED_FACE('',(#5161),#5163,.F.);
#1359=COLOUR_RGB($,0.709803921568627,0.713725490196078,0.709803921568627);
#1360=FILL_AREA_STYLE_COLOUR($,#1359);
#1361=FILL_AREA_STYLE($,(#1360));
#1362=SURFACE_STYLE_FILL_AREA(#1361);
#1363=SURFACE_SIDE_STYLE('',(#1362));
#1364=SURFACE_STYLE_USAGE(.BOTH.,#1363);
#1365=PRESENTATION_STYLE_ASSIGNMENT((#1364));
#1366=STYLED_ITEM('',(#1365),#1358);
#1367=ADVANCED_FACE('',(#5168),#5170,.F.);
#1368=COLOUR_RGB($,0.709803921568627,0.713725490196078,0.709803921568627);
#1369=FILL_AREA_STYLE_COLOUR($,#1368);
#1370=FILL_AREA_STYLE($,(#1369));
#1371=SURFACE_STYLE_FILL_AREA(#1370);
#1372=SURFACE_SIDE_STYLE('',(#1371));
#1373=SURFACE_STYLE_USAGE(.BOTH.,#1372);
#1374=PRESENTATION_STYLE_ASSIGNMENT((#1373));
#1375=STYLED_ITEM('',(#1374),#1367);
#1376=ADVANCED_FACE('',(#5175),#5177,.F.);
#1377=COLOUR_RGB($,0.709803921568627,0.713725490196078,0.709803921568627);
#1378=FILL_AREA_STYLE_COLOUR($,#1377);
#1379=FILL_AREA_STYLE($,(#1378));
#1380=SURFACE_STYLE_FILL_AREA(#1379);
#1381=SURFACE_SIDE_STYLE('',(#1380));
#1382=SURFACE_STYLE_USAGE(.BOTH.,#1381);
#1383=PRESENTATION_STYLE_ASSIGNMENT((#1382));
#1384=STYLED_ITEM('',(#1383),#1376);
#1385=ADVANCED_FACE('',(#5182),#5184,.F.);
#1386=COLOUR_RGB($,0.709803921568627,0.713725490196078,0.709803921568627);
#1387=FILL_AREA_STYLE_COLOUR($,#1386);
#1388=FILL_AREA_STYLE($,(#1387));
#1389=SURFACE_STYLE_FILL_AREA(#1388);
#1390=SURFACE_SIDE_STYLE('',(#1389));
#1391=SURFACE_STYLE_USAGE(.BOTH.,#1390);
#1392=PRESENTATION_STYLE_ASSIGNMENT((#1391));
#1393=STYLED_ITEM('',(#1392),#1385);
#1394=ADVANCED_FACE('',(#5189),#5191,.F.);
#1395=COLOUR_RGB($,0.709803921568627,0.713725490196078,0.709803921568627);
#1396=FILL_AREA_STYLE_COLOUR($,#1395);
#1397=FILL_AREA_STYLE($,(#1396));
#1398=SURFACE_STYLE_FILL_AREA(#1397);
#1399=SURFACE_SIDE_STYLE('',(#1398));
#1400=SURFACE_STYLE_USAGE(.BOTH.,#1399);
#1401=PRESENTATION_STYLE_ASSIGNMENT((#1400));
#1402=STYLED_ITEM('',(#1401),#1394);
#1403=ADVANCED_FACE('',(#5196),#5198,.F.);
#1404=COLOUR_RGB($,0.709803921568627,0.713725490196078,0.709803921568627);
#1405=FILL_AREA_STYLE_COLOUR($,#1404);
#1406=FILL_AREA_STYLE($,(#1405));
#1407=SURFACE_STYLE_FILL_AREA(#1406);
#1408=SURFACE_SIDE_STYLE('',(#1407));
#1409=SURFACE_STYLE_USAGE(.BOTH.,#1408);
#1410=PRESENTATION_STYLE_ASSIGNMENT((#1409));
#1411=STYLED_ITEM('',(#1410),#1403);
#1412=ADVANCED_FACE('',(#5203),#5205,.F.);
#1413=COLOUR_RGB($,0.709803921568627,0.713725490196078,0.709803921568627);
#1414=FILL_AREA_STYLE_COLOUR($,#1413);
#1415=FILL_AREA_STYLE($,(#1414));
#1416=SURFACE_STYLE_FILL_AREA(#1415);
#1417=SURFACE_SIDE_STYLE('',(#1416));
#1418=SURFACE_STYLE_USAGE(.BOTH.,#1417);
#1419=PRESENTATION_STYLE_ASSIGNMENT((#1418));
#1420=STYLED_ITEM('',(#1419),#1412);
#1421=ADVANCED_FACE('',(#5210,#5212),#5214,.F.);
#1422=COLOUR_RGB($,0.807843137254902,0.674509803921569,0.274509803921569);
#1423=FILL_AREA_STYLE_COLOUR($,#1422);
#1424=FILL_AREA_STYLE($,(#1423));
#1425=SURFACE_STYLE_FILL_AREA(#1424);
#1426=SURFACE_SIDE_STYLE('',(#1425));
#1427=SURFACE_STYLE_USAGE(.BOTH.,#1426);
#1428=PRESENTATION_STYLE_ASSIGNMENT((#1427));
#1429=STYLED_ITEM('',(#1428),#1421);
#1430=ADVANCED_FACE('',(#5308,#5310),#5312,.T.);
#1431=COLOUR_RGB($,0.807843137254902,0.674509803921569,0.274509803921569);
#1432=FILL_AREA_STYLE_COLOUR($,#1431);
#1433=FILL_AREA_STYLE($,(#1432));
#1434=SURFACE_STYLE_FILL_AREA(#1433);
#1435=SURFACE_SIDE_STYLE('',(#1434));
#1436=SURFACE_STYLE_USAGE(.BOTH.,#1435);
#1437=PRESENTATION_STYLE_ASSIGNMENT((#1436));
#1438=STYLED_ITEM('',(#1437),#1430);
#1439=ADVANCED_FACE('',(#5317,#5319),#5321,.T.);
#1440=COLOUR_RGB($,0.807843137254902,0.674509803921569,0.274509803921569);
#1441=FILL_AREA_STYLE_COLOUR($,#1440);
#1442=FILL_AREA_STYLE($,(#1441));
#1443=SURFACE_STYLE_FILL_AREA(#1442);
#1444=SURFACE_SIDE_STYLE('',(#1443));
#1445=SURFACE_STYLE_USAGE(.BOTH.,#1444);
#1446=PRESENTATION_STYLE_ASSIGNMENT((#1445));
#1447=STYLED_ITEM('',(#1446),#1439);
#1448=ADVANCED_FACE('',(#5326),#5328,.T.);
#1449=COLOUR_RGB($,0.807843137254902,0.674509803921569,0.274509803921569);
#1450=FILL_AREA_STYLE_COLOUR($,#1449);
#1451=FILL_AREA_STYLE($,(#1450));
#1452=SURFACE_STYLE_FILL_AREA(#1451);
#1453=SURFACE_SIDE_STYLE('',(#1452));
#1454=SURFACE_STYLE_USAGE(.BOTH.,#1453);
#1455=PRESENTATION_STYLE_ASSIGNMENT((#1454));
#1456=STYLED_ITEM('',(#1455),#1448);
#1457=ADVANCED_FACE('',(#5333,#5335),#5337,.T.);
#1458=COLOUR_RGB($,0.709803921568627,0.713725490196078,0.709803921568627);
#1459=FILL_AREA_STYLE_COLOUR($,#1458);
#1460=FILL_AREA_STYLE($,(#1459));
#1461=SURFACE_STYLE_FILL_AREA(#1460);
#1462=SURFACE_SIDE_STYLE('',(#1461));
#1463=SURFACE_STYLE_USAGE(.BOTH.,#1462);
#1464=PRESENTATION_STYLE_ASSIGNMENT((#1463));
#1465=STYLED_ITEM('',(#1464),#1457);
#1466=ADVANCED_FACE('',(#5342,#5344),#5346,.F.);
#1467=COLOUR_RGB($,0.807843137254902,0.674509803921569,0.274509803921569);
#1468=FILL_AREA_STYLE_COLOUR($,#1467);
#1469=FILL_AREA_STYLE($,(#1468));
#1470=SURFACE_STYLE_FILL_AREA(#1469);
#1471=SURFACE_SIDE_STYLE('',(#1470));
#1472=SURFACE_STYLE_USAGE(.BOTH.,#1471);
#1473=PRESENTATION_STYLE_ASSIGNMENT((#1472));
#1474=STYLED_ITEM('',(#1473),#1466);
#1475=ADVANCED_FACE('',(#5351),#5353,.F.);
#1476=COLOUR_RGB($,0.709803921568627,0.713725490196078,0.709803921568627);
#1477=FILL_AREA_STYLE_COLOUR($,#1476);
#1478=FILL_AREA_STYLE($,(#1477));
#1479=SURFACE_STYLE_FILL_AREA(#1478);
#1480=SURFACE_SIDE_STYLE('',(#1479));
#1481=SURFACE_STYLE_USAGE(.BOTH.,#1480);
#1482=PRESENTATION_STYLE_ASSIGNMENT((#1481));
#1483=STYLED_ITEM('',(#1482),#1475);
#1484=ADVANCED_FACE('',(#5358),#5360,.F.);
#1485=COLOUR_RGB($,0.709803921568627,0.713725490196078,0.709803921568627);
#1486=FILL_AREA_STYLE_COLOUR($,#1485);
#1487=FILL_AREA_STYLE($,(#1486));
#1488=SURFACE_STYLE_FILL_AREA(#1487);
#1489=SURFACE_SIDE_STYLE('',(#1488));
#1490=SURFACE_STYLE_USAGE(.BOTH.,#1489);
#1491=PRESENTATION_STYLE_ASSIGNMENT((#1490));
#1492=STYLED_ITEM('',(#1491),#1484);
#1493=ADVANCED_FACE('',(#5365),#5367,.F.);
#1494=COLOUR_RGB($,0.709803921568627,0.713725490196078,0.709803921568627);
#1495=FILL_AREA_STYLE_COLOUR($,#1494);
#1496=FILL_AREA_STYLE($,(#1495));
#1497=SURFACE_STYLE_FILL_AREA(#1496);
#1498=SURFACE_SIDE_STYLE('',(#1497));
#1499=SURFACE_STYLE_USAGE(.BOTH.,#1498);
#1500=PRESENTATION_STYLE_ASSIGNMENT((#1499));
#1501=STYLED_ITEM('',(#1500),#1493);
#1502=ADVANCED_FACE('',(#5372),#5374,.F.);
#1503=COLOUR_RGB($,0.709803921568627,0.713725490196078,0.709803921568627);
#1504=FILL_AREA_STYLE_COLOUR($,#1503);
#1505=FILL_AREA_STYLE($,(#1504));
#1506=SURFACE_STYLE_FILL_AREA(#1505);
#1507=SURFACE_SIDE_STYLE('',(#1506));
#1508=SURFACE_STYLE_USAGE(.BOTH.,#1507);
#1509=PRESENTATION_STYLE_ASSIGNMENT((#1508));
#1510=STYLED_ITEM('',(#1509),#1502);
#1511=ADVANCED_FACE('',(#5379),#5381,.F.);
#1512=COLOUR_RGB($,0.709803921568627,0.713725490196078,0.709803921568627);
#1513=FILL_AREA_STYLE_COLOUR($,#1512);
#1514=FILL_AREA_STYLE($,(#1513));
#1515=SURFACE_STYLE_FILL_AREA(#1514);
#1516=SURFACE_SIDE_STYLE('',(#1515));
#1517=SURFACE_STYLE_USAGE(.BOTH.,#1516);
#1518=PRESENTATION_STYLE_ASSIGNMENT((#1517));
#1519=STYLED_ITEM('',(#1518),#1511);
#1520=ADVANCED_FACE('',(#5386),#5388,.F.);
#1521=COLOUR_RGB($,0.709803921568627,0.713725490196078,0.709803921568627);
#1522=FILL_AREA_STYLE_COLOUR($,#1521);
#1523=FILL_AREA_STYLE($,(#1522));
#1524=SURFACE_STYLE_FILL_AREA(#1523);
#1525=SURFACE_SIDE_STYLE('',(#1524));
#1526=SURFACE_STYLE_USAGE(.BOTH.,#1525);
#1527=PRESENTATION_STYLE_ASSIGNMENT((#1526));
#1528=STYLED_ITEM('',(#1527),#1520);
#1529=ADVANCED_FACE('',(#5393),#5395,.F.);
#1530=COLOUR_RGB($,0.709803921568627,0.713725490196078,0.709803921568627);
#1531=FILL_AREA_STYLE_COLOUR($,#1530);
#1532=FILL_AREA_STYLE($,(#1531));
#1533=SURFACE_STYLE_FILL_AREA(#1532);
#1534=SURFACE_SIDE_STYLE('',(#1533));
#1535=SURFACE_STYLE_USAGE(.BOTH.,#1534);
#1536=PRESENTATION_STYLE_ASSIGNMENT((#1535));
#1537=STYLED_ITEM('',(#1536),#1529);
#1538=ADVANCED_FACE('',(#5400),#5402,.F.);
#1539=COLOUR_RGB($,0.709803921568627,0.713725490196078,0.709803921568627);
#1540=FILL_AREA_STYLE_COLOUR($,#1539);
#1541=FILL_AREA_STYLE($,(#1540));
#1542=SURFACE_STYLE_FILL_AREA(#1541);
#1543=SURFACE_SIDE_STYLE('',(#1542));
#1544=SURFACE_STYLE_USAGE(.BOTH.,#1543);
#1545=PRESENTATION_STYLE_ASSIGNMENT((#1544));
#1546=STYLED_ITEM('',(#1545),#1538);
#1547=ADVANCED_FACE('',(#5407),#5409,.F.);
#1548=COLOUR_RGB($,0.709803921568627,0.713725490196078,0.709803921568627);
#1549=FILL_AREA_STYLE_COLOUR($,#1548);
#1550=FILL_AREA_STYLE($,(#1549));
#1551=SURFACE_STYLE_FILL_AREA(#1550);
#1552=SURFACE_SIDE_STYLE('',(#1551));
#1553=SURFACE_STYLE_USAGE(.BOTH.,#1552);
#1554=PRESENTATION_STYLE_ASSIGNMENT((#1553));
#1555=STYLED_ITEM('',(#1554),#1547);
#1556=ADVANCED_FACE('',(#5414),#5416,.F.);
#1557=COLOUR_RGB($,0.709803921568627,0.713725490196078,0.709803921568627);
#1558=FILL_AREA_STYLE_COLOUR($,#1557);
#1559=FILL_AREA_STYLE($,(#1558));
#1560=SURFACE_STYLE_FILL_AREA(#1559);
#1561=SURFACE_SIDE_STYLE('',(#1560));
#1562=SURFACE_STYLE_USAGE(.BOTH.,#1561);
#1563=PRESENTATION_STYLE_ASSIGNMENT((#1562));
#1564=STYLED_ITEM('',(#1563),#1556);
#1565=ADVANCED_FACE('',(#5421),#5423,.F.);
#1566=COLOUR_RGB($,0.709803921568627,0.713725490196078,0.709803921568627);
#1567=FILL_AREA_STYLE_COLOUR($,#1566);
#1568=FILL_AREA_STYLE($,(#1567));
#1569=SURFACE_STYLE_FILL_AREA(#1568);
#1570=SURFACE_SIDE_STYLE('',(#1569));
#1571=SURFACE_STYLE_USAGE(.BOTH.,#1570);
#1572=PRESENTATION_STYLE_ASSIGNMENT((#1571));
#1573=STYLED_ITEM('',(#1572),#1565);
#1574=ADVANCED_FACE('',(#5428),#5430,.F.);
#1575=COLOUR_RGB($,0.709803921568627,0.713725490196078,0.709803921568627);
#1576=FILL_AREA_STYLE_COLOUR($,#1575);
#1577=FILL_AREA_STYLE($,(#1576));
#1578=SURFACE_STYLE_FILL_AREA(#1577);
#1579=SURFACE_SIDE_STYLE('',(#1578));
#1580=SURFACE_STYLE_USAGE(.BOTH.,#1579);
#1581=PRESENTATION_STYLE_ASSIGNMENT((#1580));
#1582=STYLED_ITEM('',(#1581),#1574);
#1583=ADVANCED_FACE('',(#5435,#5437),#5439,.F.);
#1584=COLOUR_RGB($,0.807843137254902,0.674509803921569,0.274509803921569);
#1585=FILL_AREA_STYLE_COLOUR($,#1584);
#1586=FILL_AREA_STYLE($,(#1585));
#1587=SURFACE_STYLE_FILL_AREA(#1586);
#1588=SURFACE_SIDE_STYLE('',(#1587));
#1589=SURFACE_STYLE_USAGE(.BOTH.,#1588);
#1590=PRESENTATION_STYLE_ASSIGNMENT((#1589));
#1591=STYLED_ITEM('',(#1590),#1583);
#1592=ADVANCED_FACE('',(#5533,#5535),#5537,.T.);
#1593=COLOUR_RGB($,0.807843137254902,0.674509803921569,0.274509803921569);
#1594=FILL_AREA_STYLE_COLOUR($,#1593);
#1595=FILL_AREA_STYLE($,(#1594));
#1596=SURFACE_STYLE_FILL_AREA(#1595);
#1597=SURFACE_SIDE_STYLE('',(#1596));
#1598=SURFACE_STYLE_USAGE(.BOTH.,#1597);
#1599=PRESENTATION_STYLE_ASSIGNMENT((#1598));
#1600=STYLED_ITEM('',(#1599),#1592);
#1601=ADVANCED_FACE('',(#5542,#5544),#5546,.T.);
#1602=COLOUR_RGB($,0.807843137254902,0.674509803921569,0.274509803921569);
#1603=FILL_AREA_STYLE_COLOUR($,#1602);
#1604=FILL_AREA_STYLE($,(#1603));
#1605=SURFACE_STYLE_FILL_AREA(#1604);
#1606=SURFACE_SIDE_STYLE('',(#1605));
#1607=SURFACE_STYLE_USAGE(.BOTH.,#1606);
#1608=PRESENTATION_STYLE_ASSIGNMENT((#1607));
#1609=STYLED_ITEM('',(#1608),#1601);
#1610=ADVANCED_FACE('',(#5551),#5553,.T.);
#1611=COLOUR_RGB($,0.807843137254902,0.674509803921569,0.274509803921569);
#1612=FILL_AREA_STYLE_COLOUR($,#1611);
#1613=FILL_AREA_STYLE($,(#1612));
#1614=SURFACE_STYLE_FILL_AREA(#1613);
#1615=SURFACE_SIDE_STYLE('',(#1614));
#1616=SURFACE_STYLE_USAGE(.BOTH.,#1615);
#1617=PRESENTATION_STYLE_ASSIGNMENT((#1616));
#1618=STYLED_ITEM('',(#1617),#1610);
#1619=ADVANCED_FACE('',(#5558),#5560,.T.);
#1620=COLOUR_RGB($,0.807843137254902,0.674509803921569,0.274509803921569);
#1621=FILL_AREA_STYLE_COLOUR($,#1620);
#1622=FILL_AREA_STYLE($,(#1621));
#1623=SURFACE_STYLE_FILL_AREA(#1622);
#1624=SURFACE_SIDE_STYLE('',(#1623));
#1625=SURFACE_STYLE_USAGE(.BOTH.,#1624);
#1626=PRESENTATION_STYLE_ASSIGNMENT((#1625));
#1627=STYLED_ITEM('',(#1626),#1619);
#1628=ADVANCED_FACE('',(#5565,#5567),#5569,.T.);
#1629=COLOUR_RGB($,0.807843137254902,0.674509803921569,0.274509803921569);
#1630=FILL_AREA_STYLE_COLOUR($,#1629);
#1631=FILL_AREA_STYLE($,(#1630));
#1632=SURFACE_STYLE_FILL_AREA(#1631);
#1633=SURFACE_SIDE_STYLE('',(#1632));
#1634=SURFACE_STYLE_USAGE(.BOTH.,#1633);
#1635=PRESENTATION_STYLE_ASSIGNMENT((#1634));
#1636=STYLED_ITEM('',(#1635),#1628);
#1637=ADVANCED_FACE('',(#5574,#5576),#5578,.T.);
#1638=COLOUR_RGB($,0.807843137254902,0.674509803921569,0.274509803921569);
#1639=FILL_AREA_STYLE_COLOUR($,#1638);
#1640=FILL_AREA_STYLE($,(#1639));
#1641=SURFACE_STYLE_FILL_AREA(#1640);
#1642=SURFACE_SIDE_STYLE('',(#1641));
#1643=SURFACE_STYLE_USAGE(.BOTH.,#1642);
#1644=PRESENTATION_STYLE_ASSIGNMENT((#1643));
#1645=STYLED_ITEM('',(#1644),#1637);
#1646=ADVANCED_FACE('',(#5583,#5585),#5587,.F.);
#1647=COLOUR_RGB($,0.807843137254902,0.674509803921569,0.274509803921569);
#1648=FILL_AREA_STYLE_COLOUR($,#1647);
#1649=FILL_AREA_STYLE($,(#1648));
#1650=SURFACE_STYLE_FILL_AREA(#1649);
#1651=SURFACE_SIDE_STYLE('',(#1650));
#1652=SURFACE_STYLE_USAGE(.BOTH.,#1651);
#1653=PRESENTATION_STYLE_ASSIGNMENT((#1652));
#1654=STYLED_ITEM('',(#1653),#1646);
#1655=ADVANCED_FACE('',(#5681,#5683),#5685,.F.);
#1656=COLOUR_RGB($,0.807843137254902,0.674509803921569,0.274509803921569);
#1657=FILL_AREA_STYLE_COLOUR($,#1656);
#1658=FILL_AREA_STYLE($,(#1657));
#1659=SURFACE_STYLE_FILL_AREA(#1658);
#1660=SURFACE_SIDE_STYLE('',(#1659));
#1661=SURFACE_STYLE_USAGE(.BOTH.,#1660);
#1662=PRESENTATION_STYLE_ASSIGNMENT((#1661));
#1663=STYLED_ITEM('',(#1662),#1655);
#1664=ADVANCED_FACE('',(#5690,#5692),#5694,.T.);
#1665=COLOUR_RGB($,0.709803921568627,0.713725490196078,0.709803921568627);
#1666=FILL_AREA_STYLE_COLOUR($,#1665);
#1667=FILL_AREA_STYLE($,(#1666));
#1668=SURFACE_STYLE_FILL_AREA(#1667);
#1669=SURFACE_SIDE_STYLE('',(#1668));
#1670=SURFACE_STYLE_USAGE(.BOTH.,#1669);
#1671=PRESENTATION_STYLE_ASSIGNMENT((#1670));
#1672=STYLED_ITEM('',(#1671),#1664);
#1673=ADVANCED_FACE('',(#5699),#5701,.F.);
#1674=COLOUR_RGB($,0.709803921568627,0.713725490196078,0.709803921568627);
#1675=FILL_AREA_STYLE_COLOUR($,#1674);
#1676=FILL_AREA_STYLE($,(#1675));
#1677=SURFACE_STYLE_FILL_AREA(#1676);
#1678=SURFACE_SIDE_STYLE('',(#1677));
#1679=SURFACE_STYLE_USAGE(.BOTH.,#1678);
#1680=PRESENTATION_STYLE_ASSIGNMENT((#1679));
#1681=STYLED_ITEM('',(#1680),#1673);
#1682=ADVANCED_FACE('',(#5706),#5708,.F.);
#1683=COLOUR_RGB($,0.709803921568627,0.713725490196078,0.709803921568627);
#1684=FILL_AREA_STYLE_COLOUR($,#1683);
#1685=FILL_AREA_STYLE($,(#1684));
#1686=SURFACE_STYLE_FILL_AREA(#1685);
#1687=SURFACE_SIDE_STYLE('',(#1686));
#1688=SURFACE_STYLE_USAGE(.BOTH.,#1687);
#1689=PRESENTATION_STYLE_ASSIGNMENT((#1688));
#1690=STYLED_ITEM('',(#1689),#1682);
#1691=ADVANCED_FACE('',(#5713),#5715,.F.);
#1692=COLOUR_RGB($,0.709803921568627,0.713725490196078,0.709803921568627);
#1693=FILL_AREA_STYLE_COLOUR($,#1692);
#1694=FILL_AREA_STYLE($,(#1693));
#1695=SURFACE_STYLE_FILL_AREA(#1694);
#1696=SURFACE_SIDE_STYLE('',(#1695));
#1697=SURFACE_STYLE_USAGE(.BOTH.,#1696);
#1698=PRESENTATION_STYLE_ASSIGNMENT((#1697));
#1699=STYLED_ITEM('',(#1698),#1691);
#1700=ADVANCED_FACE('',(#5720),#5722,.F.);
#1701=COLOUR_RGB($,0.709803921568627,0.713725490196078,0.709803921568627);
#1702=FILL_AREA_STYLE_COLOUR($,#1701);
#1703=FILL_AREA_STYLE($,(#1702));
#1704=SURFACE_STYLE_FILL_AREA(#1703);
#1705=SURFACE_SIDE_STYLE('',(#1704));
#1706=SURFACE_STYLE_USAGE(.BOTH.,#1705);
#1707=PRESENTATION_STYLE_ASSIGNMENT((#1706));
#1708=STYLED_ITEM('',(#1707),#1700);
#1709=ADVANCED_FACE('',(#5727),#5729,.F.);
#1710=COLOUR_RGB($,0.709803921568627,0.713725490196078,0.709803921568627);
#1711=FILL_AREA_STYLE_COLOUR($,#1710);
#1712=FILL_AREA_STYLE($,(#1711));
#1713=SURFACE_STYLE_FILL_AREA(#1712);
#1714=SURFACE_SIDE_STYLE('',(#1713));
#1715=SURFACE_STYLE_USAGE(.BOTH.,#1714);
#1716=PRESENTATION_STYLE_ASSIGNMENT((#1715));
#1717=STYLED_ITEM('',(#1716),#1709);
#1718=ADVANCED_FACE('',(#5734),#5736,.F.);
#1719=COLOUR_RGB($,0.709803921568627,0.713725490196078,0.709803921568627);
#1720=FILL_AREA_STYLE_COLOUR($,#1719);
#1721=FILL_AREA_STYLE($,(#1720));
#1722=SURFACE_STYLE_FILL_AREA(#1721);
#1723=SURFACE_SIDE_STYLE('',(#1722));
#1724=SURFACE_STYLE_USAGE(.BOTH.,#1723);
#1725=PRESENTATION_STYLE_ASSIGNMENT((#1724));
#1726=STYLED_ITEM('',(#1725),#1718);
#1727=ADVANCED_FACE('',(#5741),#5743,.F.);
#1728=COLOUR_RGB($,0.709803921568627,0.713725490196078,0.709803921568627);
#1729=FILL_AREA_STYLE_COLOUR($,#1728);
#1730=FILL_AREA_STYLE($,(#1729));
#1731=SURFACE_STYLE_FILL_AREA(#1730);
#1732=SURFACE_SIDE_STYLE('',(#1731));
#1733=SURFACE_STYLE_USAGE(.BOTH.,#1732);
#1734=PRESENTATION_STYLE_ASSIGNMENT((#1733));
#1735=STYLED_ITEM('',(#1734),#1727);
#1736=ADVANCED_FACE('',(#5748),#5750,.F.);
#1737=COLOUR_RGB($,0.709803921568627,0.713725490196078,0.709803921568627);
#1738=FILL_AREA_STYLE_COLOUR($,#1737);
#1739=FILL_AREA_STYLE($,(#1738));
#1740=SURFACE_STYLE_FILL_AREA(#1739);
#1741=SURFACE_SIDE_STYLE('',(#1740));
#1742=SURFACE_STYLE_USAGE(.BOTH.,#1741);
#1743=PRESENTATION_STYLE_ASSIGNMENT((#1742));
#1744=STYLED_ITEM('',(#1743),#1736);
#1745=ADVANCED_FACE('',(#5755),#5757,.F.);
#1746=COLOUR_RGB($,0.709803921568627,0.713725490196078,0.709803921568627);
#1747=FILL_AREA_STYLE_COLOUR($,#1746);
#1748=FILL_AREA_STYLE($,(#1747));
#1749=SURFACE_STYLE_FILL_AREA(#1748);
#1750=SURFACE_SIDE_STYLE('',(#1749));
#1751=SURFACE_STYLE_USAGE(.BOTH.,#1750);
#1752=PRESENTATION_STYLE_ASSIGNMENT((#1751));
#1753=STYLED_ITEM('',(#1752),#1745);
#1754=ADVANCED_FACE('',(#5762),#5764,.F.);
#1755=COLOUR_RGB($,0.709803921568627,0.713725490196078,0.709803921568627);
#1756=FILL_AREA_STYLE_COLOUR($,#1755);
#1757=FILL_AREA_STYLE($,(#1756));
#1758=SURFACE_STYLE_FILL_AREA(#1757);
#1759=SURFACE_SIDE_STYLE('',(#1758));
#1760=SURFACE_STYLE_USAGE(.BOTH.,#1759);
#1761=PRESENTATION_STYLE_ASSIGNMENT((#1760));
#1762=STYLED_ITEM('',(#1761),#1754);
#1763=ADVANCED_FACE('',(#5769),#5771,.F.);
#1764=COLOUR_RGB($,0.709803921568627,0.713725490196078,0.709803921568627);
#1765=FILL_AREA_STYLE_COLOUR($,#1764);
#1766=FILL_AREA_STYLE($,(#1765));
#1767=SURFACE_STYLE_FILL_AREA(#1766);
#1768=SURFACE_SIDE_STYLE('',(#1767));
#1769=SURFACE_STYLE_USAGE(.BOTH.,#1768);
#1770=PRESENTATION_STYLE_ASSIGNMENT((#1769));
#1771=STYLED_ITEM('',(#1770),#1763);
#1772=ADVANCED_FACE('',(#5776),#5778,.F.);
#1773=COLOUR_RGB($,0.709803921568627,0.713725490196078,0.709803921568627);
#1774=FILL_AREA_STYLE_COLOUR($,#1773);
#1775=FILL_AREA_STYLE($,(#1774));
#1776=SURFACE_STYLE_FILL_AREA(#1775);
#1777=SURFACE_SIDE_STYLE('',(#1776));
#1778=SURFACE_STYLE_USAGE(.BOTH.,#1777);
#1779=PRESENTATION_STYLE_ASSIGNMENT((#1778));
#1780=STYLED_ITEM('',(#1779),#1772);
#1781=ADVANCED_FACE('',(#5783),#5785,.T.);
#1782=COLOUR_RGB($,0.862745098039216,0.862745098039216,0.862745098039216);
#1783=FILL_AREA_STYLE_COLOUR($,#1782);
#1784=FILL_AREA_STYLE($,(#1783));
#1785=SURFACE_STYLE_FILL_AREA(#1784);
#1786=SURFACE_SIDE_STYLE('',(#1785));
#1787=SURFACE_STYLE_USAGE(.BOTH.,#1786);
#1788=PRESENTATION_STYLE_ASSIGNMENT((#1787));
#1789=STYLED_ITEM('',(#1788),#1781);
#1790=ADVANCED_FACE('',(#5790),#5792,.F.);
#1791=COLOUR_RGB($,0.862745098039216,0.862745098039216,0.862745098039216);
#1792=FILL_AREA_STYLE_COLOUR($,#1791);
#1793=FILL_AREA_STYLE($,(#1792));
#1794=SURFACE_STYLE_FILL_AREA(#1793);
#1795=SURFACE_SIDE_STYLE('',(#1794));
#1796=SURFACE_STYLE_USAGE(.BOTH.,#1795);
#1797=PRESENTATION_STYLE_ASSIGNMENT((#1796));
#1798=STYLED_ITEM('',(#1797),#1790);
#1799=ADVANCED_FACE('',(#5797),#5799,.F.);
#1800=COLOUR_RGB($,0.862745098039216,0.862745098039216,0.862745098039216);
#1801=FILL_AREA_STYLE_COLOUR($,#1800);
#1802=FILL_AREA_STYLE($,(#1801));
#1803=SURFACE_STYLE_FILL_AREA(#1802);
#1804=SURFACE_SIDE_STYLE('',(#1803));
#1805=SURFACE_STYLE_USAGE(.BOTH.,#1804);
#1806=PRESENTATION_STYLE_ASSIGNMENT((#1805));
#1807=STYLED_ITEM('',(#1806),#1799);
#1808=ADVANCED_FACE('',(#5804),#5806,.F.);
#1809=COLOUR_RGB($,0.862745098039216,0.862745098039216,0.862745098039216);
#1810=FILL_AREA_STYLE_COLOUR($,#1809);
#1811=FILL_AREA_STYLE($,(#1810));
#1812=SURFACE_STYLE_FILL_AREA(#1811);
#1813=SURFACE_SIDE_STYLE('',(#1812));
#1814=SURFACE_STYLE_USAGE(.BOTH.,#1813);
#1815=PRESENTATION_STYLE_ASSIGNMENT((#1814));
#1816=STYLED_ITEM('',(#1815),#1808);
#1817=ADVANCED_FACE('',(#5811,#5813,#5815),#5817,.T.);
#1818=COLOUR_RGB($,0.862745098039216,0.862745098039216,0.862745098039216);
#1819=FILL_AREA_STYLE_COLOUR($,#1818);
#1820=FILL_AREA_STYLE($,(#1819));
#1821=SURFACE_STYLE_FILL_AREA(#1820);
#1822=SURFACE_SIDE_STYLE('',(#1821));
#1823=SURFACE_STYLE_USAGE(.BOTH.,#1822);
#1824=PRESENTATION_STYLE_ASSIGNMENT((#1823));
#1825=STYLED_ITEM('',(#1824),#1817);
#1826=ADVANCED_FACE('',(#5822),#5824,.T.);
#1827=COLOUR_RGB($,0.862745098039216,0.862745098039216,0.862745098039216);
#1828=FILL_AREA_STYLE_COLOUR($,#1827);
#1829=FILL_AREA_STYLE($,(#1828));
#1830=SURFACE_STYLE_FILL_AREA(#1829);
#1831=SURFACE_SIDE_STYLE('',(#1830));
#1832=SURFACE_STYLE_USAGE(.BOTH.,#1831);
#1833=PRESENTATION_STYLE_ASSIGNMENT((#1832));
#1834=STYLED_ITEM('',(#1833),#1826);
#1835=ADVANCED_FACE('',(#5829),#5831,.F.);
#1836=COLOUR_RGB($,0.862745098039216,0.862745098039216,0.862745098039216);
#1837=FILL_AREA_STYLE_COLOUR($,#1836);
#1838=FILL_AREA_STYLE($,(#1837));
#1839=SURFACE_STYLE_FILL_AREA(#1838);
#1840=SURFACE_SIDE_STYLE('',(#1839));
#1841=SURFACE_STYLE_USAGE(.BOTH.,#1840);
#1842=PRESENTATION_STYLE_ASSIGNMENT((#1841));
#1843=STYLED_ITEM('',(#1842),#1835);
#1844=ADVANCED_FACE('',(#5836),#5838,.F.);
#1845=COLOUR_RGB($,0.862745098039216,0.862745098039216,0.862745098039216);
#1846=FILL_AREA_STYLE_COLOUR($,#1845);
#1847=FILL_AREA_STYLE($,(#1846));
#1848=SURFACE_STYLE_FILL_AREA(#1847);
#1849=SURFACE_SIDE_STYLE('',(#1848));
#1850=SURFACE_STYLE_USAGE(.BOTH.,#1849);
#1851=PRESENTATION_STYLE_ASSIGNMENT((#1850));
#1852=STYLED_ITEM('',(#1851),#1844);
#1853=ADVANCED_FACE('',(#5843),#5845,.T.);
#1854=COLOUR_RGB($,0.862745098039216,0.862745098039216,0.862745098039216);
#1855=FILL_AREA_STYLE_COLOUR($,#1854);
#1856=FILL_AREA_STYLE($,(#1855));
#1857=SURFACE_STYLE_FILL_AREA(#1856);
#1858=SURFACE_SIDE_STYLE('',(#1857));
#1859=SURFACE_STYLE_USAGE(.BOTH.,#1858);
#1860=PRESENTATION_STYLE_ASSIGNMENT((#1859));
#1861=STYLED_ITEM('',(#1860),#1853);
#1862=ADVANCED_FACE('',(#5850),#5852,.T.);
#1863=COLOUR_RGB($,0.862745098039216,0.862745098039216,0.862745098039216);
#1864=FILL_AREA_STYLE_COLOUR($,#1863);
#1865=FILL_AREA_STYLE($,(#1864));
#1866=SURFACE_STYLE_FILL_AREA(#1865);
#1867=SURFACE_SIDE_STYLE('',(#1866));
#1868=SURFACE_STYLE_USAGE(.BOTH.,#1867);
#1869=PRESENTATION_STYLE_ASSIGNMENT((#1868));
#1870=STYLED_ITEM('',(#1869),#1862);
#1871=ADVANCED_FACE('',(#5857),#5859,.T.);
#1872=COLOUR_RGB($,0.862745098039216,0.862745098039216,0.862745098039216);
#1873=FILL_AREA_STYLE_COLOUR($,#1872);
#1874=FILL_AREA_STYLE($,(#1873));
#1875=SURFACE_STYLE_FILL_AREA(#1874);
#1876=SURFACE_SIDE_STYLE('',(#1875));
#1877=SURFACE_STYLE_USAGE(.BOTH.,#1876);
#1878=PRESENTATION_STYLE_ASSIGNMENT((#1877));
#1879=STYLED_ITEM('',(#1878),#1871);
#1880=ADVANCED_FACE('',(#5864),#5866,.F.);
#1881=COLOUR_RGB($,0.862745098039216,0.862745098039216,0.862745098039216);
#1882=FILL_AREA_STYLE_COLOUR($,#1881);
#1883=FILL_AREA_STYLE($,(#1882));
#1884=SURFACE_STYLE_FILL_AREA(#1883);
#1885=SURFACE_SIDE_STYLE('',(#1884));
#1886=SURFACE_STYLE_USAGE(.BOTH.,#1885);
#1887=PRESENTATION_STYLE_ASSIGNMENT((#1886));
#1888=STYLED_ITEM('',(#1887),#1880);
#1889=ADVANCED_FACE('',(#5871),#5873,.T.);
#1890=COLOUR_RGB($,0.862745098039216,0.862745098039216,0.862745098039216);
#1891=FILL_AREA_STYLE_COLOUR($,#1890);
#1892=FILL_AREA_STYLE($,(#1891));
#1893=SURFACE_STYLE_FILL_AREA(#1892);
#1894=SURFACE_SIDE_STYLE('',(#1893));
#1895=SURFACE_STYLE_USAGE(.BOTH.,#1894);
#1896=PRESENTATION_STYLE_ASSIGNMENT((#1895));
#1897=STYLED_ITEM('',(#1896),#1889);
#1898=ADVANCED_FACE('',(#5878),#5880,.F.);
#1899=COLOUR_RGB($,0.862745098039216,0.862745098039216,0.862745098039216);
#1900=FILL_AREA_STYLE_COLOUR($,#1899);
#1901=FILL_AREA_STYLE($,(#1900));
#1902=SURFACE_STYLE_FILL_AREA(#1901);
#1903=SURFACE_SIDE_STYLE('',(#1902));
#1904=SURFACE_STYLE_USAGE(.BOTH.,#1903);
#1905=PRESENTATION_STYLE_ASSIGNMENT((#1904));
#1906=STYLED_ITEM('',(#1905),#1898);
#1907=ADVANCED_FACE('',(#5885),#5887,.F.);
#1908=COLOUR_RGB($,0.862745098039216,0.862745098039216,0.862745098039216);
#1909=FILL_AREA_STYLE_COLOUR($,#1908);
#1910=FILL_AREA_STYLE($,(#1909));
#1911=SURFACE_STYLE_FILL_AREA(#1910);
#1912=SURFACE_SIDE_STYLE('',(#1911));
#1913=SURFACE_STYLE_USAGE(.BOTH.,#1912);
#1914=PRESENTATION_STYLE_ASSIGNMENT((#1913));
#1915=STYLED_ITEM('',(#1914),#1907);
#1916=ADVANCED_FACE('',(#5892),#5894,.F.);
#1917=COLOUR_RGB($,0.862745098039216,0.862745098039216,0.862745098039216);
#1918=FILL_AREA_STYLE_COLOUR($,#1917);
#1919=FILL_AREA_STYLE($,(#1918));
#1920=SURFACE_STYLE_FILL_AREA(#1919);
#1921=SURFACE_SIDE_STYLE('',(#1920));
#1922=SURFACE_STYLE_USAGE(.BOTH.,#1921);
#1923=PRESENTATION_STYLE_ASSIGNMENT((#1922));
#1924=STYLED_ITEM('',(#1923),#1916);
#1925=ADVANCED_FACE('',(#5899),#5901,.F.);
#1926=COLOUR_RGB($,0.862745098039216,0.862745098039216,0.862745098039216);
#1927=FILL_AREA_STYLE_COLOUR($,#1926);
#1928=FILL_AREA_STYLE($,(#1927));
#1929=SURFACE_STYLE_FILL_AREA(#1928);
#1930=SURFACE_SIDE_STYLE('',(#1929));
#1931=SURFACE_STYLE_USAGE(.BOTH.,#1930);
#1932=PRESENTATION_STYLE_ASSIGNMENT((#1931));
#1933=STYLED_ITEM('',(#1932),#1925);
#1934=ADVANCED_FACE('',(#5906),#5908,.F.);
#1935=COLOUR_RGB($,0.862745098039216,0.862745098039216,0.862745098039216);
#1936=FILL_AREA_STYLE_COLOUR($,#1935);
#1937=FILL_AREA_STYLE($,(#1936));
#1938=SURFACE_STYLE_FILL_AREA(#1937);
#1939=SURFACE_SIDE_STYLE('',(#1938));
#1940=SURFACE_STYLE_USAGE(.BOTH.,#1939);
#1941=PRESENTATION_STYLE_ASSIGNMENT((#1940));
#1942=STYLED_ITEM('',(#1941),#1934);
#1943=ADVANCED_FACE('',(#5913),#5915,.T.);
#1944=COLOUR_RGB($,0.862745098039216,0.862745098039216,0.862745098039216);
#1945=FILL_AREA_STYLE_COLOUR($,#1944);
#1946=FILL_AREA_STYLE($,(#1945));
#1947=SURFACE_STYLE_FILL_AREA(#1946);
#1948=SURFACE_SIDE_STYLE('',(#1947));
#1949=SURFACE_STYLE_USAGE(.BOTH.,#1948);
#1950=PRESENTATION_STYLE_ASSIGNMENT((#1949));
#1951=STYLED_ITEM('',(#1950),#1943);
#1952=ADVANCED_FACE('',(#5920),#5922,.F.);
#1953=COLOUR_RGB($,0.862745098039216,0.862745098039216,0.862745098039216);
#1954=FILL_AREA_STYLE_COLOUR($,#1953);
#1955=FILL_AREA_STYLE($,(#1954));
#1956=SURFACE_STYLE_FILL_AREA(#1955);
#1957=SURFACE_SIDE_STYLE('',(#1956));
#1958=SURFACE_STYLE_USAGE(.BOTH.,#1957);
#1959=PRESENTATION_STYLE_ASSIGNMENT((#1958));
#1960=STYLED_ITEM('',(#1959),#1952);
#1961=ADVANCED_FACE('',(#5927),#5929,.F.);
#1962=COLOUR_RGB($,0.862745098039216,0.862745098039216,0.862745098039216);
#1963=FILL_AREA_STYLE_COLOUR($,#1962);
#1964=FILL_AREA_STYLE($,(#1963));
#1965=SURFACE_STYLE_FILL_AREA(#1964);
#1966=SURFACE_SIDE_STYLE('',(#1965));
#1967=SURFACE_STYLE_USAGE(.BOTH.,#1966);
#1968=PRESENTATION_STYLE_ASSIGNMENT((#1967));
#1969=STYLED_ITEM('',(#1968),#1961);
#1970=ADVANCED_FACE('',(#5934,#5936),#5938,.T.);
#1971=COLOUR_RGB($,0.862745098039216,0.862745098039216,0.862745098039216);
#1972=FILL_AREA_STYLE_COLOUR($,#1971);
#1973=FILL_AREA_STYLE($,(#1972));
#1974=SURFACE_STYLE_FILL_AREA(#1973);
#1975=SURFACE_SIDE_STYLE('',(#1974));
#1976=SURFACE_STYLE_USAGE(.BOTH.,#1975);
#1977=PRESENTATION_STYLE_ASSIGNMENT((#1976));
#1978=STYLED_ITEM('',(#1977),#1970);
#1979=ADVANCED_FACE('',(#5943,#5945),#5947,.T.);
#1980=COLOUR_RGB($,0.862745098039216,0.862745098039216,0.862745098039216);
#1981=FILL_AREA_STYLE_COLOUR($,#1980);
#1982=FILL_AREA_STYLE($,(#1981));
#1983=SURFACE_STYLE_FILL_AREA(#1982);
#1984=SURFACE_SIDE_STYLE('',(#1983));
#1985=SURFACE_STYLE_USAGE(.BOTH.,#1984);
#1986=PRESENTATION_STYLE_ASSIGNMENT((#1985));
#1987=STYLED_ITEM('',(#1986),#1979);
#1988=ADVANCED_FACE('',(#5952),#5954,.T.);
#1989=COLOUR_RGB($,0.862745098039216,0.862745098039216,0.862745098039216);
#1990=FILL_AREA_STYLE_COLOUR($,#1989);
#1991=FILL_AREA_STYLE($,(#1990));
#1992=SURFACE_STYLE_FILL_AREA(#1991);
#1993=SURFACE_SIDE_STYLE('',(#1992));
#1994=SURFACE_STYLE_USAGE(.BOTH.,#1993);
#1995=PRESENTATION_STYLE_ASSIGNMENT((#1994));
#1996=STYLED_ITEM('',(#1995),#1988);
#1997=ADVANCED_FACE('',(#5959),#5961,.T.);
#1998=COLOUR_RGB($,0.862745098039216,0.862745098039216,0.862745098039216);
#1999=FILL_AREA_STYLE_COLOUR($,#1998);
#2000=FILL_AREA_STYLE($,(#1999));
#2001=SURFACE_STYLE_FILL_AREA(#2000);
#2002=SURFACE_SIDE_STYLE('',(#2001));
#2003=SURFACE_STYLE_USAGE(.BOTH.,#2002);
#2004=PRESENTATION_STYLE_ASSIGNMENT((#2003));
#2005=STYLED_ITEM('',(#2004),#1997);
#2006=ADVANCED_FACE('',(#5966),#5968,.T.);
#2007=COLOUR_RGB($,0.862745098039216,0.862745098039216,0.862745098039216);
#2008=FILL_AREA_STYLE_COLOUR($,#2007);
#2009=FILL_AREA_STYLE($,(#2008));
#2010=SURFACE_STYLE_FILL_AREA(#2009);
#2011=SURFACE_SIDE_STYLE('',(#2010));
#2012=SURFACE_STYLE_USAGE(.BOTH.,#2011);
#2013=PRESENTATION_STYLE_ASSIGNMENT((#2012));
#2014=STYLED_ITEM('',(#2013),#2006);
#2015=ADVANCED_FACE('',(#5973,#5975,#5977),#5979,.T.);
#2016=COLOUR_RGB($,0.862745098039216,0.862745098039216,0.862745098039216);
#2017=FILL_AREA_STYLE_COLOUR($,#2016);
#2018=FILL_AREA_STYLE($,(#2017));
#2019=SURFACE_STYLE_FILL_AREA(#2018);
#2020=SURFACE_SIDE_STYLE('',(#2019));
#2021=SURFACE_STYLE_USAGE(.BOTH.,#2020);
#2022=PRESENTATION_STYLE_ASSIGNMENT((#2021));
#2023=STYLED_ITEM('',(#2022),#2015);
#2024=ADVANCED_FACE('',(#5984),#5986,.F.);
#2025=COLOUR_RGB($,0.862745098039216,0.862745098039216,0.862745098039216);
#2026=FILL_AREA_STYLE_COLOUR($,#2025);
#2027=FILL_AREA_STYLE($,(#2026));
#2028=SURFACE_STYLE_FILL_AREA(#2027);
#2029=SURFACE_SIDE_STYLE('',(#2028));
#2030=SURFACE_STYLE_USAGE(.BOTH.,#2029);
#2031=PRESENTATION_STYLE_ASSIGNMENT((#2030));
#2032=STYLED_ITEM('',(#2031),#2024);
#2033=ADVANCED_FACE('',(#5991),#5993,.F.);
#2034=COLOUR_RGB($,0.862745098039216,0.862745098039216,0.862745098039216);
#2035=FILL_AREA_STYLE_COLOUR($,#2034);
#2036=FILL_AREA_STYLE($,(#2035));
#2037=SURFACE_STYLE_FILL_AREA(#2036);
#2038=SURFACE_SIDE_STYLE('',(#2037));
#2039=SURFACE_STYLE_USAGE(.BOTH.,#2038);
#2040=PRESENTATION_STYLE_ASSIGNMENT((#2039));
#2041=STYLED_ITEM('',(#2040),#2033);
#2042=ADVANCED_FACE('',(#5998),#6000,.F.);
#2043=COLOUR_RGB($,0.862745098039216,0.862745098039216,0.862745098039216);
#2044=FILL_AREA_STYLE_COLOUR($,#2043);
#2045=FILL_AREA_STYLE($,(#2044));
#2046=SURFACE_STYLE_FILL_AREA(#2045);
#2047=SURFACE_SIDE_STYLE('',(#2046));
#2048=SURFACE_STYLE_USAGE(.BOTH.,#2047);
#2049=PRESENTATION_STYLE_ASSIGNMENT((#2048));
#2050=STYLED_ITEM('',(#2049),#2042);
#2051=ADVANCED_FACE('',(#6005),#6007,.F.);
#2052=COLOUR_RGB($,0.862745098039216,0.862745098039216,0.862745098039216);
#2053=FILL_AREA_STYLE_COLOUR($,#2052);
#2054=FILL_AREA_STYLE($,(#2053));
#2055=SURFACE_STYLE_FILL_AREA(#2054);
#2056=SURFACE_SIDE_STYLE('',(#2055));
#2057=SURFACE_STYLE_USAGE(.BOTH.,#2056);
#2058=PRESENTATION_STYLE_ASSIGNMENT((#2057));
#2059=STYLED_ITEM('',(#2058),#2051);
#2060=ADVANCED_FACE('',(#6012),#6014,.F.);
#2061=COLOUR_RGB($,0.862745098039216,0.862745098039216,0.862745098039216);
#2062=FILL_AREA_STYLE_COLOUR($,#2061);
#2063=FILL_AREA_STYLE($,(#2062));
#2064=SURFACE_STYLE_FILL_AREA(#2063);
#2065=SURFACE_SIDE_STYLE('',(#2064));
#2066=SURFACE_STYLE_USAGE(.BOTH.,#2065);
#2067=PRESENTATION_STYLE_ASSIGNMENT((#2066));
#2068=STYLED_ITEM('',(#2067),#2060);
#2069=ADVANCED_FACE('',(#6019),#6021,.F.);
#2070=COLOUR_RGB($,0.862745098039216,0.862745098039216,0.862745098039216);
#2071=FILL_AREA_STYLE_COLOUR($,#2070);
#2072=FILL_AREA_STYLE($,(#2071));
#2073=SURFACE_STYLE_FILL_AREA(#2072);
#2074=SURFACE_SIDE_STYLE('',(#2073));
#2075=SURFACE_STYLE_USAGE(.BOTH.,#2074);
#2076=PRESENTATION_STYLE_ASSIGNMENT((#2075));
#2077=STYLED_ITEM('',(#2076),#2069);
#2078=ADVANCED_FACE('',(#6026),#6028,.F.);
#2079=COLOUR_RGB($,0.862745098039216,0.862745098039216,0.862745098039216);
#2080=FILL_AREA_STYLE_COLOUR($,#2079);
#2081=FILL_AREA_STYLE($,(#2080));
#2082=SURFACE_STYLE_FILL_AREA(#2081);
#2083=SURFACE_SIDE_STYLE('',(#2082));
#2084=SURFACE_STYLE_USAGE(.BOTH.,#2083);
#2085=PRESENTATION_STYLE_ASSIGNMENT((#2084));
#2086=STYLED_ITEM('',(#2085),#2078);
#2087=ADVANCED_FACE('',(#6033),#6035,.F.);
#2088=COLOUR_RGB($,0.862745098039216,0.862745098039216,0.862745098039216);
#2089=FILL_AREA_STYLE_COLOUR($,#2088);
#2090=FILL_AREA_STYLE($,(#2089));
#2091=SURFACE_STYLE_FILL_AREA(#2090);
#2092=SURFACE_SIDE_STYLE('',(#2091));
#2093=SURFACE_STYLE_USAGE(.BOTH.,#2092);
#2094=PRESENTATION_STYLE_ASSIGNMENT((#2093));
#2095=STYLED_ITEM('',(#2094),#2087);
#2096=ADVANCED_FACE('',(#6040),#6042,.F.);
#2097=COLOUR_RGB($,0.862745098039216,0.862745098039216,0.862745098039216);
#2098=FILL_AREA_STYLE_COLOUR($,#2097);
#2099=FILL_AREA_STYLE($,(#2098));
#2100=SURFACE_STYLE_FILL_AREA(#2099);
#2101=SURFACE_SIDE_STYLE('',(#2100));
#2102=SURFACE_STYLE_USAGE(.BOTH.,#2101);
#2103=PRESENTATION_STYLE_ASSIGNMENT((#2102));
#2104=STYLED_ITEM('',(#2103),#2096);
#2105=ADVANCED_FACE('',(#6047),#6049,.T.);
#2106=COLOUR_RGB($,0.862745098039216,0.862745098039216,0.862745098039216);
#2107=FILL_AREA_STYLE_COLOUR($,#2106);
#2108=FILL_AREA_STYLE($,(#2107));
#2109=SURFACE_STYLE_FILL_AREA(#2108);
#2110=SURFACE_SIDE_STYLE('',(#2109));
#2111=SURFACE_STYLE_USAGE(.BOTH.,#2110);
#2112=PRESENTATION_STYLE_ASSIGNMENT((#2111));
#2113=STYLED_ITEM('',(#2112),#2105);
#2114=ADVANCED_FACE('',(#6054),#6056,.T.);
#2115=COLOUR_RGB($,0.862745098039216,0.862745098039216,0.862745098039216);
#2116=FILL_AREA_STYLE_COLOUR($,#2115);
#2117=FILL_AREA_STYLE($,(#2116));
#2118=SURFACE_STYLE_FILL_AREA(#2117);
#2119=SURFACE_SIDE_STYLE('',(#2118));
#2120=SURFACE_STYLE_USAGE(.BOTH.,#2119);
#2121=PRESENTATION_STYLE_ASSIGNMENT((#2120));
#2122=STYLED_ITEM('',(#2121),#2114);
#2123=ADVANCED_FACE('',(#6061),#6063,.T.);
#2124=COLOUR_RGB($,0.862745098039216,0.862745098039216,0.862745098039216);
#2125=FILL_AREA_STYLE_COLOUR($,#2124);
#2126=FILL_AREA_STYLE($,(#2125));
#2127=SURFACE_STYLE_FILL_AREA(#2126);
#2128=SURFACE_SIDE_STYLE('',(#2127));
#2129=SURFACE_STYLE_USAGE(.BOTH.,#2128);
#2130=PRESENTATION_STYLE_ASSIGNMENT((#2129));
#2131=STYLED_ITEM('',(#2130),#2123);
#2132=ADVANCED_FACE('',(#6068),#6070,.F.);
#2133=COLOUR_RGB($,0.862745098039216,0.862745098039216,0.862745098039216);
#2134=FILL_AREA_STYLE_COLOUR($,#2133);
#2135=FILL_AREA_STYLE($,(#2134));
#2136=SURFACE_STYLE_FILL_AREA(#2135);
#2137=SURFACE_SIDE_STYLE('',(#2136));
#2138=SURFACE_STYLE_USAGE(.BOTH.,#2137);
#2139=PRESENTATION_STYLE_ASSIGNMENT((#2138));
#2140=STYLED_ITEM('',(#2139),#2132);
#2141=ADVANCED_FACE('',(#6075),#6077,.F.);
#2142=COLOUR_RGB($,0.862745098039216,0.862745098039216,0.862745098039216);
#2143=FILL_AREA_STYLE_COLOUR($,#2142);
#2144=FILL_AREA_STYLE($,(#2143));
#2145=SURFACE_STYLE_FILL_AREA(#2144);
#2146=SURFACE_SIDE_STYLE('',(#2145));
#2147=SURFACE_STYLE_USAGE(.BOTH.,#2146);
#2148=PRESENTATION_STYLE_ASSIGNMENT((#2147));
#2149=STYLED_ITEM('',(#2148),#2141);
#2150=ADVANCED_FACE('',(#6082),#6084,.F.);
#2151=COLOUR_RGB($,0.862745098039216,0.862745098039216,0.862745098039216);
#2152=FILL_AREA_STYLE_COLOUR($,#2151);
#2153=FILL_AREA_STYLE($,(#2152));
#2154=SURFACE_STYLE_FILL_AREA(#2153);
#2155=SURFACE_SIDE_STYLE('',(#2154));
#2156=SURFACE_STYLE_USAGE(.BOTH.,#2155);
#2157=PRESENTATION_STYLE_ASSIGNMENT((#2156));
#2158=STYLED_ITEM('',(#2157),#2150);
#2159=ADVANCED_FACE('',(#6089),#6091,.F.);
#2160=COLOUR_RGB($,0.862745098039216,0.862745098039216,0.862745098039216);
#2161=FILL_AREA_STYLE_COLOUR($,#2160);
#2162=FILL_AREA_STYLE($,(#2161));
#2163=SURFACE_STYLE_FILL_AREA(#2162);
#2164=SURFACE_SIDE_STYLE('',(#2163));
#2165=SURFACE_STYLE_USAGE(.BOTH.,#2164);
#2166=PRESENTATION_STYLE_ASSIGNMENT((#2165));
#2167=STYLED_ITEM('',(#2166),#2159);
#2168=ADVANCED_FACE('',(#6096),#6098,.F.);
#2169=COLOUR_RGB($,0.862745098039216,0.862745098039216,0.862745098039216);
#2170=FILL_AREA_STYLE_COLOUR($,#2169);
#2171=FILL_AREA_STYLE($,(#2170));
#2172=SURFACE_STYLE_FILL_AREA(#2171);
#2173=SURFACE_SIDE_STYLE('',(#2172));
#2174=SURFACE_STYLE_USAGE(.BOTH.,#2173);
#2175=PRESENTATION_STYLE_ASSIGNMENT((#2174));
#2176=STYLED_ITEM('',(#2175),#2168);
#2177=ADVANCED_FACE('',(#6103),#6105,.F.);
#2178=COLOUR_RGB($,0.862745098039216,0.862745098039216,0.862745098039216);
#2179=FILL_AREA_STYLE_COLOUR($,#2178);
#2180=FILL_AREA_STYLE($,(#2179));
#2181=SURFACE_STYLE_FILL_AREA(#2180);
#2182=SURFACE_SIDE_STYLE('',(#2181));
#2183=SURFACE_STYLE_USAGE(.BOTH.,#2182);
#2184=PRESENTATION_STYLE_ASSIGNMENT((#2183));
#2185=STYLED_ITEM('',(#2184),#2177);
#2186=ADVANCED_FACE('',(#6110),#6112,.F.);
#2187=COLOUR_RGB($,0.862745098039216,0.862745098039216,0.862745098039216);
#2188=FILL_AREA_STYLE_COLOUR($,#2187);
#2189=FILL_AREA_STYLE($,(#2188));
#2190=SURFACE_STYLE_FILL_AREA(#2189);
#2191=SURFACE_SIDE_STYLE('',(#2190));
#2192=SURFACE_STYLE_USAGE(.BOTH.,#2191);
#2193=PRESENTATION_STYLE_ASSIGNMENT((#2192));
#2194=STYLED_ITEM('',(#2193),#2186);
#2195=ADVANCED_FACE('',(#6117),#6119,.F.);
#2196=COLOUR_RGB($,0.862745098039216,0.862745098039216,0.862745098039216);
#2197=FILL_AREA_STYLE_COLOUR($,#2196);
#2198=FILL_AREA_STYLE($,(#2197));
#2199=SURFACE_STYLE_FILL_AREA(#2198);
#2200=SURFACE_SIDE_STYLE('',(#2199));
#2201=SURFACE_STYLE_USAGE(.BOTH.,#2200);
#2202=PRESENTATION_STYLE_ASSIGNMENT((#2201));
#2203=STYLED_ITEM('',(#2202),#2195);
#2204=ADVANCED_FACE('',(#6124),#6126,.F.);
#2205=COLOUR_RGB($,0.862745098039216,0.862745098039216,0.862745098039216);
#2206=FILL_AREA_STYLE_COLOUR($,#2205);
#2207=FILL_AREA_STYLE($,(#2206));
#2208=SURFACE_STYLE_FILL_AREA(#2207);
#2209=SURFACE_SIDE_STYLE('',(#2208));
#2210=SURFACE_STYLE_USAGE(.BOTH.,#2209);
#2211=PRESENTATION_STYLE_ASSIGNMENT((#2210));
#2212=STYLED_ITEM('',(#2211),#2204);
#2213=ADVANCED_FACE('',(#6131),#6133,.F.);
#2214=COLOUR_RGB($,0.862745098039216,0.862745098039216,0.862745098039216);
#2215=FILL_AREA_STYLE_COLOUR($,#2214);
#2216=FILL_AREA_STYLE($,(#2215));
#2217=SURFACE_STYLE_FILL_AREA(#2216);
#2218=SURFACE_SIDE_STYLE('',(#2217));
#2219=SURFACE_STYLE_USAGE(.BOTH.,#2218);
#2220=PRESENTATION_STYLE_ASSIGNMENT((#2219));
#2221=STYLED_ITEM('',(#2220),#2213);
#2222=ADVANCED_FACE('',(#6138),#6140,.F.);
#2223=COLOUR_RGB($,0.862745098039216,0.862745098039216,0.862745098039216);
#2224=FILL_AREA_STYLE_COLOUR($,#2223);
#2225=FILL_AREA_STYLE($,(#2224));
#2226=SURFACE_STYLE_FILL_AREA(#2225);
#2227=SURFACE_SIDE_STYLE('',(#2226));
#2228=SURFACE_STYLE_USAGE(.BOTH.,#2227);
#2229=PRESENTATION_STYLE_ASSIGNMENT((#2228));
#2230=STYLED_ITEM('',(#2229),#2222);
#2231=ADVANCED_FACE('',(#6145),#6147,.F.);
#2232=COLOUR_RGB($,0.862745098039216,0.862745098039216,0.862745098039216);
#2233=FILL_AREA_STYLE_COLOUR($,#2232);
#2234=FILL_AREA_STYLE($,(#2233));
#2235=SURFACE_STYLE_FILL_AREA(#2234);
#2236=SURFACE_SIDE_STYLE('',(#2235));
#2237=SURFACE_STYLE_USAGE(.BOTH.,#2236);
#2238=PRESENTATION_STYLE_ASSIGNMENT((#2237));
#2239=STYLED_ITEM('',(#2238),#2231);
#2240=ADVANCED_FACE('',(#6152),#6154,.F.);
#2241=COLOUR_RGB($,0.862745098039216,0.862745098039216,0.862745098039216);
#2242=FILL_AREA_STYLE_COLOUR($,#2241);
#2243=FILL_AREA_STYLE($,(#2242));
#2244=SURFACE_STYLE_FILL_AREA(#2243);
#2245=SURFACE_SIDE_STYLE('',(#2244));
#2246=SURFACE_STYLE_USAGE(.BOTH.,#2245);
#2247=PRESENTATION_STYLE_ASSIGNMENT((#2246));
#2248=STYLED_ITEM('',(#2247),#2240);
#2249=ADVANCED_FACE('',(#6159),#6161,.F.);
#2250=COLOUR_RGB($,0.862745098039216,0.862745098039216,0.862745098039216);
#2251=FILL_AREA_STYLE_COLOUR($,#2250);
#2252=FILL_AREA_STYLE($,(#2251));
#2253=SURFACE_STYLE_FILL_AREA(#2252);
#2254=SURFACE_SIDE_STYLE('',(#2253));
#2255=SURFACE_STYLE_USAGE(.BOTH.,#2254);
#2256=PRESENTATION_STYLE_ASSIGNMENT((#2255));
#2257=STYLED_ITEM('',(#2256),#2249);
#2258=ADVANCED_FACE('',(#6166),#6168,.F.);
#2259=COLOUR_RGB($,0.862745098039216,0.862745098039216,0.862745098039216);
#2260=FILL_AREA_STYLE_COLOUR($,#2259);
#2261=FILL_AREA_STYLE($,(#2260));
#2262=SURFACE_STYLE_FILL_AREA(#2261);
#2263=SURFACE_SIDE_STYLE('',(#2262));
#2264=SURFACE_STYLE_USAGE(.BOTH.,#2263);
#2265=PRESENTATION_STYLE_ASSIGNMENT((#2264));
#2266=STYLED_ITEM('',(#2265),#2258);
#2267=ADVANCED_FACE('',(#6173),#6175,.F.);
#2268=COLOUR_RGB($,0.862745098039216,0.862745098039216,0.862745098039216);
#2269=FILL_AREA_STYLE_COLOUR($,#2268);
#2270=FILL_AREA_STYLE($,(#2269));
#2271=SURFACE_STYLE_FILL_AREA(#2270);
#2272=SURFACE_SIDE_STYLE('',(#2271));
#2273=SURFACE_STYLE_USAGE(.BOTH.,#2272);
#2274=PRESENTATION_STYLE_ASSIGNMENT((#2273));
#2275=STYLED_ITEM('',(#2274),#2267);
#2276=ADVANCED_FACE('',(#6180),#6182,.F.);
#2277=COLOUR_RGB($,0.862745098039216,0.862745098039216,0.862745098039216);
#2278=FILL_AREA_STYLE_COLOUR($,#2277);
#2279=FILL_AREA_STYLE($,(#2278));
#2280=SURFACE_STYLE_FILL_AREA(#2279);
#2281=SURFACE_SIDE_STYLE('',(#2280));
#2282=SURFACE_STYLE_USAGE(.BOTH.,#2281);
#2283=PRESENTATION_STYLE_ASSIGNMENT((#2282));
#2284=STYLED_ITEM('',(#2283),#2276);
#2285=ADVANCED_FACE('',(#6187),#6189,.F.);
#2286=COLOUR_RGB($,0.862745098039216,0.862745098039216,0.862745098039216);
#2287=FILL_AREA_STYLE_COLOUR($,#2286);
#2288=FILL_AREA_STYLE($,(#2287));
#2289=SURFACE_STYLE_FILL_AREA(#2288);
#2290=SURFACE_SIDE_STYLE('',(#2289));
#2291=SURFACE_STYLE_USAGE(.BOTH.,#2290);
#2292=PRESENTATION_STYLE_ASSIGNMENT((#2291));
#2293=STYLED_ITEM('',(#2292),#2285);
#2294=ADVANCED_FACE('',(#6194),#6196,.F.);
#2295=COLOUR_RGB($,0.862745098039216,0.862745098039216,0.862745098039216);
#2296=FILL_AREA_STYLE_COLOUR($,#2295);
#2297=FILL_AREA_STYLE($,(#2296));
#2298=SURFACE_STYLE_FILL_AREA(#2297);
#2299=SURFACE_SIDE_STYLE('',(#2298));
#2300=SURFACE_STYLE_USAGE(.BOTH.,#2299);
#2301=PRESENTATION_STYLE_ASSIGNMENT((#2300));
#2302=STYLED_ITEM('',(#2301),#2294);
#2303=ADVANCED_FACE('',(#6201),#6203,.F.);
#2304=COLOUR_RGB($,0.862745098039216,0.862745098039216,0.862745098039216);
#2305=FILL_AREA_STYLE_COLOUR($,#2304);
#2306=FILL_AREA_STYLE($,(#2305));
#2307=SURFACE_STYLE_FILL_AREA(#2306);
#2308=SURFACE_SIDE_STYLE('',(#2307));
#2309=SURFACE_STYLE_USAGE(.BOTH.,#2308);
#2310=PRESENTATION_STYLE_ASSIGNMENT((#2309));
#2311=STYLED_ITEM('',(#2310),#2303);
#2312=ADVANCED_FACE('',(#6208),#6210,.F.);
#2313=COLOUR_RGB($,0.862745098039216,0.862745098039216,0.862745098039216);
#2314=FILL_AREA_STYLE_COLOUR($,#2313);
#2315=FILL_AREA_STYLE($,(#2314));
#2316=SURFACE_STYLE_FILL_AREA(#2315);
#2317=SURFACE_SIDE_STYLE('',(#2316));
#2318=SURFACE_STYLE_USAGE(.BOTH.,#2317);
#2319=PRESENTATION_STYLE_ASSIGNMENT((#2318));
#2320=STYLED_ITEM('',(#2319),#2312);
#2321=ADVANCED_FACE('',(#6215),#6217,.F.);
#2322=COLOUR_RGB($,0.862745098039216,0.862745098039216,0.862745098039216);
#2323=FILL_AREA_STYLE_COLOUR($,#2322);
#2324=FILL_AREA_STYLE($,(#2323));
#2325=SURFACE_STYLE_FILL_AREA(#2324);
#2326=SURFACE_SIDE_STYLE('',(#2325));
#2327=SURFACE_STYLE_USAGE(.BOTH.,#2326);
#2328=PRESENTATION_STYLE_ASSIGNMENT((#2327));
#2329=STYLED_ITEM('',(#2328),#2321);
#2330=ADVANCED_FACE('',(#6222),#6224,.T.);
#2331=COLOUR_RGB($,0.862745098039216,0.862745098039216,0.862745098039216);
#2332=FILL_AREA_STYLE_COLOUR($,#2331);
#2333=FILL_AREA_STYLE($,(#2332));
#2334=SURFACE_STYLE_FILL_AREA(#2333);
#2335=SURFACE_SIDE_STYLE('',(#2334));
#2336=SURFACE_STYLE_USAGE(.BOTH.,#2335);
#2337=PRESENTATION_STYLE_ASSIGNMENT((#2336));
#2338=STYLED_ITEM('',(#2337),#2330);
#2339=ADVANCED_FACE('',(#6229),#6231,.T.);
#2340=COLOUR_RGB($,0.862745098039216,0.862745098039216,0.862745098039216);
#2341=FILL_AREA_STYLE_COLOUR($,#2340);
#2342=FILL_AREA_STYLE($,(#2341));
#2343=SURFACE_STYLE_FILL_AREA(#2342);
#2344=SURFACE_SIDE_STYLE('',(#2343));
#2345=SURFACE_STYLE_USAGE(.BOTH.,#2344);
#2346=PRESENTATION_STYLE_ASSIGNMENT((#2345));
#2347=STYLED_ITEM('',(#2346),#2339);
#2348=ADVANCED_FACE('',(#6236),#6238,.F.);
#2349=COLOUR_RGB($,0.862745098039216,0.862745098039216,0.862745098039216);
#2350=FILL_AREA_STYLE_COLOUR($,#2349);
#2351=FILL_AREA_STYLE($,(#2350));
#2352=SURFACE_STYLE_FILL_AREA(#2351);
#2353=SURFACE_SIDE_STYLE('',(#2352));
#2354=SURFACE_STYLE_USAGE(.BOTH.,#2353);
#2355=PRESENTATION_STYLE_ASSIGNMENT((#2354));
#2356=STYLED_ITEM('',(#2355),#2348);
#2357=ADVANCED_FACE('',(#6243),#6245,.T.);
#2358=COLOUR_RGB($,0.862745098039216,0.862745098039216,0.862745098039216);
#2359=FILL_AREA_STYLE_COLOUR($,#2358);
#2360=FILL_AREA_STYLE($,(#2359));
#2361=SURFACE_STYLE_FILL_AREA(#2360);
#2362=SURFACE_SIDE_STYLE('',(#2361));
#2363=SURFACE_STYLE_USAGE(.BOTH.,#2362);
#2364=PRESENTATION_STYLE_ASSIGNMENT((#2363));
#2365=STYLED_ITEM('',(#2364),#2357);
#2366=ADVANCED_FACE('',(#6250),#6252,.T.);
#2367=COLOUR_RGB($,0.862745098039216,0.862745098039216,0.862745098039216);
#2368=FILL_AREA_STYLE_COLOUR($,#2367);
#2369=FILL_AREA_STYLE($,(#2368));
#2370=SURFACE_STYLE_FILL_AREA(#2369);
#2371=SURFACE_SIDE_STYLE('',(#2370));
#2372=SURFACE_STYLE_USAGE(.BOTH.,#2371);
#2373=PRESENTATION_STYLE_ASSIGNMENT((#2372));
#2374=STYLED_ITEM('',(#2373),#2366);
#2375=ADVANCED_FACE('',(#6257),#6259,.T.);
#2376=COLOUR_RGB($,0.862745098039216,0.862745098039216,0.862745098039216);
#2377=FILL_AREA_STYLE_COLOUR($,#2376);
#2378=FILL_AREA_STYLE($,(#2377));
#2379=SURFACE_STYLE_FILL_AREA(#2378);
#2380=SURFACE_SIDE_STYLE('',(#2379));
#2381=SURFACE_STYLE_USAGE(.BOTH.,#2380);
#2382=PRESENTATION_STYLE_ASSIGNMENT((#2381));
#2383=STYLED_ITEM('',(#2382),#2375);
#2384=ADVANCED_FACE('',(#6264),#6266,.F.);
#2385=COLOUR_RGB($,0.862745098039216,0.862745098039216,0.862745098039216);
#2386=FILL_AREA_STYLE_COLOUR($,#2385);
#2387=FILL_AREA_STYLE($,(#2386));
#2388=SURFACE_STYLE_FILL_AREA(#2387);
#2389=SURFACE_SIDE_STYLE('',(#2388));
#2390=SURFACE_STYLE_USAGE(.BOTH.,#2389);
#2391=PRESENTATION_STYLE_ASSIGNMENT((#2390));
#2392=STYLED_ITEM('',(#2391),#2384);
#2393=ADVANCED_FACE('',(#6271),#6273,.T.);
#2394=COLOUR_RGB($,0.862745098039216,0.862745098039216,0.862745098039216);
#2395=FILL_AREA_STYLE_COLOUR($,#2394);
#2396=FILL_AREA_STYLE($,(#2395));
#2397=SURFACE_STYLE_FILL_AREA(#2396);
#2398=SURFACE_SIDE_STYLE('',(#2397));
#2399=SURFACE_STYLE_USAGE(.BOTH.,#2398);
#2400=PRESENTATION_STYLE_ASSIGNMENT((#2399));
#2401=STYLED_ITEM('',(#2400),#2393);
#2402=ADVANCED_FACE('',(#6278,#6280),#6282,.T.);
#2403=COLOUR_RGB($,0.862745098039216,0.862745098039216,0.862745098039216);
#2404=FILL_AREA_STYLE_COLOUR($,#2403);
#2405=FILL_AREA_STYLE($,(#2404));
#2406=SURFACE_STYLE_FILL_AREA(#2405);
#2407=SURFACE_SIDE_STYLE('',(#2406));
#2408=SURFACE_STYLE_USAGE(.BOTH.,#2407);
#2409=PRESENTATION_STYLE_ASSIGNMENT((#2408));
#2410=STYLED_ITEM('',(#2409),#2402);
#2411=ADVANCED_FACE('',(#6287,#6289),#6291,.T.);
#2412=COLOUR_RGB($,0.862745098039216,0.862745098039216,0.862745098039216);
#2413=FILL_AREA_STYLE_COLOUR($,#2412);
#2414=FILL_AREA_STYLE($,(#2413));
#2415=SURFACE_STYLE_FILL_AREA(#2414);
#2416=SURFACE_SIDE_STYLE('',(#2415));
#2417=SURFACE_STYLE_USAGE(.BOTH.,#2416);
#2418=PRESENTATION_STYLE_ASSIGNMENT((#2417));
#2419=STYLED_ITEM('',(#2418),#2411);
#2420=ADVANCED_FACE('',(#6296),#6298,.F.);
#2421=COLOUR_RGB($,0.862745098039216,0.862745098039216,0.862745098039216);
#2422=FILL_AREA_STYLE_COLOUR($,#2421);
#2423=FILL_AREA_STYLE($,(#2422));
#2424=SURFACE_STYLE_FILL_AREA(#2423);
#2425=SURFACE_SIDE_STYLE('',(#2424));
#2426=SURFACE_STYLE_USAGE(.BOTH.,#2425);
#2427=PRESENTATION_STYLE_ASSIGNMENT((#2426));
#2428=STYLED_ITEM('',(#2427),#2420);
#2429=ADVANCED_FACE('',(#6303),#6305,.F.);
#2430=COLOUR_RGB($,0.862745098039216,0.862745098039216,0.862745098039216);
#2431=FILL_AREA_STYLE_COLOUR($,#2430);
#2432=FILL_AREA_STYLE($,(#2431));
#2433=SURFACE_STYLE_FILL_AREA(#2432);
#2434=SURFACE_SIDE_STYLE('',(#2433));
#2435=SURFACE_STYLE_USAGE(.BOTH.,#2434);
#2436=PRESENTATION_STYLE_ASSIGNMENT((#2435));
#2437=STYLED_ITEM('',(#2436),#2429);
#2438=ADVANCED_FACE('',(#6310),#6312,.F.);
#2439=COLOUR_RGB($,0.862745098039216,0.862745098039216,0.862745098039216);
#2440=FILL_AREA_STYLE_COLOUR($,#2439);
#2441=FILL_AREA_STYLE($,(#2440));
#2442=SURFACE_STYLE_FILL_AREA(#2441);
#2443=SURFACE_SIDE_STYLE('',(#2442));
#2444=SURFACE_STYLE_USAGE(.BOTH.,#2443);
#2445=PRESENTATION_STYLE_ASSIGNMENT((#2444));
#2446=STYLED_ITEM('',(#2445),#2438);
#2447=ADVANCED_FACE('',(#6317),#6319,.T.);
#2448=COLOUR_RGB($,0.862745098039216,0.862745098039216,0.862745098039216);
#2449=FILL_AREA_STYLE_COLOUR($,#2448);
#2450=FILL_AREA_STYLE($,(#2449));
#2451=SURFACE_STYLE_FILL_AREA(#2450);
#2452=SURFACE_SIDE_STYLE('',(#2451));
#2453=SURFACE_STYLE_USAGE(.BOTH.,#2452);
#2454=PRESENTATION_STYLE_ASSIGNMENT((#2453));
#2455=STYLED_ITEM('',(#2454),#2447);
#2456=ADVANCED_FACE('',(#6324),#6326,.T.);
#2457=COLOUR_RGB($,0.862745098039216,0.862745098039216,0.862745098039216);
#2458=FILL_AREA_STYLE_COLOUR($,#2457);
#2459=FILL_AREA_STYLE($,(#2458));
#2460=SURFACE_STYLE_FILL_AREA(#2459);
#2461=SURFACE_SIDE_STYLE('',(#2460));
#2462=SURFACE_STYLE_USAGE(.BOTH.,#2461);
#2463=PRESENTATION_STYLE_ASSIGNMENT((#2462));
#2464=STYLED_ITEM('',(#2463),#2456);
#2465=ADVANCED_FACE('',(#6331),#6333,.T.);
#2466=COLOUR_RGB($,0.862745098039216,0.862745098039216,0.862745098039216);
#2467=FILL_AREA_STYLE_COLOUR($,#2466);
#2468=FILL_AREA_STYLE($,(#2467));
#2469=SURFACE_STYLE_FILL_AREA(#2468);
#2470=SURFACE_SIDE_STYLE('',(#2469));
#2471=SURFACE_STYLE_USAGE(.BOTH.,#2470);
#2472=PRESENTATION_STYLE_ASSIGNMENT((#2471));
#2473=STYLED_ITEM('',(#2472),#2465);
#2474=ADVANCED_FACE('',(#6338),#6340,.T.);
#2475=COLOUR_RGB($,0.862745098039216,0.862745098039216,0.862745098039216);
#2476=FILL_AREA_STYLE_COLOUR($,#2475);
#2477=FILL_AREA_STYLE($,(#2476));
#2478=SURFACE_STYLE_FILL_AREA(#2477);
#2479=SURFACE_SIDE_STYLE('',(#2478));
#2480=SURFACE_STYLE_USAGE(.BOTH.,#2479);
#2481=PRESENTATION_STYLE_ASSIGNMENT((#2480));
#2482=STYLED_ITEM('',(#2481),#2474);
#2483=ADVANCED_FACE('',(#6345),#6347,.T.);
#2484=COLOUR_RGB($,0.862745098039216,0.862745098039216,0.862745098039216);
#2485=FILL_AREA_STYLE_COLOUR($,#2484);
#2486=FILL_AREA_STYLE($,(#2485));
#2487=SURFACE_STYLE_FILL_AREA(#2486);
#2488=SURFACE_SIDE_STYLE('',(#2487));
#2489=SURFACE_STYLE_USAGE(.BOTH.,#2488);
#2490=PRESENTATION_STYLE_ASSIGNMENT((#2489));
#2491=STYLED_ITEM('',(#2490),#2483);
#2492=ADVANCED_FACE('',(#6352),#6354,.T.);
#2493=COLOUR_RGB($,0.862745098039216,0.862745098039216,0.862745098039216);
#2494=FILL_AREA_STYLE_COLOUR($,#2493);
#2495=FILL_AREA_STYLE($,(#2494));
#2496=SURFACE_STYLE_FILL_AREA(#2495);
#2497=SURFACE_SIDE_STYLE('',(#2496));
#2498=SURFACE_STYLE_USAGE(.BOTH.,#2497);
#2499=PRESENTATION_STYLE_ASSIGNMENT((#2498));
#2500=STYLED_ITEM('',(#2499),#2492);
#2501=ADVANCED_FACE('',(#6359),#6361,.T.);
#2502=COLOUR_RGB($,0.862745098039216,0.862745098039216,0.862745098039216);
#2503=FILL_AREA_STYLE_COLOUR($,#2502);
#2504=FILL_AREA_STYLE($,(#2503));
#2505=SURFACE_STYLE_FILL_AREA(#2504);
#2506=SURFACE_SIDE_STYLE('',(#2505));
#2507=SURFACE_STYLE_USAGE(.BOTH.,#2506);
#2508=PRESENTATION_STYLE_ASSIGNMENT((#2507));
#2509=STYLED_ITEM('',(#2508),#2501);
#2510=ADVANCED_FACE('',(#6366,#6368,#6370),#6372,.F.);
#2511=COLOUR_RGB($,0.862745098039216,0.862745098039216,0.862745098039216);
#2512=FILL_AREA_STYLE_COLOUR($,#2511);
#2513=FILL_AREA_STYLE($,(#2512));
#2514=SURFACE_STYLE_FILL_AREA(#2513);
#2515=SURFACE_SIDE_STYLE('',(#2514));
#2516=SURFACE_STYLE_USAGE(.BOTH.,#2515);
#2517=PRESENTATION_STYLE_ASSIGNMENT((#2516));
#2518=STYLED_ITEM('',(#2517),#2510);
#2519=ADVANCED_FACE('',(#6377),#6379,.T.);
#2520=COLOUR_RGB($,0.862745098039216,0.862745098039216,0.862745098039216);
#2521=FILL_AREA_STYLE_COLOUR($,#2520);
#2522=FILL_AREA_STYLE($,(#2521));
#2523=SURFACE_STYLE_FILL_AREA(#2522);
#2524=SURFACE_SIDE_STYLE('',(#2523));
#2525=SURFACE_STYLE_USAGE(.BOTH.,#2524);
#2526=PRESENTATION_STYLE_ASSIGNMENT((#2525));
#2527=STYLED_ITEM('',(#2526),#2519);
#2528=ADVANCED_FACE('',(#6384),#6386,.F.);
#2529=COLOUR_RGB($,0.862745098039216,0.862745098039216,0.862745098039216);
#2530=FILL_AREA_STYLE_COLOUR($,#2529);
#2531=FILL_AREA_STYLE($,(#2530));
#2532=SURFACE_STYLE_FILL_AREA(#2531);
#2533=SURFACE_SIDE_STYLE('',(#2532));
#2534=SURFACE_STYLE_USAGE(.BOTH.,#2533);
#2535=PRESENTATION_STYLE_ASSIGNMENT((#2534));
#2536=STYLED_ITEM('',(#2535),#2528);
#2537=ADVANCED_FACE('',(#6391),#6393,.F.);
#2538=COLOUR_RGB($,0.862745098039216,0.862745098039216,0.862745098039216);
#2539=FILL_AREA_STYLE_COLOUR($,#2538);
#2540=FILL_AREA_STYLE($,(#2539));
#2541=SURFACE_STYLE_FILL_AREA(#2540);
#2542=SURFACE_SIDE_STYLE('',(#2541));
#2543=SURFACE_STYLE_USAGE(.BOTH.,#2542);
#2544=PRESENTATION_STYLE_ASSIGNMENT((#2543));
#2545=STYLED_ITEM('',(#2544),#2537);
#2546=ADVANCED_FACE('',(#6398),#6400,.F.);
#2547=COLOUR_RGB($,0.862745098039216,0.862745098039216,0.862745098039216);
#2548=FILL_AREA_STYLE_COLOUR($,#2547);
#2549=FILL_AREA_STYLE($,(#2548));
#2550=SURFACE_STYLE_FILL_AREA(#2549);
#2551=SURFACE_SIDE_STYLE('',(#2550));
#2552=SURFACE_STYLE_USAGE(.BOTH.,#2551);
#2553=PRESENTATION_STYLE_ASSIGNMENT((#2552));
#2554=STYLED_ITEM('',(#2553),#2546);
#2555=ADVANCED_FACE('',(#6405),#6407,.T.);
#2556=COLOUR_RGB($,0.862745098039216,0.862745098039216,0.862745098039216);
#2557=FILL_AREA_STYLE_COLOUR($,#2556);
#2558=FILL_AREA_STYLE($,(#2557));
#2559=SURFACE_STYLE_FILL_AREA(#2558);
#2560=SURFACE_SIDE_STYLE('',(#2559));
#2561=SURFACE_STYLE_USAGE(.BOTH.,#2560);
#2562=PRESENTATION_STYLE_ASSIGNMENT((#2561));
#2563=STYLED_ITEM('',(#2562),#2555);
#2564=ADVANCED_FACE('',(#6412),#6414,.F.);
#2565=COLOUR_RGB($,0.862745098039216,0.862745098039216,0.862745098039216);
#2566=FILL_AREA_STYLE_COLOUR($,#2565);
#2567=FILL_AREA_STYLE($,(#2566));
#2568=SURFACE_STYLE_FILL_AREA(#2567);
#2569=SURFACE_SIDE_STYLE('',(#2568));
#2570=SURFACE_STYLE_USAGE(.BOTH.,#2569);
#2571=PRESENTATION_STYLE_ASSIGNMENT((#2570));
#2572=STYLED_ITEM('',(#2571),#2564);
#2573=ADVANCED_FACE('',(#6419),#6421,.F.);
#2574=COLOUR_RGB($,0.862745098039216,0.862745098039216,0.862745098039216);
#2575=FILL_AREA_STYLE_COLOUR($,#2574);
#2576=FILL_AREA_STYLE($,(#2575));
#2577=SURFACE_STYLE_FILL_AREA(#2576);
#2578=SURFACE_SIDE_STYLE('',(#2577));
#2579=SURFACE_STYLE_USAGE(.BOTH.,#2578);
#2580=PRESENTATION_STYLE_ASSIGNMENT((#2579));
#2581=STYLED_ITEM('',(#2580),#2573);
#2582=ADVANCED_FACE('',(#6426),#6428,.T.);
#2583=COLOUR_RGB($,0.862745098039216,0.862745098039216,0.862745098039216);
#2584=FILL_AREA_STYLE_COLOUR($,#2583);
#2585=FILL_AREA_STYLE($,(#2584));
#2586=SURFACE_STYLE_FILL_AREA(#2585);
#2587=SURFACE_SIDE_STYLE('',(#2586));
#2588=SURFACE_STYLE_USAGE(.BOTH.,#2587);
#2589=PRESENTATION_STYLE_ASSIGNMENT((#2588));
#2590=STYLED_ITEM('',(#2589),#2582);
#2591=ADVANCED_FACE('',(#6433),#6435,.F.);
#2592=COLOUR_RGB($,0.862745098039216,0.862745098039216,0.862745098039216);
#2593=FILL_AREA_STYLE_COLOUR($,#2592);
#2594=FILL_AREA_STYLE($,(#2593));
#2595=SURFACE_STYLE_FILL_AREA(#2594);
#2596=SURFACE_SIDE_STYLE('',(#2595));
#2597=SURFACE_STYLE_USAGE(.BOTH.,#2596);
#2598=PRESENTATION_STYLE_ASSIGNMENT((#2597));
#2599=STYLED_ITEM('',(#2598),#2591);
#2600=ADVANCED_FACE('',(#6440),#6442,.F.);
#2601=COLOUR_RGB($,0.862745098039216,0.862745098039216,0.862745098039216);
#2602=FILL_AREA_STYLE_COLOUR($,#2601);
#2603=FILL_AREA_STYLE($,(#2602));
#2604=SURFACE_STYLE_FILL_AREA(#2603);
#2605=SURFACE_SIDE_STYLE('',(#2604));
#2606=SURFACE_STYLE_USAGE(.BOTH.,#2605);
#2607=PRESENTATION_STYLE_ASSIGNMENT((#2606));
#2608=STYLED_ITEM('',(#2607),#2600);
#2609=ADVANCED_FACE('',(#6447),#6449,.T.);
#2610=COLOUR_RGB($,0.862745098039216,0.862745098039216,0.862745098039216);
#2611=FILL_AREA_STYLE_COLOUR($,#2610);
#2612=FILL_AREA_STYLE($,(#2611));
#2613=SURFACE_STYLE_FILL_AREA(#2612);
#2614=SURFACE_SIDE_STYLE('',(#2613));
#2615=SURFACE_STYLE_USAGE(.BOTH.,#2614);
#2616=PRESENTATION_STYLE_ASSIGNMENT((#2615));
#2617=STYLED_ITEM('',(#2616),#2609);
#2618=ADVANCED_FACE('',(#6454),#6456,.F.);
#2619=COLOUR_RGB($,0.862745098039216,0.862745098039216,0.862745098039216);
#2620=FILL_AREA_STYLE_COLOUR($,#2619);
#2621=FILL_AREA_STYLE($,(#2620));
#2622=SURFACE_STYLE_FILL_AREA(#2621);
#2623=SURFACE_SIDE_STYLE('',(#2622));
#2624=SURFACE_STYLE_USAGE(.BOTH.,#2623);
#2625=PRESENTATION_STYLE_ASSIGNMENT((#2624));
#2626=STYLED_ITEM('',(#2625),#2618);
#2627=ADVANCED_FACE('',(#6461),#6463,.F.);
#2628=COLOUR_RGB($,0.862745098039216,0.862745098039216,0.862745098039216);
#2629=FILL_AREA_STYLE_COLOUR($,#2628);
#2630=FILL_AREA_STYLE($,(#2629));
#2631=SURFACE_STYLE_FILL_AREA(#2630);
#2632=SURFACE_SIDE_STYLE('',(#2631));
#2633=SURFACE_STYLE_USAGE(.BOTH.,#2632);
#2634=PRESENTATION_STYLE_ASSIGNMENT((#2633));
#2635=STYLED_ITEM('',(#2634),#2627);
#2636=ADVANCED_FACE('',(#6468),#6470,.F.);
#2637=COLOUR_RGB($,0.862745098039216,0.862745098039216,0.862745098039216);
#2638=FILL_AREA_STYLE_COLOUR($,#2637);
#2639=FILL_AREA_STYLE($,(#2638));
#2640=SURFACE_STYLE_FILL_AREA(#2639);
#2641=SURFACE_SIDE_STYLE('',(#2640));
#2642=SURFACE_STYLE_USAGE(.BOTH.,#2641);
#2643=PRESENTATION_STYLE_ASSIGNMENT((#2642));
#2644=STYLED_ITEM('',(#2643),#2636);
#2645=ADVANCED_FACE('',(#6475),#6477,.F.);
#2646=COLOUR_RGB($,0.862745098039216,0.862745098039216,0.862745098039216);
#2647=FILL_AREA_STYLE_COLOUR($,#2646);
#2648=FILL_AREA_STYLE($,(#2647));
#2649=SURFACE_STYLE_FILL_AREA(#2648);
#2650=SURFACE_SIDE_STYLE('',(#2649));
#2651=SURFACE_STYLE_USAGE(.BOTH.,#2650);
#2652=PRESENTATION_STYLE_ASSIGNMENT((#2651));
#2653=STYLED_ITEM('',(#2652),#2645);
#2654=ADVANCED_FACE('',(#6482),#6484,.F.);
#2655=COLOUR_RGB($,0.862745098039216,0.862745098039216,0.862745098039216);
#2656=FILL_AREA_STYLE_COLOUR($,#2655);
#2657=FILL_AREA_STYLE($,(#2656));
#2658=SURFACE_STYLE_FILL_AREA(#2657);
#2659=SURFACE_SIDE_STYLE('',(#2658));
#2660=SURFACE_STYLE_USAGE(.BOTH.,#2659);
#2661=PRESENTATION_STYLE_ASSIGNMENT((#2660));
#2662=STYLED_ITEM('',(#2661),#2654);
#2663=ADVANCED_FACE('',(#6489),#6491,.T.);
#2664=COLOUR_RGB($,0.862745098039216,0.862745098039216,0.862745098039216);
#2665=FILL_AREA_STYLE_COLOUR($,#2664);
#2666=FILL_AREA_STYLE($,(#2665));
#2667=SURFACE_STYLE_FILL_AREA(#2666);
#2668=SURFACE_SIDE_STYLE('',(#2667));
#2669=SURFACE_STYLE_USAGE(.BOTH.,#2668);
#2670=PRESENTATION_STYLE_ASSIGNMENT((#2669));
#2671=STYLED_ITEM('',(#2670),#2663);
#2672=ADVANCED_FACE('',(#6496),#6498,.F.);
#2673=COLOUR_RGB($,0.862745098039216,0.862745098039216,0.862745098039216);
#2674=FILL_AREA_STYLE_COLOUR($,#2673);
#2675=FILL_AREA_STYLE($,(#2674));
#2676=SURFACE_STYLE_FILL_AREA(#2675);
#2677=SURFACE_SIDE_STYLE('',(#2676));
#2678=SURFACE_STYLE_USAGE(.BOTH.,#2677);
#2679=PRESENTATION_STYLE_ASSIGNMENT((#2678));
#2680=STYLED_ITEM('',(#2679),#2672);
#2681=ADVANCED_FACE('',(#6503),#6505,.T.);
#2682=COLOUR_RGB($,0.862745098039216,0.862745098039216,0.862745098039216);
#2683=FILL_AREA_STYLE_COLOUR($,#2682);
#2684=FILL_AREA_STYLE($,(#2683));
#2685=SURFACE_STYLE_FILL_AREA(#2684);
#2686=SURFACE_SIDE_STYLE('',(#2685));
#2687=SURFACE_STYLE_USAGE(.BOTH.,#2686);
#2688=PRESENTATION_STYLE_ASSIGNMENT((#2687));
#2689=STYLED_ITEM('',(#2688),#2681);
#2690=ADVANCED_FACE('',(#6510,#6512),#6514,.F.);
#2691=COLOUR_RGB($,0.862745098039216,0.862745098039216,0.862745098039216);
#2692=FILL_AREA_STYLE_COLOUR($,#2691);
#2693=FILL_AREA_STYLE($,(#2692));
#2694=SURFACE_STYLE_FILL_AREA(#2693);
#2695=SURFACE_SIDE_STYLE('',(#2694));
#2696=SURFACE_STYLE_USAGE(.BOTH.,#2695);
#2697=PRESENTATION_STYLE_ASSIGNMENT((#2696));
#2698=STYLED_ITEM('',(#2697),#2690);
#2699=ADVANCED_FACE('',(#6519,#6521),#6523,.F.);
#2700=COLOUR_RGB($,0.862745098039216,0.862745098039216,0.862745098039216);
#2701=FILL_AREA_STYLE_COLOUR($,#2700);
#2702=FILL_AREA_STYLE($,(#2701));
#2703=SURFACE_STYLE_FILL_AREA(#2702);
#2704=SURFACE_SIDE_STYLE('',(#2703));
#2705=SURFACE_STYLE_USAGE(.BOTH.,#2704);
#2706=PRESENTATION_STYLE_ASSIGNMENT((#2705));
#2707=STYLED_ITEM('',(#2706),#2699);
#2708=ADVANCED_FACE('',(#6528),#6530,.T.);
#2709=COLOUR_RGB($,0.862745098039216,0.862745098039216,0.862745098039216);
#2710=FILL_AREA_STYLE_COLOUR($,#2709);
#2711=FILL_AREA_STYLE($,(#2710));
#2712=SURFACE_STYLE_FILL_AREA(#2711);
#2713=SURFACE_SIDE_STYLE('',(#2712));
#2714=SURFACE_STYLE_USAGE(.BOTH.,#2713);
#2715=PRESENTATION_STYLE_ASSIGNMENT((#2714));
#2716=STYLED_ITEM('',(#2715),#2708);
#2717=ADVANCED_FACE('',(#6535),#6537,.T.);
#2718=COLOUR_RGB($,0.862745098039216,0.862745098039216,0.862745098039216);
#2719=FILL_AREA_STYLE_COLOUR($,#2718);
#2720=FILL_AREA_STYLE($,(#2719));
#2721=SURFACE_STYLE_FILL_AREA(#2720);
#2722=SURFACE_SIDE_STYLE('',(#2721));
#2723=SURFACE_STYLE_USAGE(.BOTH.,#2722);
#2724=PRESENTATION_STYLE_ASSIGNMENT((#2723));
#2725=STYLED_ITEM('',(#2724),#2717);
#2726=ADVANCED_FACE('',(#6542),#6544,.T.);
#2727=COLOUR_RGB($,0.862745098039216,0.862745098039216,0.862745098039216);
#2728=FILL_AREA_STYLE_COLOUR($,#2727);
#2729=FILL_AREA_STYLE($,(#2728));
#2730=SURFACE_STYLE_FILL_AREA(#2729);
#2731=SURFACE_SIDE_STYLE('',(#2730));
#2732=SURFACE_STYLE_USAGE(.BOTH.,#2731);
#2733=PRESENTATION_STYLE_ASSIGNMENT((#2732));
#2734=STYLED_ITEM('',(#2733),#2726);
#2735=ADVANCED_FACE('',(#6549,#6551,#6553),#6555,.F.);
#2736=COLOUR_RGB($,0.862745098039216,0.862745098039216,0.862745098039216);
#2737=FILL_AREA_STYLE_COLOUR($,#2736);
#2738=FILL_AREA_STYLE($,(#2737));
#2739=SURFACE_STYLE_FILL_AREA(#2738);
#2740=SURFACE_SIDE_STYLE('',(#2739));
#2741=SURFACE_STYLE_USAGE(.BOTH.,#2740);
#2742=PRESENTATION_STYLE_ASSIGNMENT((#2741));
#2743=STYLED_ITEM('',(#2742),#2735);
#2744=ADVANCED_FACE('',(#6560),#6562,.F.);
#2745=COLOUR_RGB($,0.862745098039216,0.862745098039216,0.862745098039216);
#2746=FILL_AREA_STYLE_COLOUR($,#2745);
#2747=FILL_AREA_STYLE($,(#2746));
#2748=SURFACE_STYLE_FILL_AREA(#2747);
#2749=SURFACE_SIDE_STYLE('',(#2748));
#2750=SURFACE_STYLE_USAGE(.BOTH.,#2749);
#2751=PRESENTATION_STYLE_ASSIGNMENT((#2750));
#2752=STYLED_ITEM('',(#2751),#2744);
#2753=ADVANCED_FACE('',(#6567),#6569,.F.);
#2754=COLOUR_RGB($,0.862745098039216,0.862745098039216,0.862745098039216);
#2755=FILL_AREA_STYLE_COLOUR($,#2754);
#2756=FILL_AREA_STYLE($,(#2755));
#2757=SURFACE_STYLE_FILL_AREA(#2756);
#2758=SURFACE_SIDE_STYLE('',(#2757));
#2759=SURFACE_STYLE_USAGE(.BOTH.,#2758);
#2760=PRESENTATION_STYLE_ASSIGNMENT((#2759));
#2761=STYLED_ITEM('',(#2760),#2753);
#2762=ADVANCED_FACE('',(#6574),#6576,.F.);
#2763=COLOUR_RGB($,0.862745098039216,0.862745098039216,0.862745098039216);
#2764=FILL_AREA_STYLE_COLOUR($,#2763);
#2765=FILL_AREA_STYLE($,(#2764));
#2766=SURFACE_STYLE_FILL_AREA(#2765);
#2767=SURFACE_SIDE_STYLE('',(#2766));
#2768=SURFACE_STYLE_USAGE(.BOTH.,#2767);
#2769=PRESENTATION_STYLE_ASSIGNMENT((#2768));
#2770=STYLED_ITEM('',(#2769),#2762);
#2771=ADVANCED_FACE('',(#6581),#6583,.F.);
#2772=COLOUR_RGB($,0.862745098039216,0.862745098039216,0.862745098039216);
#2773=FILL_AREA_STYLE_COLOUR($,#2772);
#2774=FILL_AREA_STYLE($,(#2773));
#2775=SURFACE_STYLE_FILL_AREA(#2774);
#2776=SURFACE_SIDE_STYLE('',(#2775));
#2777=SURFACE_STYLE_USAGE(.BOTH.,#2776);
#2778=PRESENTATION_STYLE_ASSIGNMENT((#2777));
#2779=STYLED_ITEM('',(#2778),#2771);
#2780=ADVANCED_FACE('',(#6588),#6590,.T.);
#2781=COLOUR_RGB($,0.862745098039216,0.862745098039216,0.862745098039216);
#2782=FILL_AREA_STYLE_COLOUR($,#2781);
#2783=FILL_AREA_STYLE($,(#2782));
#2784=SURFACE_STYLE_FILL_AREA(#2783);
#2785=SURFACE_SIDE_STYLE('',(#2784));
#2786=SURFACE_STYLE_USAGE(.BOTH.,#2785);
#2787=PRESENTATION_STYLE_ASSIGNMENT((#2786));
#2788=STYLED_ITEM('',(#2787),#2780);
#2789=ADVANCED_FACE('',(#6595),#6597,.T.);
#2790=COLOUR_RGB($,0.862745098039216,0.862745098039216,0.862745098039216);
#2791=FILL_AREA_STYLE_COLOUR($,#2790);
#2792=FILL_AREA_STYLE($,(#2791));
#2793=SURFACE_STYLE_FILL_AREA(#2792);
#2794=SURFACE_SIDE_STYLE('',(#2793));
#2795=SURFACE_STYLE_USAGE(.BOTH.,#2794);
#2796=PRESENTATION_STYLE_ASSIGNMENT((#2795));
#2797=STYLED_ITEM('',(#2796),#2789);
#2798=ADVANCED_FACE('',(#6602),#6604,.F.);
#2799=COLOUR_RGB($,0.862745098039216,0.862745098039216,0.862745098039216);
#2800=FILL_AREA_STYLE_COLOUR($,#2799);
#2801=FILL_AREA_STYLE($,(#2800));
#2802=SURFACE_STYLE_FILL_AREA(#2801);
#2803=SURFACE_SIDE_STYLE('',(#2802));
#2804=SURFACE_STYLE_USAGE(.BOTH.,#2803);
#2805=PRESENTATION_STYLE_ASSIGNMENT((#2804));
#2806=STYLED_ITEM('',(#2805),#2798);
#2807=ADVANCED_FACE('',(#6609),#6611,.F.);
#2808=COLOUR_RGB($,0.862745098039216,0.862745098039216,0.862745098039216);
#2809=FILL_AREA_STYLE_COLOUR($,#2808);
#2810=FILL_AREA_STYLE($,(#2809));
#2811=SURFACE_STYLE_FILL_AREA(#2810);
#2812=SURFACE_SIDE_STYLE('',(#2811));
#2813=SURFACE_STYLE_USAGE(.BOTH.,#2812);
#2814=PRESENTATION_STYLE_ASSIGNMENT((#2813));
#2815=STYLED_ITEM('',(#2814),#2807);
#2816=ADVANCED_FACE('',(#6616),#6618,.F.);
#2817=COLOUR_RGB($,0.862745098039216,0.862745098039216,0.862745098039216);
#2818=FILL_AREA_STYLE_COLOUR($,#2817);
#2819=FILL_AREA_STYLE($,(#2818));
#2820=SURFACE_STYLE_FILL_AREA(#2819);
#2821=SURFACE_SIDE_STYLE('',(#2820));
#2822=SURFACE_STYLE_USAGE(.BOTH.,#2821);
#2823=PRESENTATION_STYLE_ASSIGNMENT((#2822));
#2824=STYLED_ITEM('',(#2823),#2816);
#2825=ADVANCED_FACE('',(#6623),#6625,.F.);
#2826=COLOUR_RGB($,0.862745098039216,0.862745098039216,0.862745098039216);
#2827=FILL_AREA_STYLE_COLOUR($,#2826);
#2828=FILL_AREA_STYLE($,(#2827));
#2829=SURFACE_STYLE_FILL_AREA(#2828);
#2830=SURFACE_SIDE_STYLE('',(#2829));
#2831=SURFACE_STYLE_USAGE(.BOTH.,#2830);
#2832=PRESENTATION_STYLE_ASSIGNMENT((#2831));
#2833=STYLED_ITEM('',(#2832),#2825);
#2834=ADVANCED_FACE('',(#6630),#6632,.F.);
#2835=COLOUR_RGB($,0.862745098039216,0.862745098039216,0.862745098039216);
#2836=FILL_AREA_STYLE_COLOUR($,#2835);
#2837=FILL_AREA_STYLE($,(#2836));
#2838=SURFACE_STYLE_FILL_AREA(#2837);
#2839=SURFACE_SIDE_STYLE('',(#2838));
#2840=SURFACE_STYLE_USAGE(.BOTH.,#2839);
#2841=PRESENTATION_STYLE_ASSIGNMENT((#2840));
#2842=STYLED_ITEM('',(#2841),#2834);
#2843=ADVANCED_FACE('',(#6637),#6639,.F.);
#2844=COLOUR_RGB($,0.862745098039216,0.862745098039216,0.862745098039216);
#2845=FILL_AREA_STYLE_COLOUR($,#2844);
#2846=FILL_AREA_STYLE($,(#2845));
#2847=SURFACE_STYLE_FILL_AREA(#2846);
#2848=SURFACE_SIDE_STYLE('',(#2847));
#2849=SURFACE_STYLE_USAGE(.BOTH.,#2848);
#2850=PRESENTATION_STYLE_ASSIGNMENT((#2849));
#2851=STYLED_ITEM('',(#2850),#2843);
#2852=ADVANCED_FACE('',(#6644),#6646,.F.);
#2853=COLOUR_RGB($,0.862745098039216,0.862745098039216,0.862745098039216);
#2854=FILL_AREA_STYLE_COLOUR($,#2853);
#2855=FILL_AREA_STYLE($,(#2854));
#2856=SURFACE_STYLE_FILL_AREA(#2855);
#2857=SURFACE_SIDE_STYLE('',(#2856));
#2858=SURFACE_STYLE_USAGE(.BOTH.,#2857);
#2859=PRESENTATION_STYLE_ASSIGNMENT((#2858));
#2860=STYLED_ITEM('',(#2859),#2852);
#2861=ADVANCED_FACE('',(#6651),#6653,.F.);
#2862=COLOUR_RGB($,0.862745098039216,0.862745098039216,0.862745098039216);
#2863=FILL_AREA_STYLE_COLOUR($,#2862);
#2864=FILL_AREA_STYLE($,(#2863));
#2865=SURFACE_STYLE_FILL_AREA(#2864);
#2866=SURFACE_SIDE_STYLE('',(#2865));
#2867=SURFACE_STYLE_USAGE(.BOTH.,#2866);
#2868=PRESENTATION_STYLE_ASSIGNMENT((#2867));
#2869=STYLED_ITEM('',(#2868),#2861);
#2870=ADVANCED_FACE('',(#6658),#6660,.F.);
#2871=COLOUR_RGB($,0.862745098039216,0.862745098039216,0.862745098039216);
#2872=FILL_AREA_STYLE_COLOUR($,#2871);
#2873=FILL_AREA_STYLE($,(#2872));
#2874=SURFACE_STYLE_FILL_AREA(#2873);
#2875=SURFACE_SIDE_STYLE('',(#2874));
#2876=SURFACE_STYLE_USAGE(.BOTH.,#2875);
#2877=PRESENTATION_STYLE_ASSIGNMENT((#2876));
#2878=STYLED_ITEM('',(#2877),#2870);
#2879=ADVANCED_FACE('',(#6665),#6667,.F.);
#2880=COLOUR_RGB($,0.862745098039216,0.862745098039216,0.862745098039216);
#2881=FILL_AREA_STYLE_COLOUR($,#2880);
#2882=FILL_AREA_STYLE($,(#2881));
#2883=SURFACE_STYLE_FILL_AREA(#2882);
#2884=SURFACE_SIDE_STYLE('',(#2883));
#2885=SURFACE_STYLE_USAGE(.BOTH.,#2884);
#2886=PRESENTATION_STYLE_ASSIGNMENT((#2885));
#2887=STYLED_ITEM('',(#2886),#2879);
#2888=ADVANCED_FACE('',(#6672),#6674,.F.);
#2889=COLOUR_RGB($,0.862745098039216,0.862745098039216,0.862745098039216);
#2890=FILL_AREA_STYLE_COLOUR($,#2889);
#2891=FILL_AREA_STYLE($,(#2890));
#2892=SURFACE_STYLE_FILL_AREA(#2891);
#2893=SURFACE_SIDE_STYLE('',(#2892));
#2894=SURFACE_STYLE_USAGE(.BOTH.,#2893);
#2895=PRESENTATION_STYLE_ASSIGNMENT((#2894));
#2896=STYLED_ITEM('',(#2895),#2888);
#2897=ADVANCED_FACE('',(#6679),#6681,.F.);
#2898=COLOUR_RGB($,0.862745098039216,0.862745098039216,0.862745098039216);
#2899=FILL_AREA_STYLE_COLOUR($,#2898);
#2900=FILL_AREA_STYLE($,(#2899));
#2901=SURFACE_STYLE_FILL_AREA(#2900);
#2902=SURFACE_SIDE_STYLE('',(#2901));
#2903=SURFACE_STYLE_USAGE(.BOTH.,#2902);
#2904=PRESENTATION_STYLE_ASSIGNMENT((#2903));
#2905=STYLED_ITEM('',(#2904),#2897);
#2906=ADVANCED_FACE('',(#6686),#6688,.F.);
#2907=COLOUR_RGB($,0.862745098039216,0.862745098039216,0.862745098039216);
#2908=FILL_AREA_STYLE_COLOUR($,#2907);
#2909=FILL_AREA_STYLE($,(#2908));
#2910=SURFACE_STYLE_FILL_AREA(#2909);
#2911=SURFACE_SIDE_STYLE('',(#2910));
#2912=SURFACE_STYLE_USAGE(.BOTH.,#2911);
#2913=PRESENTATION_STYLE_ASSIGNMENT((#2912));
#2914=STYLED_ITEM('',(#2913),#2906);
#2915=ADVANCED_FACE('',(#6693),#6695,.F.);
#2916=COLOUR_RGB($,0.862745098039216,0.862745098039216,0.862745098039216);
#2917=FILL_AREA_STYLE_COLOUR($,#2916);
#2918=FILL_AREA_STYLE($,(#2917));
#2919=SURFACE_STYLE_FILL_AREA(#2918);
#2920=SURFACE_SIDE_STYLE('',(#2919));
#2921=SURFACE_STYLE_USAGE(.BOTH.,#2920);
#2922=PRESENTATION_STYLE_ASSIGNMENT((#2921));
#2923=STYLED_ITEM('',(#2922),#2915);
#2924=ADVANCED_FACE('',(#6700),#6702,.F.);
#2925=COLOUR_RGB($,0.862745098039216,0.862745098039216,0.862745098039216);
#2926=FILL_AREA_STYLE_COLOUR($,#2925);
#2927=FILL_AREA_STYLE($,(#2926));
#2928=SURFACE_STYLE_FILL_AREA(#2927);
#2929=SURFACE_SIDE_STYLE('',(#2928));
#2930=SURFACE_STYLE_USAGE(.BOTH.,#2929);
#2931=PRESENTATION_STYLE_ASSIGNMENT((#2930));
#2932=STYLED_ITEM('',(#2931),#2924);
#2933=ADVANCED_FACE('',(#6707),#6709,.F.);
#2934=COLOUR_RGB($,0.862745098039216,0.862745098039216,0.862745098039216);
#2935=FILL_AREA_STYLE_COLOUR($,#2934);
#2936=FILL_AREA_STYLE($,(#2935));
#2937=SURFACE_STYLE_FILL_AREA(#2936);
#2938=SURFACE_SIDE_STYLE('',(#2937));
#2939=SURFACE_STYLE_USAGE(.BOTH.,#2938);
#2940=PRESENTATION_STYLE_ASSIGNMENT((#2939));
#2941=STYLED_ITEM('',(#2940),#2933);
#2942=ADVANCED_FACE('',(#6714),#6716,.F.);
#2943=COLOUR_RGB($,0.862745098039216,0.862745098039216,0.862745098039216);
#2944=FILL_AREA_STYLE_COLOUR($,#2943);
#2945=FILL_AREA_STYLE($,(#2944));
#2946=SURFACE_STYLE_FILL_AREA(#2945);
#2947=SURFACE_SIDE_STYLE('',(#2946));
#2948=SURFACE_STYLE_USAGE(.BOTH.,#2947);
#2949=PRESENTATION_STYLE_ASSIGNMENT((#2948));
#2950=STYLED_ITEM('',(#2949),#2942);
#2951=ADVANCED_FACE('',(#6721),#6723,.F.);
#2952=COLOUR_RGB($,0.862745098039216,0.862745098039216,0.862745098039216);
#2953=FILL_AREA_STYLE_COLOUR($,#2952);
#2954=FILL_AREA_STYLE($,(#2953));
#2955=SURFACE_STYLE_FILL_AREA(#2954);
#2956=SURFACE_SIDE_STYLE('',(#2955));
#2957=SURFACE_STYLE_USAGE(.BOTH.,#2956);
#2958=PRESENTATION_STYLE_ASSIGNMENT((#2957));
#2959=STYLED_ITEM('',(#2958),#2951);
#2960=ADVANCED_FACE('',(#6728),#6730,.F.);
#2961=COLOUR_RGB($,0.862745098039216,0.862745098039216,0.862745098039216);
#2962=FILL_AREA_STYLE_COLOUR($,#2961);
#2963=FILL_AREA_STYLE($,(#2962));
#2964=SURFACE_STYLE_FILL_AREA(#2963);
#2965=SURFACE_SIDE_STYLE('',(#2964));
#2966=SURFACE_STYLE_USAGE(.BOTH.,#2965);
#2967=PRESENTATION_STYLE_ASSIGNMENT((#2966));
#2968=STYLED_ITEM('',(#2967),#2960);
#2969=ADVANCED_FACE('',(#6735),#6737,.F.);
#2970=COLOUR_RGB($,0.862745098039216,0.862745098039216,0.862745098039216);
#2971=FILL_AREA_STYLE_COLOUR($,#2970);
#2972=FILL_AREA_STYLE($,(#2971));
#2973=SURFACE_STYLE_FILL_AREA(#2972);
#2974=SURFACE_SIDE_STYLE('',(#2973));
#2975=SURFACE_STYLE_USAGE(.BOTH.,#2974);
#2976=PRESENTATION_STYLE_ASSIGNMENT((#2975));
#2977=STYLED_ITEM('',(#2976),#2969);
#2978=ADVANCED_FACE('',(#6742),#6744,.F.);
#2979=COLOUR_RGB($,0.862745098039216,0.862745098039216,0.862745098039216);
#2980=FILL_AREA_STYLE_COLOUR($,#2979);
#2981=FILL_AREA_STYLE($,(#2980));
#2982=SURFACE_STYLE_FILL_AREA(#2981);
#2983=SURFACE_SIDE_STYLE('',(#2982));
#2984=SURFACE_STYLE_USAGE(.BOTH.,#2983);
#2985=PRESENTATION_STYLE_ASSIGNMENT((#2984));
#2986=STYLED_ITEM('',(#2985),#2978);
#2987=ADVANCED_FACE('',(#6749),#6751,.F.);
#2988=COLOUR_RGB($,0.862745098039216,0.862745098039216,0.862745098039216);
#2989=FILL_AREA_STYLE_COLOUR($,#2988);
#2990=FILL_AREA_STYLE($,(#2989));
#2991=SURFACE_STYLE_FILL_AREA(#2990);
#2992=SURFACE_SIDE_STYLE('',(#2991));
#2993=SURFACE_STYLE_USAGE(.BOTH.,#2992);
#2994=PRESENTATION_STYLE_ASSIGNMENT((#2993));
#2995=STYLED_ITEM('',(#2994),#2987);
#2996=ADVANCED_FACE('',(#6756),#6758,.F.);
#2997=COLOUR_RGB($,0.862745098039216,0.862745098039216,0.862745098039216);
#2998=FILL_AREA_STYLE_COLOUR($,#2997);
#2999=FILL_AREA_STYLE($,(#2998));
#3000=SURFACE_STYLE_FILL_AREA(#2999);
#3001=SURFACE_SIDE_STYLE('',(#3000));
#3002=SURFACE_STYLE_USAGE(.BOTH.,#3001);
#3003=PRESENTATION_STYLE_ASSIGNMENT((#3002));
#3004=STYLED_ITEM('',(#3003),#2996);
#3005=ADVANCED_FACE('',(#6763),#6765,.F.);
#3006=COLOUR_RGB($,0.862745098039216,0.862745098039216,0.862745098039216);
#3007=FILL_AREA_STYLE_COLOUR($,#3006);
#3008=FILL_AREA_STYLE($,(#3007));
#3009=SURFACE_STYLE_FILL_AREA(#3008);
#3010=SURFACE_SIDE_STYLE('',(#3009));
#3011=SURFACE_STYLE_USAGE(.BOTH.,#3010);
#3012=PRESENTATION_STYLE_ASSIGNMENT((#3011));
#3013=STYLED_ITEM('',(#3012),#3005);
#3014=ADVANCED_FACE('',(#6770),#6772,.F.);
#3015=COLOUR_RGB($,0.862745098039216,0.862745098039216,0.862745098039216);
#3016=FILL_AREA_STYLE_COLOUR($,#3015);
#3017=FILL_AREA_STYLE($,(#3016));
#3018=SURFACE_STYLE_FILL_AREA(#3017);
#3019=SURFACE_SIDE_STYLE('',(#3018));
#3020=SURFACE_STYLE_USAGE(.BOTH.,#3019);
#3021=PRESENTATION_STYLE_ASSIGNMENT((#3020));
#3022=STYLED_ITEM('',(#3021),#3014);
#3023=ADVANCED_FACE('',(#6777),#6779,.F.);
#3024=COLOUR_RGB($,0.862745098039216,0.862745098039216,0.862745098039216);
#3025=FILL_AREA_STYLE_COLOUR($,#3024);
#3026=FILL_AREA_STYLE($,(#3025));
#3027=SURFACE_STYLE_FILL_AREA(#3026);
#3028=SURFACE_SIDE_STYLE('',(#3027));
#3029=SURFACE_STYLE_USAGE(.BOTH.,#3028);
#3030=PRESENTATION_STYLE_ASSIGNMENT((#3029));
#3031=STYLED_ITEM('',(#3030),#3023);
#3032=ADVANCED_FACE('',(#6784),#6786,.F.);
#3033=COLOUR_RGB($,0.862745098039216,0.862745098039216,0.862745098039216);
#3034=FILL_AREA_STYLE_COLOUR($,#3033);
#3035=FILL_AREA_STYLE($,(#3034));
#3036=SURFACE_STYLE_FILL_AREA(#3035);
#3037=SURFACE_SIDE_STYLE('',(#3036));
#3038=SURFACE_STYLE_USAGE(.BOTH.,#3037);
#3039=PRESENTATION_STYLE_ASSIGNMENT((#3038));
#3040=STYLED_ITEM('',(#3039),#3032);
#3041=ADVANCED_FACE('',(#6791),#6793,.F.);
#3042=COLOUR_RGB($,0.862745098039216,0.862745098039216,0.862745098039216);
#3043=FILL_AREA_STYLE_COLOUR($,#3042);
#3044=FILL_AREA_STYLE($,(#3043));
#3045=SURFACE_STYLE_FILL_AREA(#3044);
#3046=SURFACE_SIDE_STYLE('',(#3045));
#3047=SURFACE_STYLE_USAGE(.BOTH.,#3046);
#3048=PRESENTATION_STYLE_ASSIGNMENT((#3047));
#3049=STYLED_ITEM('',(#3048),#3041);
#3050=ADVANCED_FACE('',(#6798),#6800,.T.);
#3051=COLOUR_RGB($,0.862745098039216,0.862745098039216,0.862745098039216);
#3052=FILL_AREA_STYLE_COLOUR($,#3051);
#3053=FILL_AREA_STYLE($,(#3052));
#3054=SURFACE_STYLE_FILL_AREA(#3053);
#3055=SURFACE_SIDE_STYLE('',(#3054));
#3056=SURFACE_STYLE_USAGE(.BOTH.,#3055);
#3057=PRESENTATION_STYLE_ASSIGNMENT((#3056));
#3058=STYLED_ITEM('',(#3057),#3050);
#3059=ADVANCED_FACE('',(#6805),#6807,.T.);
#3060=COLOUR_RGB($,0.862745098039216,0.862745098039216,0.862745098039216);
#3061=FILL_AREA_STYLE_COLOUR($,#3060);
#3062=FILL_AREA_STYLE($,(#3061));
#3063=SURFACE_STYLE_FILL_AREA(#3062);
#3064=SURFACE_SIDE_STYLE('',(#3063));
#3065=SURFACE_STYLE_USAGE(.BOTH.,#3064);
#3066=PRESENTATION_STYLE_ASSIGNMENT((#3065));
#3067=STYLED_ITEM('',(#3066),#3059);
#3068=ADVANCED_FACE('',(#6812),#6814,.T.);
#3069=COLOUR_RGB($,0.862745098039216,0.862745098039216,0.862745098039216);
#3070=FILL_AREA_STYLE_COLOUR($,#3069);
#3071=FILL_AREA_STYLE($,(#3070));
#3072=SURFACE_STYLE_FILL_AREA(#3071);
#3073=SURFACE_SIDE_STYLE('',(#3072));
#3074=SURFACE_STYLE_USAGE(.BOTH.,#3073);
#3075=PRESENTATION_STYLE_ASSIGNMENT((#3074));
#3076=STYLED_ITEM('',(#3075),#3068);
#3077=ADVANCED_FACE('',(#6819,#6821),#6823,.F.);
#3078=COLOUR_RGB($,0.862745098039216,0.862745098039216,0.862745098039216);
#3079=FILL_AREA_STYLE_COLOUR($,#3078);
#3080=FILL_AREA_STYLE($,(#3079));
#3081=SURFACE_STYLE_FILL_AREA(#3080);
#3082=SURFACE_SIDE_STYLE('',(#3081));
#3083=SURFACE_STYLE_USAGE(.BOTH.,#3082);
#3084=PRESENTATION_STYLE_ASSIGNMENT((#3083));
#3085=STYLED_ITEM('',(#3084),#3077);
#3086=ADVANCED_FACE('',(#6828,#6830),#6832,.F.);
#3087=COLOUR_RGB($,0.862745098039216,0.862745098039216,0.862745098039216);
#3088=FILL_AREA_STYLE_COLOUR($,#3087);
#3089=FILL_AREA_STYLE($,(#3088));
#3090=SURFACE_STYLE_FILL_AREA(#3089);
#3091=SURFACE_SIDE_STYLE('',(#3090));
#3092=SURFACE_STYLE_USAGE(.BOTH.,#3091);
#3093=PRESENTATION_STYLE_ASSIGNMENT((#3092));
#3094=STYLED_ITEM('',(#3093),#3086);
#3095=ADVANCED_FACE('',(#6837),#6839,.T.);
#3096=COLOUR_RGB($,0.862745098039216,0.862745098039216,0.862745098039216);
#3097=FILL_AREA_STYLE_COLOUR($,#3096);
#3098=FILL_AREA_STYLE($,(#3097));
#3099=SURFACE_STYLE_FILL_AREA(#3098);
#3100=SURFACE_SIDE_STYLE('',(#3099));
#3101=SURFACE_STYLE_USAGE(.BOTH.,#3100);
#3102=PRESENTATION_STYLE_ASSIGNMENT((#3101));
#3103=STYLED_ITEM('',(#3102),#3095);
#3104=ADVANCED_FACE('',(#6844),#6846,.T.);
#3105=COLOUR_RGB($,0.862745098039216,0.862745098039216,0.862745098039216);
#3106=FILL_AREA_STYLE_COLOUR($,#3105);
#3107=FILL_AREA_STYLE($,(#3106));
#3108=SURFACE_STYLE_FILL_AREA(#3107);
#3109=SURFACE_SIDE_STYLE('',(#3108));
#3110=SURFACE_STYLE_USAGE(.BOTH.,#3109);
#3111=PRESENTATION_STYLE_ASSIGNMENT((#3110));
#3112=STYLED_ITEM('',(#3111),#3104);
#3113=ADVANCED_FACE('',(#6851),#6853,.F.);
#3114=COLOUR_RGB($,0.862745098039216,0.862745098039216,0.862745098039216);
#3115=FILL_AREA_STYLE_COLOUR($,#3114);
#3116=FILL_AREA_STYLE($,(#3115));
#3117=SURFACE_STYLE_FILL_AREA(#3116);
#3118=SURFACE_SIDE_STYLE('',(#3117));
#3119=SURFACE_STYLE_USAGE(.BOTH.,#3118);
#3120=PRESENTATION_STYLE_ASSIGNMENT((#3119));
#3121=STYLED_ITEM('',(#3120),#3113);
#3122=ADVANCED_FACE('',(#6858,#6860),#6862,.F.);
#3123=COLOUR_RGB($,0.862745098039216,0.862745098039216,0.862745098039216);
#3124=FILL_AREA_STYLE_COLOUR($,#3123);
#3125=FILL_AREA_STYLE($,(#3124));
#3126=SURFACE_STYLE_FILL_AREA(#3125);
#3127=SURFACE_SIDE_STYLE('',(#3126));
#3128=SURFACE_STYLE_USAGE(.BOTH.,#3127);
#3129=PRESENTATION_STYLE_ASSIGNMENT((#3128));
#3130=STYLED_ITEM('',(#3129),#3122);
#3131=ADVANCED_FACE('',(#6867,#6869),#6871,.F.);
#3132=COLOUR_RGB($,0.862745098039216,0.862745098039216,0.862745098039216);
#3133=FILL_AREA_STYLE_COLOUR($,#3132);
#3134=FILL_AREA_STYLE($,(#3133));
#3135=SURFACE_STYLE_FILL_AREA(#3134);
#3136=SURFACE_SIDE_STYLE('',(#3135));
#3137=SURFACE_STYLE_USAGE(.BOTH.,#3136);
#3138=PRESENTATION_STYLE_ASSIGNMENT((#3137));
#3139=STYLED_ITEM('',(#3138),#3131);
#3140=ADVANCED_FACE('',(#6876),#6878,.T.);
#3141=COLOUR_RGB($,0.862745098039216,0.862745098039216,0.862745098039216);
#3142=FILL_AREA_STYLE_COLOUR($,#3141);
#3143=FILL_AREA_STYLE($,(#3142));
#3144=SURFACE_STYLE_FILL_AREA(#3143);
#3145=SURFACE_SIDE_STYLE('',(#3144));
#3146=SURFACE_STYLE_USAGE(.BOTH.,#3145);
#3147=PRESENTATION_STYLE_ASSIGNMENT((#3146));
#3148=STYLED_ITEM('',(#3147),#3140);
#3149=ADVANCED_FACE('',(#6883),#6885,.T.);
#3150=COLOUR_RGB($,0.862745098039216,0.862745098039216,0.862745098039216);
#3151=FILL_AREA_STYLE_COLOUR($,#3150);
#3152=FILL_AREA_STYLE($,(#3151));
#3153=SURFACE_STYLE_FILL_AREA(#3152);
#3154=SURFACE_SIDE_STYLE('',(#3153));
#3155=SURFACE_STYLE_USAGE(.BOTH.,#3154);
#3156=PRESENTATION_STYLE_ASSIGNMENT((#3155));
#3157=STYLED_ITEM('',(#3156),#3149);
#3158=ADVANCED_FACE('',(#6890),#6892,.T.);
#3159=COLOUR_RGB($,0.862745098039216,0.862745098039216,0.862745098039216);
#3160=FILL_AREA_STYLE_COLOUR($,#3159);
#3161=FILL_AREA_STYLE($,(#3160));
#3162=SURFACE_STYLE_FILL_AREA(#3161);
#3163=SURFACE_SIDE_STYLE('',(#3162));
#3164=SURFACE_STYLE_USAGE(.BOTH.,#3163);
#3165=PRESENTATION_STYLE_ASSIGNMENT((#3164));
#3166=STYLED_ITEM('',(#3165),#3158);
#3167=ADVANCED_FACE('',(#6897),#6899,.F.);
#3168=COLOUR_RGB($,0.862745098039216,0.862745098039216,0.862745098039216);
#3169=FILL_AREA_STYLE_COLOUR($,#3168);
#3170=FILL_AREA_STYLE($,(#3169));
#3171=SURFACE_STYLE_FILL_AREA(#3170);
#3172=SURFACE_SIDE_STYLE('',(#3171));
#3173=SURFACE_STYLE_USAGE(.BOTH.,#3172);
#3174=PRESENTATION_STYLE_ASSIGNMENT((#3173));
#3175=STYLED_ITEM('',(#3174),#3167);
#3176=ADVANCED_FACE('',(#6904),#6906,.F.);
#3177=COLOUR_RGB($,0.862745098039216,0.862745098039216,0.862745098039216);
#3178=FILL_AREA_STYLE_COLOUR($,#3177);
#3179=FILL_AREA_STYLE($,(#3178));
#3180=SURFACE_STYLE_FILL_AREA(#3179);
#3181=SURFACE_SIDE_STYLE('',(#3180));
#3182=SURFACE_STYLE_USAGE(.BOTH.,#3181);
#3183=PRESENTATION_STYLE_ASSIGNMENT((#3182));
#3184=STYLED_ITEM('',(#3183),#3176);
#3185=ADVANCED_FACE('',(#6911),#6913,.T.);
#3186=COLOUR_RGB($,0.862745098039216,0.862745098039216,0.862745098039216);
#3187=FILL_AREA_STYLE_COLOUR($,#3186);
#3188=FILL_AREA_STYLE($,(#3187));
#3189=SURFACE_STYLE_FILL_AREA(#3188);
#3190=SURFACE_SIDE_STYLE('',(#3189));
#3191=SURFACE_STYLE_USAGE(.BOTH.,#3190);
#3192=PRESENTATION_STYLE_ASSIGNMENT((#3191));
#3193=STYLED_ITEM('',(#3192),#3185);
#3194=ADVANCED_FACE('',(#6918),#6920,.F.);
#3195=COLOUR_RGB($,0.862745098039216,0.862745098039216,0.862745098039216);
#3196=FILL_AREA_STYLE_COLOUR($,#3195);
#3197=FILL_AREA_STYLE($,(#3196));
#3198=SURFACE_STYLE_FILL_AREA(#3197);
#3199=SURFACE_SIDE_STYLE('',(#3198));
#3200=SURFACE_STYLE_USAGE(.BOTH.,#3199);
#3201=PRESENTATION_STYLE_ASSIGNMENT((#3200));
#3202=STYLED_ITEM('',(#3201),#3194);
#3203=ADVANCED_FACE('',(#6925),#6927,.T.);
#3204=COLOUR_RGB($,0.862745098039216,0.862745098039216,0.862745098039216);
#3205=FILL_AREA_STYLE_COLOUR($,#3204);
#3206=FILL_AREA_STYLE($,(#3205));
#3207=SURFACE_STYLE_FILL_AREA(#3206);
#3208=SURFACE_SIDE_STYLE('',(#3207));
#3209=SURFACE_STYLE_USAGE(.BOTH.,#3208);
#3210=PRESENTATION_STYLE_ASSIGNMENT((#3209));
#3211=STYLED_ITEM('',(#3210),#3203);
#3212=ADVANCED_FACE('',(#6932),#6934,.T.);
#3213=COLOUR_RGB($,0.862745098039216,0.862745098039216,0.862745098039216);
#3214=FILL_AREA_STYLE_COLOUR($,#3213);
#3215=FILL_AREA_STYLE($,(#3214));
#3216=SURFACE_STYLE_FILL_AREA(#3215);
#3217=SURFACE_SIDE_STYLE('',(#3216));
#3218=SURFACE_STYLE_USAGE(.BOTH.,#3217);
#3219=PRESENTATION_STYLE_ASSIGNMENT((#3218));
#3220=STYLED_ITEM('',(#3219),#3212);
#3221=ADVANCED_FACE('',(#6939,#6941),#6943,.F.);
#3222=COLOUR_RGB($,0.862745098039216,0.862745098039216,0.862745098039216);
#3223=FILL_AREA_STYLE_COLOUR($,#3222);
#3224=FILL_AREA_STYLE($,(#3223));
#3225=SURFACE_STYLE_FILL_AREA(#3224);
#3226=SURFACE_SIDE_STYLE('',(#3225));
#3227=SURFACE_STYLE_USAGE(.BOTH.,#3226);
#3228=PRESENTATION_STYLE_ASSIGNMENT((#3227));
#3229=STYLED_ITEM('',(#3228),#3221);
#3230=ADVANCED_FACE('',(#6948,#6950),#6952,.F.);
#3231=COLOUR_RGB($,0.862745098039216,0.862745098039216,0.862745098039216);
#3232=FILL_AREA_STYLE_COLOUR($,#3231);
#3233=FILL_AREA_STYLE($,(#3232));
#3234=SURFACE_STYLE_FILL_AREA(#3233);
#3235=SURFACE_SIDE_STYLE('',(#3234));
#3236=SURFACE_STYLE_USAGE(.BOTH.,#3235);
#3237=PRESENTATION_STYLE_ASSIGNMENT((#3236));
#3238=STYLED_ITEM('',(#3237),#3230);
#3239=ADVANCED_FACE('',(#6957),#6959,.T.);
#3240=COLOUR_RGB($,0.862745098039216,0.862745098039216,0.862745098039216);
#3241=FILL_AREA_STYLE_COLOUR($,#3240);
#3242=FILL_AREA_STYLE($,(#3241));
#3243=SURFACE_STYLE_FILL_AREA(#3242);
#3244=SURFACE_SIDE_STYLE('',(#3243));
#3245=SURFACE_STYLE_USAGE(.BOTH.,#3244);
#3246=PRESENTATION_STYLE_ASSIGNMENT((#3245));
#3247=STYLED_ITEM('',(#3246),#3239);
#3248=ADVANCED_FACE('',(#6964),#6966,.T.);
#3249=COLOUR_RGB($,0.862745098039216,0.862745098039216,0.862745098039216);
#3250=FILL_AREA_STYLE_COLOUR($,#3249);
#3251=FILL_AREA_STYLE($,(#3250));
#3252=SURFACE_STYLE_FILL_AREA(#3251);
#3253=SURFACE_SIDE_STYLE('',(#3252));
#3254=SURFACE_STYLE_USAGE(.BOTH.,#3253);
#3255=PRESENTATION_STYLE_ASSIGNMENT((#3254));
#3256=STYLED_ITEM('',(#3255),#3248);
#3257=ADVANCED_FACE('',(#6971),#6973,.F.);
#3258=COLOUR_RGB($,0.862745098039216,0.862745098039216,0.862745098039216);
#3259=FILL_AREA_STYLE_COLOUR($,#3258);
#3260=FILL_AREA_STYLE($,(#3259));
#3261=SURFACE_STYLE_FILL_AREA(#3260);
#3262=SURFACE_SIDE_STYLE('',(#3261));
#3263=SURFACE_STYLE_USAGE(.BOTH.,#3262);
#3264=PRESENTATION_STYLE_ASSIGNMENT((#3263));
#3265=STYLED_ITEM('',(#3264),#3257);
#3266=ADVANCED_FACE('',(#6978),#6980,.F.);
#3267=COLOUR_RGB($,0.862745098039216,0.862745098039216,0.862745098039216);
#3268=FILL_AREA_STYLE_COLOUR($,#3267);
#3269=FILL_AREA_STYLE($,(#3268));
#3270=SURFACE_STYLE_FILL_AREA(#3269);
#3271=SURFACE_SIDE_STYLE('',(#3270));
#3272=SURFACE_STYLE_USAGE(.BOTH.,#3271);
#3273=PRESENTATION_STYLE_ASSIGNMENT((#3272));
#3274=STYLED_ITEM('',(#3273),#3266);
#3275=ADVANCED_FACE('',(#6985),#6987,.T.);
#3276=COLOUR_RGB($,0.862745098039216,0.862745098039216,0.862745098039216);
#3277=FILL_AREA_STYLE_COLOUR($,#3276);
#3278=FILL_AREA_STYLE($,(#3277));
#3279=SURFACE_STYLE_FILL_AREA(#3278);
#3280=SURFACE_SIDE_STYLE('',(#3279));
#3281=SURFACE_STYLE_USAGE(.BOTH.,#3280);
#3282=PRESENTATION_STYLE_ASSIGNMENT((#3281));
#3283=STYLED_ITEM('',(#3282),#3275);
#3284=ADVANCED_FACE('',(#6992),#6994,.T.);
#3285=COLOUR_RGB($,0.862745098039216,0.862745098039216,0.862745098039216);
#3286=FILL_AREA_STYLE_COLOUR($,#3285);
#3287=FILL_AREA_STYLE($,(#3286));
#3288=SURFACE_STYLE_FILL_AREA(#3287);
#3289=SURFACE_SIDE_STYLE('',(#3288));
#3290=SURFACE_STYLE_USAGE(.BOTH.,#3289);
#3291=PRESENTATION_STYLE_ASSIGNMENT((#3290));
#3292=STYLED_ITEM('',(#3291),#3284);
#3293=ADVANCED_FACE('',(#6999),#7001,.T.);
#3294=COLOUR_RGB($,0.862745098039216,0.862745098039216,0.862745098039216);
#3295=FILL_AREA_STYLE_COLOUR($,#3294);
#3296=FILL_AREA_STYLE($,(#3295));
#3297=SURFACE_STYLE_FILL_AREA(#3296);
#3298=SURFACE_SIDE_STYLE('',(#3297));
#3299=SURFACE_STYLE_USAGE(.BOTH.,#3298);
#3300=PRESENTATION_STYLE_ASSIGNMENT((#3299));
#3301=STYLED_ITEM('',(#3300),#3293);
#3302=ADVANCED_FACE('',(#7006),#7008,.T.);
#3303=COLOUR_RGB($,0.862745098039216,0.862745098039216,0.862745098039216);
#3304=FILL_AREA_STYLE_COLOUR($,#3303);
#3305=FILL_AREA_STYLE($,(#3304));
#3306=SURFACE_STYLE_FILL_AREA(#3305);
#3307=SURFACE_SIDE_STYLE('',(#3306));
#3308=SURFACE_STYLE_USAGE(.BOTH.,#3307);
#3309=PRESENTATION_STYLE_ASSIGNMENT((#3308));
#3310=STYLED_ITEM('',(#3309),#3302);
#3311=ADVANCED_FACE('',(#7013),#7015,.T.);
#3312=COLOUR_RGB($,0.862745098039216,0.862745098039216,0.862745098039216);
#3313=FILL_AREA_STYLE_COLOUR($,#3312);
#3314=FILL_AREA_STYLE($,(#3313));
#3315=SURFACE_STYLE_FILL_AREA(#3314);
#3316=SURFACE_SIDE_STYLE('',(#3315));
#3317=SURFACE_STYLE_USAGE(.BOTH.,#3316);
#3318=PRESENTATION_STYLE_ASSIGNMENT((#3317));
#3319=STYLED_ITEM('',(#3318),#3311);
#3320=ADVANCED_FACE('',(#7020),#7022,.T.);
#3321=COLOUR_RGB($,0.862745098039216,0.862745098039216,0.862745098039216);
#3322=FILL_AREA_STYLE_COLOUR($,#3321);
#3323=FILL_AREA_STYLE($,(#3322));
#3324=SURFACE_STYLE_FILL_AREA(#3323);
#3325=SURFACE_SIDE_STYLE('',(#3324));
#3326=SURFACE_STYLE_USAGE(.BOTH.,#3325);
#3327=PRESENTATION_STYLE_ASSIGNMENT((#3326));
#3328=STYLED_ITEM('',(#3327),#3320);
#3329=ADVANCED_FACE('',(#7027),#7029,.T.);
#3330=COLOUR_RGB($,0.862745098039216,0.862745098039216,0.862745098039216);
#3331=FILL_AREA_STYLE_COLOUR($,#3330);
#3332=FILL_AREA_STYLE($,(#3331));
#3333=SURFACE_STYLE_FILL_AREA(#3332);
#3334=SURFACE_SIDE_STYLE('',(#3333));
#3335=SURFACE_STYLE_USAGE(.BOTH.,#3334);
#3336=PRESENTATION_STYLE_ASSIGNMENT((#3335));
#3337=STYLED_ITEM('',(#3336),#3329);
#3338=ADVANCED_FACE('',(#7034),#7036,.T.);
#3339=COLOUR_RGB($,0.862745098039216,0.862745098039216,0.862745098039216);
#3340=FILL_AREA_STYLE_COLOUR($,#3339);
#3341=FILL_AREA_STYLE($,(#3340));
#3342=SURFACE_STYLE_FILL_AREA(#3341);
#3343=SURFACE_SIDE_STYLE('',(#3342));
#3344=SURFACE_STYLE_USAGE(.BOTH.,#3343);
#3345=PRESENTATION_STYLE_ASSIGNMENT((#3344));
#3346=STYLED_ITEM('',(#3345),#3338);
#3347=ADVANCED_FACE('',(#7041),#7043,.F.);
#3348=COLOUR_RGB($,0.862745098039216,0.862745098039216,0.862745098039216);
#3349=FILL_AREA_STYLE_COLOUR($,#3348);
#3350=FILL_AREA_STYLE($,(#3349));
#3351=SURFACE_STYLE_FILL_AREA(#3350);
#3352=SURFACE_SIDE_STYLE('',(#3351));
#3353=SURFACE_STYLE_USAGE(.BOTH.,#3352);
#3354=PRESENTATION_STYLE_ASSIGNMENT((#3353));
#3355=STYLED_ITEM('',(#3354),#3347);
#3356=ADVANCED_FACE('',(#7048),#7050,.F.);
#3357=COLOUR_RGB($,0.862745098039216,0.862745098039216,0.862745098039216);
#3358=FILL_AREA_STYLE_COLOUR($,#3357);
#3359=FILL_AREA_STYLE($,(#3358));
#3360=SURFACE_STYLE_FILL_AREA(#3359);
#3361=SURFACE_SIDE_STYLE('',(#3360));
#3362=SURFACE_STYLE_USAGE(.BOTH.,#3361);
#3363=PRESENTATION_STYLE_ASSIGNMENT((#3362));
#3364=STYLED_ITEM('',(#3363),#3356);
#3365=ADVANCED_FACE('',(#7055),#7057,.F.);
#3366=COLOUR_RGB($,0.862745098039216,0.862745098039216,0.862745098039216);
#3367=FILL_AREA_STYLE_COLOUR($,#3366);
#3368=FILL_AREA_STYLE($,(#3367));
#3369=SURFACE_STYLE_FILL_AREA(#3368);
#3370=SURFACE_SIDE_STYLE('',(#3369));
#3371=SURFACE_STYLE_USAGE(.BOTH.,#3370);
#3372=PRESENTATION_STYLE_ASSIGNMENT((#3371));
#3373=STYLED_ITEM('',(#3372),#3365);
#3374=ADVANCED_FACE('',(#7062),#7064,.T.);
#3375=COLOUR_RGB($,0.862745098039216,0.862745098039216,0.862745098039216);
#3376=FILL_AREA_STYLE_COLOUR($,#3375);
#3377=FILL_AREA_STYLE($,(#3376));
#3378=SURFACE_STYLE_FILL_AREA(#3377);
#3379=SURFACE_SIDE_STYLE('',(#3378));
#3380=SURFACE_STYLE_USAGE(.BOTH.,#3379);
#3381=PRESENTATION_STYLE_ASSIGNMENT((#3380));
#3382=STYLED_ITEM('',(#3381),#3374);
#3383=ADVANCED_FACE('',(#7069),#7071,.T.);
#3384=COLOUR_RGB($,0.862745098039216,0.862745098039216,0.862745098039216);
#3385=FILL_AREA_STYLE_COLOUR($,#3384);
#3386=FILL_AREA_STYLE($,(#3385));
#3387=SURFACE_STYLE_FILL_AREA(#3386);
#3388=SURFACE_SIDE_STYLE('',(#3387));
#3389=SURFACE_STYLE_USAGE(.BOTH.,#3388);
#3390=PRESENTATION_STYLE_ASSIGNMENT((#3389));
#3391=STYLED_ITEM('',(#3390),#3383);
#3392=ADVANCED_FACE('',(#7076),#7078,.F.);
#3393=COLOUR_RGB($,0.862745098039216,0.862745098039216,0.862745098039216);
#3394=FILL_AREA_STYLE_COLOUR($,#3393);
#3395=FILL_AREA_STYLE($,(#3394));
#3396=SURFACE_STYLE_FILL_AREA(#3395);
#3397=SURFACE_SIDE_STYLE('',(#3396));
#3398=SURFACE_STYLE_USAGE(.BOTH.,#3397);
#3399=PRESENTATION_STYLE_ASSIGNMENT((#3398));
#3400=STYLED_ITEM('',(#3399),#3392);
#3401=ADVANCED_FACE('',(#7083),#7085,.T.);
#3402=COLOUR_RGB($,0.862745098039216,0.862745098039216,0.862745098039216);
#3403=FILL_AREA_STYLE_COLOUR($,#3402);
#3404=FILL_AREA_STYLE($,(#3403));
#3405=SURFACE_STYLE_FILL_AREA(#3404);
#3406=SURFACE_SIDE_STYLE('',(#3405));
#3407=SURFACE_STYLE_USAGE(.BOTH.,#3406);
#3408=PRESENTATION_STYLE_ASSIGNMENT((#3407));
#3409=STYLED_ITEM('',(#3408),#3401);
#3410=ADVANCED_FACE('',(#7090),#7092,.T.);
#3411=COLOUR_RGB($,0.862745098039216,0.862745098039216,0.862745098039216);
#3412=FILL_AREA_STYLE_COLOUR($,#3411);
#3413=FILL_AREA_STYLE($,(#3412));
#3414=SURFACE_STYLE_FILL_AREA(#3413);
#3415=SURFACE_SIDE_STYLE('',(#3414));
#3416=SURFACE_STYLE_USAGE(.BOTH.,#3415);
#3417=PRESENTATION_STYLE_ASSIGNMENT((#3416));
#3418=STYLED_ITEM('',(#3417),#3410);
#3419=ADVANCED_FACE('',(#7097),#7099,.F.);
#3420=COLOUR_RGB($,0.862745098039216,0.862745098039216,0.862745098039216);
#3421=FILL_AREA_STYLE_COLOUR($,#3420);
#3422=FILL_AREA_STYLE($,(#3421));
#3423=SURFACE_STYLE_FILL_AREA(#3422);
#3424=SURFACE_SIDE_STYLE('',(#3423));
#3425=SURFACE_STYLE_USAGE(.BOTH.,#3424);
#3426=PRESENTATION_STYLE_ASSIGNMENT((#3425));
#3427=STYLED_ITEM('',(#3426),#3419);
#3428=ADVANCED_FACE('',(#7104),#7106,.T.);
#3429=COLOUR_RGB($,0.862745098039216,0.862745098039216,0.862745098039216);
#3430=FILL_AREA_STYLE_COLOUR($,#3429);
#3431=FILL_AREA_STYLE($,(#3430));
#3432=SURFACE_STYLE_FILL_AREA(#3431);
#3433=SURFACE_SIDE_STYLE('',(#3432));
#3434=SURFACE_STYLE_USAGE(.BOTH.,#3433);
#3435=PRESENTATION_STYLE_ASSIGNMENT((#3434));
#3436=STYLED_ITEM('',(#3435),#3428);
#3437=ADVANCED_FACE('',(#7111),#7113,.T.);
#3438=COLOUR_RGB($,0.862745098039216,0.862745098039216,0.862745098039216);
#3439=FILL_AREA_STYLE_COLOUR($,#3438);
#3440=FILL_AREA_STYLE($,(#3439));
#3441=SURFACE_STYLE_FILL_AREA(#3440);
#3442=SURFACE_SIDE_STYLE('',(#3441));
#3443=SURFACE_STYLE_USAGE(.BOTH.,#3442);
#3444=PRESENTATION_STYLE_ASSIGNMENT((#3443));
#3445=STYLED_ITEM('',(#3444),#3437);
#3446=ADVANCED_FACE('',(#7118),#7120,.T.);
#3447=COLOUR_RGB($,0.862745098039216,0.862745098039216,0.862745098039216);
#3448=FILL_AREA_STYLE_COLOUR($,#3447);
#3449=FILL_AREA_STYLE($,(#3448));
#3450=SURFACE_STYLE_FILL_AREA(#3449);
#3451=SURFACE_SIDE_STYLE('',(#3450));
#3452=SURFACE_STYLE_USAGE(.BOTH.,#3451);
#3453=PRESENTATION_STYLE_ASSIGNMENT((#3452));
#3454=STYLED_ITEM('',(#3453),#3446);
#3455=ADVANCED_FACE('',(#7125),#7127,.F.);
#3456=COLOUR_RGB($,0.862745098039216,0.862745098039216,0.862745098039216);
#3457=FILL_AREA_STYLE_COLOUR($,#3456);
#3458=FILL_AREA_STYLE($,(#3457));
#3459=SURFACE_STYLE_FILL_AREA(#3458);
#3460=SURFACE_SIDE_STYLE('',(#3459));
#3461=SURFACE_STYLE_USAGE(.BOTH.,#3460);
#3462=PRESENTATION_STYLE_ASSIGNMENT((#3461));
#3463=STYLED_ITEM('',(#3462),#3455);
#3464=ADVANCED_FACE('',(#7132),#7134,.F.);
#3465=COLOUR_RGB($,0.862745098039216,0.862745098039216,0.862745098039216);
#3466=FILL_AREA_STYLE_COLOUR($,#3465);
#3467=FILL_AREA_STYLE($,(#3466));
#3468=SURFACE_STYLE_FILL_AREA(#3467);
#3469=SURFACE_SIDE_STYLE('',(#3468));
#3470=SURFACE_STYLE_USAGE(.BOTH.,#3469);
#3471=PRESENTATION_STYLE_ASSIGNMENT((#3470));
#3472=STYLED_ITEM('',(#3471),#3464);
#3473=ADVANCED_FACE('',(#7139),#7141,.T.);
#3474=COLOUR_RGB($,0.862745098039216,0.862745098039216,0.862745098039216);
#3475=FILL_AREA_STYLE_COLOUR($,#3474);
#3476=FILL_AREA_STYLE($,(#3475));
#3477=SURFACE_STYLE_FILL_AREA(#3476);
#3478=SURFACE_SIDE_STYLE('',(#3477));
#3479=SURFACE_STYLE_USAGE(.BOTH.,#3478);
#3480=PRESENTATION_STYLE_ASSIGNMENT((#3479));
#3481=STYLED_ITEM('',(#3480),#3473);
#3482=ADVANCED_FACE('',(#7146),#7148,.T.);
#3483=COLOUR_RGB($,0.862745098039216,0.862745098039216,0.862745098039216);
#3484=FILL_AREA_STYLE_COLOUR($,#3483);
#3485=FILL_AREA_STYLE($,(#3484));
#3486=SURFACE_STYLE_FILL_AREA(#3485);
#3487=SURFACE_SIDE_STYLE('',(#3486));
#3488=SURFACE_STYLE_USAGE(.BOTH.,#3487);
#3489=PRESENTATION_STYLE_ASSIGNMENT((#3488));
#3490=STYLED_ITEM('',(#3489),#3482);
#3491=ADVANCED_FACE('',(#7153),#7155,.F.);
#3492=COLOUR_RGB($,0.862745098039216,0.862745098039216,0.862745098039216);
#3493=FILL_AREA_STYLE_COLOUR($,#3492);
#3494=FILL_AREA_STYLE($,(#3493));
#3495=SURFACE_STYLE_FILL_AREA(#3494);
#3496=SURFACE_SIDE_STYLE('',(#3495));
#3497=SURFACE_STYLE_USAGE(.BOTH.,#3496);
#3498=PRESENTATION_STYLE_ASSIGNMENT((#3497));
#3499=STYLED_ITEM('',(#3498),#3491);
#3500=ADVANCED_FACE('',(#7160),#7162,.F.);
#3501=COLOUR_RGB($,0.862745098039216,0.862745098039216,0.862745098039216);
#3502=FILL_AREA_STYLE_COLOUR($,#3501);
#3503=FILL_AREA_STYLE($,(#3502));
#3504=SURFACE_STYLE_FILL_AREA(#3503);
#3505=SURFACE_SIDE_STYLE('',(#3504));
#3506=SURFACE_STYLE_USAGE(.BOTH.,#3505);
#3507=PRESENTATION_STYLE_ASSIGNMENT((#3506));
#3508=STYLED_ITEM('',(#3507),#3500);
#3509=ADVANCED_FACE('',(#7167),#7169,.F.);
#3510=COLOUR_RGB($,0.862745098039216,0.862745098039216,0.862745098039216);
#3511=FILL_AREA_STYLE_COLOUR($,#3510);
#3512=FILL_AREA_STYLE($,(#3511));
#3513=SURFACE_STYLE_FILL_AREA(#3512);
#3514=SURFACE_SIDE_STYLE('',(#3513));
#3515=SURFACE_STYLE_USAGE(.BOTH.,#3514);
#3516=PRESENTATION_STYLE_ASSIGNMENT((#3515));
#3517=STYLED_ITEM('',(#3516),#3509);
#3518=ADVANCED_FACE('',(#7174),#7176,.T.);
#3519=COLOUR_RGB($,0.862745098039216,0.862745098039216,0.862745098039216);
#3520=FILL_AREA_STYLE_COLOUR($,#3519);
#3521=FILL_AREA_STYLE($,(#3520));
#3522=SURFACE_STYLE_FILL_AREA(#3521);
#3523=SURFACE_SIDE_STYLE('',(#3522));
#3524=SURFACE_STYLE_USAGE(.BOTH.,#3523);
#3525=PRESENTATION_STYLE_ASSIGNMENT((#3524));
#3526=STYLED_ITEM('',(#3525),#3518);
#3527=ADVANCED_FACE('',(#7181),#7183,.T.);
#3528=COLOUR_RGB($,0.862745098039216,0.862745098039216,0.862745098039216);
#3529=FILL_AREA_STYLE_COLOUR($,#3528);
#3530=FILL_AREA_STYLE($,(#3529));
#3531=SURFACE_STYLE_FILL_AREA(#3530);
#3532=SURFACE_SIDE_STYLE('',(#3531));
#3533=SURFACE_STYLE_USAGE(.BOTH.,#3532);
#3534=PRESENTATION_STYLE_ASSIGNMENT((#3533));
#3535=STYLED_ITEM('',(#3534),#3527);
#3536=ADVANCED_FACE('',(#7188),#7190,.T.);
#3537=COLOUR_RGB($,0.862745098039216,0.862745098039216,0.862745098039216);
#3538=FILL_AREA_STYLE_COLOUR($,#3537);
#3539=FILL_AREA_STYLE($,(#3538));
#3540=SURFACE_STYLE_FILL_AREA(#3539);
#3541=SURFACE_SIDE_STYLE('',(#3540));
#3542=SURFACE_STYLE_USAGE(.BOTH.,#3541);
#3543=PRESENTATION_STYLE_ASSIGNMENT((#3542));
#3544=STYLED_ITEM('',(#3543),#3536);
#3545=ADVANCED_FACE('',(#7195),#7197,.T.);
#3546=COLOUR_RGB($,0.862745098039216,0.862745098039216,0.862745098039216);
#3547=FILL_AREA_STYLE_COLOUR($,#3546);
#3548=FILL_AREA_STYLE($,(#3547));
#3549=SURFACE_STYLE_FILL_AREA(#3548);
#3550=SURFACE_SIDE_STYLE('',(#3549));
#3551=SURFACE_STYLE_USAGE(.BOTH.,#3550);
#3552=PRESENTATION_STYLE_ASSIGNMENT((#3551));
#3553=STYLED_ITEM('',(#3552),#3545);
#3554=ADVANCED_FACE('',(#7202),#7204,.T.);
#3555=COLOUR_RGB($,0.862745098039216,0.862745098039216,0.862745098039216);
#3556=FILL_AREA_STYLE_COLOUR($,#3555);
#3557=FILL_AREA_STYLE($,(#3556));
#3558=SURFACE_STYLE_FILL_AREA(#3557);
#3559=SURFACE_SIDE_STYLE('',(#3558));
#3560=SURFACE_STYLE_USAGE(.BOTH.,#3559);
#3561=PRESENTATION_STYLE_ASSIGNMENT((#3560));
#3562=STYLED_ITEM('',(#3561),#3554);
#3563=ADVANCED_FACE('',(#7209),#7211,.T.);
#3564=COLOUR_RGB($,0.862745098039216,0.862745098039216,0.862745098039216);
#3565=FILL_AREA_STYLE_COLOUR($,#3564);
#3566=FILL_AREA_STYLE($,(#3565));
#3567=SURFACE_STYLE_FILL_AREA(#3566);
#3568=SURFACE_SIDE_STYLE('',(#3567));
#3569=SURFACE_STYLE_USAGE(.BOTH.,#3568);
#3570=PRESENTATION_STYLE_ASSIGNMENT((#3569));
#3571=STYLED_ITEM('',(#3570),#3563);
#3572=ADVANCED_FACE('',(#7216),#7218,.T.);
#3573=COLOUR_RGB($,0.862745098039216,0.862745098039216,0.862745098039216);
#3574=FILL_AREA_STYLE_COLOUR($,#3573);
#3575=FILL_AREA_STYLE($,(#3574));
#3576=SURFACE_STYLE_FILL_AREA(#3575);
#3577=SURFACE_SIDE_STYLE('',(#3576));
#3578=SURFACE_STYLE_USAGE(.BOTH.,#3577);
#3579=PRESENTATION_STYLE_ASSIGNMENT((#3578));
#3580=STYLED_ITEM('',(#3579),#3572);
#3581=ADVANCED_FACE('',(#7223),#7225,.T.);
#3582=COLOUR_RGB($,0.862745098039216,0.862745098039216,0.862745098039216);
#3583=FILL_AREA_STYLE_COLOUR($,#3582);
#3584=FILL_AREA_STYLE($,(#3583));
#3585=SURFACE_STYLE_FILL_AREA(#3584);
#3586=SURFACE_SIDE_STYLE('',(#3585));
#3587=SURFACE_STYLE_USAGE(.BOTH.,#3586);
#3588=PRESENTATION_STYLE_ASSIGNMENT((#3587));
#3589=STYLED_ITEM('',(#3588),#3581);
#3590=ADVANCED_FACE('',(#7230),#7232,.T.);
#3591=COLOUR_RGB($,0.862745098039216,0.862745098039216,0.862745098039216);
#3592=FILL_AREA_STYLE_COLOUR($,#3591);
#3593=FILL_AREA_STYLE($,(#3592));
#3594=SURFACE_STYLE_FILL_AREA(#3593);
#3595=SURFACE_SIDE_STYLE('',(#3594));
#3596=SURFACE_STYLE_USAGE(.BOTH.,#3595);
#3597=PRESENTATION_STYLE_ASSIGNMENT((#3596));
#3598=STYLED_ITEM('',(#3597),#3590);
#3599=ADVANCED_FACE('',(#7237),#7239,.T.);
#3600=COLOUR_RGB($,0.862745098039216,0.862745098039216,0.862745098039216);
#3601=FILL_AREA_STYLE_COLOUR($,#3600);
#3602=FILL_AREA_STYLE($,(#3601));
#3603=SURFACE_STYLE_FILL_AREA(#3602);
#3604=SURFACE_SIDE_STYLE('',(#3603));
#3605=SURFACE_STYLE_USAGE(.BOTH.,#3604);
#3606=PRESENTATION_STYLE_ASSIGNMENT((#3605));
#3607=STYLED_ITEM('',(#3606),#3599);
#3608=ADVANCED_FACE('',(#7244),#7246,.T.);
#3609=COLOUR_RGB($,0.862745098039216,0.862745098039216,0.862745098039216);
#3610=FILL_AREA_STYLE_COLOUR($,#3609);
#3611=FILL_AREA_STYLE($,(#3610));
#3612=SURFACE_STYLE_FILL_AREA(#3611);
#3613=SURFACE_SIDE_STYLE('',(#3612));
#3614=SURFACE_STYLE_USAGE(.BOTH.,#3613);
#3615=PRESENTATION_STYLE_ASSIGNMENT((#3614));
#3616=STYLED_ITEM('',(#3615),#3608);
#3617=ADVANCED_FACE('',(#7251),#7253,.T.);
#3618=COLOUR_RGB($,0.862745098039216,0.862745098039216,0.862745098039216);
#3619=FILL_AREA_STYLE_COLOUR($,#3618);
#3620=FILL_AREA_STYLE($,(#3619));
#3621=SURFACE_STYLE_FILL_AREA(#3620);
#3622=SURFACE_SIDE_STYLE('',(#3621));
#3623=SURFACE_STYLE_USAGE(.BOTH.,#3622);
#3624=PRESENTATION_STYLE_ASSIGNMENT((#3623));
#3625=STYLED_ITEM('',(#3624),#3617);
#3626=ADVANCED_FACE('',(#7258),#7260,.F.);
#3627=COLOUR_RGB($,0.862745098039216,0.862745098039216,0.862745098039216);
#3628=FILL_AREA_STYLE_COLOUR($,#3627);
#3629=FILL_AREA_STYLE($,(#3628));
#3630=SURFACE_STYLE_FILL_AREA(#3629);
#3631=SURFACE_SIDE_STYLE('',(#3630));
#3632=SURFACE_STYLE_USAGE(.BOTH.,#3631);
#3633=PRESENTATION_STYLE_ASSIGNMENT((#3632));
#3634=STYLED_ITEM('',(#3633),#3626);
#3635=ADVANCED_FACE('',(#7265),#7267,.T.);
#3636=COLOUR_RGB($,0.862745098039216,0.862745098039216,0.862745098039216);
#3637=FILL_AREA_STYLE_COLOUR($,#3636);
#3638=FILL_AREA_STYLE($,(#3637));
#3639=SURFACE_STYLE_FILL_AREA(#3638);
#3640=SURFACE_SIDE_STYLE('',(#3639));
#3641=SURFACE_STYLE_USAGE(.BOTH.,#3640);
#3642=PRESENTATION_STYLE_ASSIGNMENT((#3641));
#3643=STYLED_ITEM('',(#3642),#3635);
#3644=ADVANCED_FACE('',(#7272),#7274,.F.);
#3645=COLOUR_RGB($,0.862745098039216,0.862745098039216,0.862745098039216);
#3646=FILL_AREA_STYLE_COLOUR($,#3645);
#3647=FILL_AREA_STYLE($,(#3646));
#3648=SURFACE_STYLE_FILL_AREA(#3647);
#3649=SURFACE_SIDE_STYLE('',(#3648));
#3650=SURFACE_STYLE_USAGE(.BOTH.,#3649);
#3651=PRESENTATION_STYLE_ASSIGNMENT((#3650));
#3652=STYLED_ITEM('',(#3651),#3644);
#3653=ADVANCED_FACE('',(#7279),#7281,.T.);
#3654=COLOUR_RGB($,0.862745098039216,0.862745098039216,0.862745098039216);
#3655=FILL_AREA_STYLE_COLOUR($,#3654);
#3656=FILL_AREA_STYLE($,(#3655));
#3657=SURFACE_STYLE_FILL_AREA(#3656);
#3658=SURFACE_SIDE_STYLE('',(#3657));
#3659=SURFACE_STYLE_USAGE(.BOTH.,#3658);
#3660=PRESENTATION_STYLE_ASSIGNMENT((#3659));
#3661=STYLED_ITEM('',(#3660),#3653);
#3662=ADVANCED_FACE('',(#7286),#7288,.T.);
#3663=COLOUR_RGB($,0.862745098039216,0.862745098039216,0.862745098039216);
#3664=FILL_AREA_STYLE_COLOUR($,#3663);
#3665=FILL_AREA_STYLE($,(#3664));
#3666=SURFACE_STYLE_FILL_AREA(#3665);
#3667=SURFACE_SIDE_STYLE('',(#3666));
#3668=SURFACE_STYLE_USAGE(.BOTH.,#3667);
#3669=PRESENTATION_STYLE_ASSIGNMENT((#3668));
#3670=STYLED_ITEM('',(#3669),#3662);
#3671=ADVANCED_FACE('',(#7293),#7295,.T.);
#3672=COLOUR_RGB($,0.862745098039216,0.862745098039216,0.862745098039216);
#3673=FILL_AREA_STYLE_COLOUR($,#3672);
#3674=FILL_AREA_STYLE($,(#3673));
#3675=SURFACE_STYLE_FILL_AREA(#3674);
#3676=SURFACE_SIDE_STYLE('',(#3675));
#3677=SURFACE_STYLE_USAGE(.BOTH.,#3676);
#3678=PRESENTATION_STYLE_ASSIGNMENT((#3677));
#3679=STYLED_ITEM('',(#3678),#3671);
#3680=ADVANCED_FACE('',(#7300),#7302,.T.);
#3681=COLOUR_RGB($,0.862745098039216,0.862745098039216,0.862745098039216);
#3682=FILL_AREA_STYLE_COLOUR($,#3681);
#3683=FILL_AREA_STYLE($,(#3682));
#3684=SURFACE_STYLE_FILL_AREA(#3683);
#3685=SURFACE_SIDE_STYLE('',(#3684));
#3686=SURFACE_STYLE_USAGE(.BOTH.,#3685);
#3687=PRESENTATION_STYLE_ASSIGNMENT((#3686));
#3688=STYLED_ITEM('',(#3687),#3680);
#3689=ADVANCED_FACE('',(#7307),#7309,.T.);
#3690=COLOUR_RGB($,0.862745098039216,0.862745098039216,0.862745098039216);
#3691=FILL_AREA_STYLE_COLOUR($,#3690);
#3692=FILL_AREA_STYLE($,(#3691));
#3693=SURFACE_STYLE_FILL_AREA(#3692);
#3694=SURFACE_SIDE_STYLE('',(#3693));
#3695=SURFACE_STYLE_USAGE(.BOTH.,#3694);
#3696=PRESENTATION_STYLE_ASSIGNMENT((#3695));
#3697=STYLED_ITEM('',(#3696),#3689);
#3698=ADVANCED_FACE('',(#7314),#7316,.F.);
#3699=COLOUR_RGB($,0.862745098039216,0.862745098039216,0.862745098039216);
#3700=FILL_AREA_STYLE_COLOUR($,#3699);
#3701=FILL_AREA_STYLE($,(#3700));
#3702=SURFACE_STYLE_FILL_AREA(#3701);
#3703=SURFACE_SIDE_STYLE('',(#3702));
#3704=SURFACE_STYLE_USAGE(.BOTH.,#3703);
#3705=PRESENTATION_STYLE_ASSIGNMENT((#3704));
#3706=STYLED_ITEM('',(#3705),#3698);
#3707=ADVANCED_FACE('',(#7321),#7323,.T.);
#3708=COLOUR_RGB($,0.862745098039216,0.862745098039216,0.862745098039216);
#3709=FILL_AREA_STYLE_COLOUR($,#3708);
#3710=FILL_AREA_STYLE($,(#3709));
#3711=SURFACE_STYLE_FILL_AREA(#3710);
#3712=SURFACE_SIDE_STYLE('',(#3711));
#3713=SURFACE_STYLE_USAGE(.BOTH.,#3712);
#3714=PRESENTATION_STYLE_ASSIGNMENT((#3713));
#3715=STYLED_ITEM('',(#3714),#3707);
#3716=ADVANCED_FACE('',(#7328),#7330,.T.);
#3717=COLOUR_RGB($,0.862745098039216,0.862745098039216,0.862745098039216);
#3718=FILL_AREA_STYLE_COLOUR($,#3717);
#3719=FILL_AREA_STYLE($,(#3718));
#3720=SURFACE_STYLE_FILL_AREA(#3719);
#3721=SURFACE_SIDE_STYLE('',(#3720));
#3722=SURFACE_STYLE_USAGE(.BOTH.,#3721);
#3723=PRESENTATION_STYLE_ASSIGNMENT((#3722));
#3724=STYLED_ITEM('',(#3723),#3716);
#3725=ADVANCED_FACE('',(#7335),#7337,.T.);
#3726=COLOUR_RGB($,0.862745098039216,0.862745098039216,0.862745098039216);
#3727=FILL_AREA_STYLE_COLOUR($,#3726);
#3728=FILL_AREA_STYLE($,(#3727));
#3729=SURFACE_STYLE_FILL_AREA(#3728);
#3730=SURFACE_SIDE_STYLE('',(#3729));
#3731=SURFACE_STYLE_USAGE(.BOTH.,#3730);
#3732=PRESENTATION_STYLE_ASSIGNMENT((#3731));
#3733=STYLED_ITEM('',(#3732),#3725);
#3734=ADVANCED_FACE('',(#7342),#7344,.T.);
#3735=COLOUR_RGB($,0.862745098039216,0.862745098039216,0.862745098039216);
#3736=FILL_AREA_STYLE_COLOUR($,#3735);
#3737=FILL_AREA_STYLE($,(#3736));
#3738=SURFACE_STYLE_FILL_AREA(#3737);
#3739=SURFACE_SIDE_STYLE('',(#3738));
#3740=SURFACE_STYLE_USAGE(.BOTH.,#3739);
#3741=PRESENTATION_STYLE_ASSIGNMENT((#3740));
#3742=STYLED_ITEM('',(#3741),#3734);
#3743=ADVANCED_FACE('',(#7349),#7351,.T.);
#3744=COLOUR_RGB($,0.862745098039216,0.862745098039216,0.862745098039216);
#3745=FILL_AREA_STYLE_COLOUR($,#3744);
#3746=FILL_AREA_STYLE($,(#3745));
#3747=SURFACE_STYLE_FILL_AREA(#3746);
#3748=SURFACE_SIDE_STYLE('',(#3747));
#3749=SURFACE_STYLE_USAGE(.BOTH.,#3748);
#3750=PRESENTATION_STYLE_ASSIGNMENT((#3749));
#3751=STYLED_ITEM('',(#3750),#3743);
#3752=ADVANCED_FACE('',(#7356),#7358,.T.);
#3753=COLOUR_RGB($,0.862745098039216,0.862745098039216,0.862745098039216);
#3754=FILL_AREA_STYLE_COLOUR($,#3753);
#3755=FILL_AREA_STYLE($,(#3754));
#3756=SURFACE_STYLE_FILL_AREA(#3755);
#3757=SURFACE_SIDE_STYLE('',(#3756));
#3758=SURFACE_STYLE_USAGE(.BOTH.,#3757);
#3759=PRESENTATION_STYLE_ASSIGNMENT((#3758));
#3760=STYLED_ITEM('',(#3759),#3752);
#3761=ADVANCED_FACE('',(#7363),#7365,.T.);
#3762=COLOUR_RGB($,0.862745098039216,0.862745098039216,0.862745098039216);
#3763=FILL_AREA_STYLE_COLOUR($,#3762);
#3764=FILL_AREA_STYLE($,(#3763));
#3765=SURFACE_STYLE_FILL_AREA(#3764);
#3766=SURFACE_SIDE_STYLE('',(#3765));
#3767=SURFACE_STYLE_USAGE(.BOTH.,#3766);
#3768=PRESENTATION_STYLE_ASSIGNMENT((#3767));
#3769=STYLED_ITEM('',(#3768),#3761);
#3770=ADVANCED_FACE('',(#7370),#7372,.T.);
#3771=COLOUR_RGB($,0.862745098039216,0.862745098039216,0.862745098039216);
#3772=FILL_AREA_STYLE_COLOUR($,#3771);
#3773=FILL_AREA_STYLE($,(#3772));
#3774=SURFACE_STYLE_FILL_AREA(#3773);
#3775=SURFACE_SIDE_STYLE('',(#3774));
#3776=SURFACE_STYLE_USAGE(.BOTH.,#3775);
#3777=PRESENTATION_STYLE_ASSIGNMENT((#3776));
#3778=STYLED_ITEM('',(#3777),#3770);
#3779=ADVANCED_FACE('',(#7377),#7379,.F.);
#3780=COLOUR_RGB($,0.862745098039216,0.862745098039216,0.862745098039216);
#3781=FILL_AREA_STYLE_COLOUR($,#3780);
#3782=FILL_AREA_STYLE($,(#3781));
#3783=SURFACE_STYLE_FILL_AREA(#3782);
#3784=SURFACE_SIDE_STYLE('',(#3783));
#3785=SURFACE_STYLE_USAGE(.BOTH.,#3784);
#3786=PRESENTATION_STYLE_ASSIGNMENT((#3785));
#3787=STYLED_ITEM('',(#3786),#3779);
#3788=ADVANCED_FACE('',(#7384),#7386,.F.);
#3789=COLOUR_RGB($,0.862745098039216,0.862745098039216,0.862745098039216);
#3790=FILL_AREA_STYLE_COLOUR($,#3789);
#3791=FILL_AREA_STYLE($,(#3790));
#3792=SURFACE_STYLE_FILL_AREA(#3791);
#3793=SURFACE_SIDE_STYLE('',(#3792));
#3794=SURFACE_STYLE_USAGE(.BOTH.,#3793);
#3795=PRESENTATION_STYLE_ASSIGNMENT((#3794));
#3796=STYLED_ITEM('',(#3795),#3788);
#3797=ADVANCED_FACE('',(#7391),#7393,.F.);
#3798=COLOUR_RGB($,0.862745098039216,0.862745098039216,0.862745098039216);
#3799=FILL_AREA_STYLE_COLOUR($,#3798);
#3800=FILL_AREA_STYLE($,(#3799));
#3801=SURFACE_STYLE_FILL_AREA(#3800);
#3802=SURFACE_SIDE_STYLE('',(#3801));
#3803=SURFACE_STYLE_USAGE(.BOTH.,#3802);
#3804=PRESENTATION_STYLE_ASSIGNMENT((#3803));
#3805=STYLED_ITEM('',(#3804),#3797);
#3806=ADVANCED_FACE('',(#7398),#7400,.F.);
#3807=COLOUR_RGB($,0.862745098039216,0.862745098039216,0.862745098039216);
#3808=FILL_AREA_STYLE_COLOUR($,#3807);
#3809=FILL_AREA_STYLE($,(#3808));
#3810=SURFACE_STYLE_FILL_AREA(#3809);
#3811=SURFACE_SIDE_STYLE('',(#3810));
#3812=SURFACE_STYLE_USAGE(.BOTH.,#3811);
#3813=PRESENTATION_STYLE_ASSIGNMENT((#3812));
#3814=STYLED_ITEM('',(#3813),#3806);
#3815=ADVANCED_FACE('',(#7405),#7407,.F.);
#3816=COLOUR_RGB($,0.862745098039216,0.862745098039216,0.862745098039216);
#3817=FILL_AREA_STYLE_COLOUR($,#3816);
#3818=FILL_AREA_STYLE($,(#3817));
#3819=SURFACE_STYLE_FILL_AREA(#3818);
#3820=SURFACE_SIDE_STYLE('',(#3819));
#3821=SURFACE_STYLE_USAGE(.BOTH.,#3820);
#3822=PRESENTATION_STYLE_ASSIGNMENT((#3821));
#3823=STYLED_ITEM('',(#3822),#3815);
#3824=FACE_BOUND('',#3825,.T.);
#3825=EDGE_LOOP('',(#7412,#7413,#7414,#7415,#7416,#7417,#7418,#7419,#7420,#7421,
#7422,#7423,#7424,#7425,#7426,#7427,#7428,#7429,#7430,#7431,#7432,#7433));
#3826=FACE_BOUND('',#3827,.T.);
#3827=EDGE_LOOP('',(#7434));
#3828=FACE_BOUND('',#3829,.T.);
#3829=EDGE_LOOP('',(#7435));
#3830=FACE_BOUND('',#3831,.T.);
#3831=EDGE_LOOP('',(#7436));
#3832=FACE_BOUND('',#3833,.T.);
#3833=EDGE_LOOP('',(#7437));
#3834=FACE_BOUND('',#3835,.T.);
#3835=EDGE_LOOP('',(#7438));
#3836=FACE_BOUND('',#3837,.T.);
#3837=EDGE_LOOP('',(#7439));
#3838=FACE_BOUND('',#3839,.T.);
#3839=EDGE_LOOP('',(#7440));
#3840=FACE_BOUND('',#3841,.T.);
#3841=EDGE_LOOP('',(#7441));
#3842=FACE_BOUND('',#3843,.T.);
#3843=EDGE_LOOP('',(#7442));
#3844=PLANE('',#3845);
#3845=AXIS2_PLACEMENT_3D('',#3846,#3847,#3848);
#3846=CARTESIAN_POINT('',(0.,0.,13.6));
#3847=DIRECTION('',(0.,0.,1.));
#3848=DIRECTION('',(1.,0.,0.));
#3849=FACE_BOUND('',#3850,.T.);
#3850=EDGE_LOOP('',(#7443,#7444,#7445,#7446,#7447,#7448,#7449,#7450,#7451,#7452,
#7453,#7454,#7455,#7456,#7457,#7458,#7459,#7460,#7461,#7462,#7463,#7464));
#3851=FACE_BOUND('',#3852,.T.);
#3852=EDGE_LOOP('',(#7465));
#3853=FACE_BOUND('',#3854,.T.);
#3854=EDGE_LOOP('',(#7466));
#3855=FACE_BOUND('',#3856,.T.);
#3856=EDGE_LOOP('',(#7467));
#3857=FACE_BOUND('',#3858,.T.);
#3858=EDGE_LOOP('',(#7468));
#3859=FACE_BOUND('',#3860,.T.);
#3860=EDGE_LOOP('',(#7469));
#3861=FACE_BOUND('',#3862,.T.);
#3862=EDGE_LOOP('',(#7470));
#3863=FACE_BOUND('',#3864,.T.);
#3864=EDGE_LOOP('',(#7471));
#3865=FACE_BOUND('',#3866,.T.);
#3866=EDGE_LOOP('',(#7472));
#3867=FACE_BOUND('',#3868,.T.);
#3868=EDGE_LOOP('',(#7473));
#3869=PLANE('',#3870);
#3870=AXIS2_PLACEMENT_3D('',#3871,#3872,#3873);
#3871=CARTESIAN_POINT('',(0.,0.,14.8));
#3872=DIRECTION('',(0.,0.,1.));
#3873=DIRECTION('',(1.,0.,0.));
#3874=FACE_OUTER_BOUND('',#3875,.T.);
#3875=EDGE_LOOP('',(#7474));
#3876=FACE_OUTER_BOUND('',#3877,.T.);
#3877=EDGE_LOOP('',(#7475));
#3878=CYLINDRICAL_SURFACE('',#3879,0.375);
#3879=AXIS2_PLACEMENT_3D('',#3880,#3881,#3882);
#3880=CARTESIAN_POINT('',(1.27,-0.634999999999997,13.6));
#3881=DIRECTION('',(0.,0.,1.));
#3882=DIRECTION('',(1.,0.,0.));
#3883=FACE_OUTER_BOUND('',#3884,.T.);
#3884=EDGE_LOOP('',(#7476));
#3885=FACE_OUTER_BOUND('',#3886,.T.);
#3886=EDGE_LOOP('',(#7477));
#3887=CYLINDRICAL_SURFACE('',#3888,0.375);
#3888=AXIS2_PLACEMENT_3D('',#3889,#3890,#3891);
#3889=CARTESIAN_POINT('',(-1.27,-0.634999999999999,13.6));
#3890=DIRECTION('',(0.,0.,1.));
#3891=DIRECTION('',(1.,0.,0.));
#3892=FACE_OUTER_BOUND('',#3893,.T.);
#3893=EDGE_LOOP('',(#7478));
#3894=FACE_OUTER_BOUND('',#3895,.T.);
#3895=EDGE_LOOP('',(#7479));
#3896=CYLINDRICAL_SURFACE('',#3897,0.375);
#3897=AXIS2_PLACEMENT_3D('',#3898,#3899,#3900);
#3898=CARTESIAN_POINT('',(-1.27,0.635000000000001,13.6));
#3899=DIRECTION('',(0.,0.,1.));
#3900=DIRECTION('',(1.,0.,0.));
#3901=FACE_OUTER_BOUND('',#3902,.T.);
#3902=EDGE_LOOP('',(#7480));
#3903=FACE_OUTER_BOUND('',#3904,.T.);
#3904=EDGE_LOOP('',(#7481));
#3905=CYLINDRICAL_SURFACE('',#3906,0.375);
#3906=AXIS2_PLACEMENT_3D('',#3907,#3908,#3909);
#3907=CARTESIAN_POINT('',(-3.38842921862666E-017,-0.635,13.6));
#3908=DIRECTION('',(0.,0.,1.));
#3909=DIRECTION('',(1.,0.,0.));
#3910=FACE_OUTER_BOUND('',#3911,.T.);
#3911=EDGE_LOOP('',(#7482));
#3912=FACE_OUTER_BOUND('',#3913,.T.);
#3913=EDGE_LOOP('',(#7483));
#3914=CYLINDRICAL_SURFACE('',#3915,0.375);
#3915=AXIS2_PLACEMENT_3D('',#3916,#3917,#3918);
#3916=CARTESIAN_POINT('',(1.27,0.635000000000002,13.6));
#3917=DIRECTION('',(0.,0.,1.));
#3918=DIRECTION('',(1.,0.,0.));
#3919=FACE_OUTER_BOUND('',#3920,.T.);
#3920=EDGE_LOOP('',(#7484));
#3921=FACE_OUTER_BOUND('',#3922,.T.);
#3922=EDGE_LOOP('',(#7485));
#3923=CYLINDRICAL_SURFACE('',#3924,0.375);
#3924=AXIS2_PLACEMENT_3D('',#3925,#3926,#3927);
#3925=CARTESIAN_POINT('',(6.96591613756498E-018,0.635,13.6));
#3926=DIRECTION('',(0.,0.,1.));
#3927=DIRECTION('',(1.,0.,0.));
#3928=FACE_OUTER_BOUND('',#3929,.T.);
#3929=EDGE_LOOP('',(#7486));
#3930=FACE_OUTER_BOUND('',#3931,.T.);
#3931=EDGE_LOOP('',(#7487));
#3932=CYLINDRICAL_SURFACE('',#3933,0.425);
#3933=AXIS2_PLACEMENT_3D('',#3934,#3935,#3936);
#3934=CARTESIAN_POINT('',(-2.54,1.88768432695266E-015,13.6));
#3935=DIRECTION('',(0.,0.,1.));
#3936=DIRECTION('',(1.,0.,0.));
#3937=FACE_OUTER_BOUND('',#3938,.T.);
#3938=EDGE_LOOP('',(#7488));
#3939=FACE_OUTER_BOUND('',#3940,.T.);
#3940=EDGE_LOOP('',(#7489));
#3941=CYLINDRICAL_SURFACE('',#3942,0.425);
#3942=AXIS2_PLACEMENT_3D('',#3943,#3944,#3945);
#3943=CARTESIAN_POINT('',(2.54,-1.016,13.6));
#3944=DIRECTION('',(0.,0.,1.));
#3945=DIRECTION('',(1.,0.,0.));
#3946=FACE_OUTER_BOUND('',#3947,.T.);
#3947=EDGE_LOOP('',(#7490));
#3948=FACE_OUTER_BOUND('',#3949,.T.);
#3949=EDGE_LOOP('',(#7491));
#3950=CYLINDRICAL_SURFACE('',#3951,0.425);
#3951=AXIS2_PLACEMENT_3D('',#3952,#3953,#3954);
#3952=CARTESIAN_POINT('',(2.54,1.016,13.6));
#3953=DIRECTION('',(0.,0.,1.));
#3954=DIRECTION('',(1.,0.,0.));
#3955=FACE_BOUND('',#3956,.T.);
#3956=EDGE_LOOP('',(#7492,#7493,#7494,#7495));
#3957=PLANE('',#3958);
#3958=AXIS2_PLACEMENT_3D('',#3959,#3960,#3961);
#3959=CARTESIAN_POINT('',(1.87,-2.455,13.6));
#3960=DIRECTION('',(-0.707106781186547,-0.707106781186548,0.));
#3961=DIRECTION('',(0.707106781186548,-0.707106781186547,0.));
#3962=FACE_BOUND('',#3963,.T.);
#3963=EDGE_LOOP('',(#7496,#7497,#7498,#7499));
#3964=PLANE('',#3965);
#3965=AXIS2_PLACEMENT_3D('',#3966,#3967,#3968);
#3966=CARTESIAN_POINT('',(1.87000000000001,-2.15999999999998,13.6));
#3967=DIRECTION('',(-1.,1.95700329764424E-014,0.));
#3968=DIRECTION('',(-1.95700329764424E-014,-1.,0.));
#3969=FACE_BOUND('',#3970,.T.);
#3970=EDGE_LOOP('',(#7500,#7501,#7502,#7503));
#3971=CYLINDRICAL_SURFACE('',#3972,0.6);
#3972=AXIS2_PLACEMENT_3D('',#3973,#3974,#3975);
#3973=CARTESIAN_POINT('',(1.27000000000001,-2.15999999999998,13.6));
#3974=DIRECTION('',(-0.,-0.,-1.));
#3975=DIRECTION('',(0.,1.,0.));
#3976=FACE_BOUND('',#3977,.T.);
#3977=EDGE_LOOP('',(#7504,#7505,#7506,#7507));
#3978=PLANE('',#3979);
#3979=AXIS2_PLACEMENT_3D('',#3980,#3981,#3982);
#3980=CARTESIAN_POINT('',(-1.27,-1.56,13.6));
#3981=DIRECTION('',(3.32192716029573E-015,-1.,0.));
#3982=DIRECTION('',(1.,3.32192716029573E-015,0.));
#3983=FACE_BOUND('',#3984,.T.);
#3984=EDGE_LOOP('',(#7508,#7509,#7510,#7511));
#3985=CYLINDRICAL_SURFACE('',#3986,0.6);
#3986=AXIS2_PLACEMENT_3D('',#3987,#3988,#3989);
#3987=CARTESIAN_POINT('',(-1.27,-2.16,13.6));
#3988=DIRECTION('',(-0.,-0.,-1.));
#3989=DIRECTION('',(-1.,0.,0.));
#3990=FACE_BOUND('',#3991,.T.);
#3991=EDGE_LOOP('',(#7512,#7513,#7514,#7515));
#3992=PLANE('',#3993);
#3993=AXIS2_PLACEMENT_3D('',#3994,#3995,#3996);
#3994=CARTESIAN_POINT('',(-1.87,-2.33661872788004,13.6));
#3995=DIRECTION('',(1.,0.,0.));
#3996=DIRECTION('',(0.,1.,0.));
#3997=FACE_BOUND('',#3998,.T.);
#3998=EDGE_LOOP('',(#7516,#7517,#7518,#7519));
#3999=PLANE('',#4000);
#4000=AXIS2_PLACEMENT_3D('',#4001,#4002,#4003);
#4001=CARTESIAN_POINT('',(-1.9964095640315,-2.46302829191155,13.6));
#4002=DIRECTION('',(0.707106781186587,-0.707106781186508,0.));
#4003=DIRECTION('',(0.707106781186508,0.707106781186587,0.));
#4004=FACE_BOUND('',#4005,.T.);
#4005=EDGE_LOOP('',(#7520,#7521,#7522,#7523));
#4006=PLANE('',#4007);
#4007=AXIS2_PLACEMENT_3D('',#4008,#4009,#4010);
#4008=CARTESIAN_POINT('',(-3.32774999996242,-1.69437853284383,13.6));
#4009=DIRECTION('',(-0.5,-0.866025403784439,0.));
#4010=DIRECTION('',(0.866025403784439,-0.5,0.));
#4011=FACE_BOUND('',#4012,.T.);
#4012=EDGE_LOOP('',(#7524,#7525,#7526,#7527));
#4013=CYLINDRICAL_SURFACE('',#4014,1.95649980408616);
#4014=AXIS2_PLACEMENT_3D('',#4015,#4016,#4017);
#4015=CARTESIAN_POINT('',(-2.34950009795668,-1.4210854715202E-014,13.6));
#4016=DIRECTION('',(0.,0.,1.));
#4017=DIRECTION('',(-0.499999999984376,0.866025403793459,0.));
#4018=FACE_BOUND('',#4019,.T.);
#4019=EDGE_LOOP('',(#7528,#7529,#7530,#7531));
#4020=PLANE('',#4021);
#4021=AXIS2_PLACEMENT_3D('',#4022,#4023,#4024);
#4022=CARTESIAN_POINT('',(-1.9964095640315,2.46302829191155,13.6));
#4023=DIRECTION('',(-0.5,0.866025403784439,0.));
#4024=DIRECTION('',(-0.866025403784439,-0.5,0.));
#4025=FACE_BOUND('',#4026,.T.);
#4026=EDGE_LOOP('',(#7532,#7533,#7534,#7535));
#4027=PLANE('',#4028);
#4028=AXIS2_PLACEMENT_3D('',#4029,#4030,#4031);
#4029=CARTESIAN_POINT('',(-1.87,2.33661872788004,13.6));
#4030=DIRECTION('',(0.707106781186587,0.707106781186508,-0.));
#4031=DIRECTION('',(-0.707106781186508,0.707106781186587,0.));
#4032=FACE_BOUND('',#4033,.T.);
#4033=EDGE_LOOP('',(#7536,#7537,#7538,#7539));
#4034=PLANE('',#4035);
#4035=AXIS2_PLACEMENT_3D('',#4036,#4037,#4038);
#4036=CARTESIAN_POINT('',(-1.87,2.16,13.6));
#4037=DIRECTION('',(1.,0.,0.));
#4038=DIRECTION('',(0.,1.,0.));
#4039=FACE_BOUND('',#4040,.T.);
#4040=EDGE_LOOP('',(#7540,#7541,#7542,#7543));
#4041=CYLINDRICAL_SURFACE('',#4042,0.6);
#4042=AXIS2_PLACEMENT_3D('',#4043,#4044,#4045);
#4043=CARTESIAN_POINT('',(-1.27,2.16,13.6));
#4044=DIRECTION('',(-0.,-0.,-1.));
#4045=DIRECTION('',(-5.55111512312578E-015,-1.,0.));
#4046=FACE_BOUND('',#4047,.T.);
#4047=EDGE_LOOP('',(#7544,#7545,#7546,#7547));
#4048=PLANE('',#4049);
#4049=AXIS2_PLACEMENT_3D('',#4050,#4051,#4052);
#4050=CARTESIAN_POINT('',(1.27000000000001,1.55999999999999,13.6));
#4051=DIRECTION('',(5.5948246910244E-015,1.,-0.));
#4052=DIRECTION('',(-1.,5.5948246910244E-015,0.));
#4053=FACE_BOUND('',#4054,.T.);
#4054=EDGE_LOOP('',(#7548,#7549,#7550,#7551));
#4055=CYLINDRICAL_SURFACE('',#4056,0.6);
#4056=AXIS2_PLACEMENT_3D('',#4057,#4058,#4059);
#4057=CARTESIAN_POINT('',(1.27000000000001,2.15999999999998,13.6));
#4058=DIRECTION('',(-0.,-0.,-1.));
#4059=DIRECTION('',(1.,0.,0.));
#4060=FACE_BOUND('',#4061,.T.);
#4061=EDGE_LOOP('',(#7552,#7553,#7554,#7555));
#4062=PLANE('',#4063);
#4063=AXIS2_PLACEMENT_3D('',#4064,#4065,#4066);
#4064=CARTESIAN_POINT('',(1.87,2.455,13.6));
#4065=DIRECTION('',(-1.,0.,0.));
#4066=DIRECTION('',(0.,-1.,0.));
#4067=FACE_BOUND('',#4068,.T.);
#4068=EDGE_LOOP('',(#7556,#7557,#7558,#7559));
#4069=PLANE('',#4070);
#4070=AXIS2_PLACEMENT_3D('',#4071,#4072,#4073);
#4071=CARTESIAN_POINT('',(2.07000000000001,2.655,13.6));
#4072=DIRECTION('',(-0.707106781186547,0.707106781186547,0.));
#4073=DIRECTION('',(-0.707106781186547,-0.707106781186547,0.));
#4074=FACE_BOUND('',#4075,.T.);
#4075=EDGE_LOOP('',(#7560,#7561,#7562,#7563));
#4076=PLANE('',#4077);
#4077=AXIS2_PLACEMENT_3D('',#4078,#4079,#4080);
#4078=CARTESIAN_POINT('',(2.47700038000004,2.655,13.6));
#4079=DIRECTION('',(0.,1.,-0.));
#4080=DIRECTION('',(-1.,0.,0.));
#4081=FACE_BOUND('',#4082,.T.);
#4082=EDGE_LOOP('',(#7564,#7565,#7566,#7567));
#4083=CYLINDRICAL_SURFACE('',#4084,1.95599961999999);
#4084=AXIS2_PLACEMENT_3D('',#4085,#4086,#4087);
#4085=CARTESIAN_POINT('',(2.47700038000004,0.699000380000015,13.6));
#4086=DIRECTION('',(0.,0.,1.));
#4087=DIRECTION('',(1.,0.,0.));
#4088=FACE_BOUND('',#4089,.T.);
#4089=EDGE_LOOP('',(#7568,#7569,#7570,#7571));
#4090=PLANE('',#4091);
#4091=AXIS2_PLACEMENT_3D('',#4092,#4093,#4094);
#4092=CARTESIAN_POINT('',(4.43300000000002,-0.699000380000015,13.6));
#4093=DIRECTION('',(1.,0.,0.));
#4094=DIRECTION('',(0.,1.,0.));
#4095=FACE_BOUND('',#4096,.T.);
#4096=EDGE_LOOP('',(#7572,#7573,#7574,#7575));
#4097=CYLINDRICAL_SURFACE('',#4098,1.95599961999999);
#4098=AXIS2_PLACEMENT_3D('',#4099,#4100,#4101);
#4099=CARTESIAN_POINT('',(2.47700038000004,-0.699000380000014,13.6));
#4100=DIRECTION('',(0.,0.,1.));
#4101=DIRECTION('',(-2.27039517446361E-016,-1.,0.));
#4102=FACE_BOUND('',#4103,.T.);
#4103=EDGE_LOOP('',(#7576,#7577,#7578,#7579));
#4104=PLANE('',#4105);
#4105=AXIS2_PLACEMENT_3D('',#4106,#4107,#4108);
#4106=CARTESIAN_POINT('',(2.07000000000001,-2.655,13.6));
#4107=DIRECTION('',(0.,-1.,0.));
#4108=DIRECTION('',(1.,0.,0.));
#4109=FACE_BOUND('',#4110,.T.);
#4110=EDGE_LOOP('',(#7580,#7581,#7582,#7583,#7584,#7585,#7586,#7587,#7588,#7589));
#4111=FACE_BOUND('',#4112,.T.);
#4112=EDGE_LOOP('',(#7590));
#4113=FACE_BOUND('',#4114,.T.);
#4114=EDGE_LOOP('',(#7591));
#4115=FACE_BOUND('',#4116,.T.);
#4116=EDGE_LOOP('',(#7592));
#4117=FACE_BOUND('',#4118,.T.);
#4118=EDGE_LOOP('',(#7593));
#4119=FACE_BOUND('',#4120,.T.);
#4120=EDGE_LOOP('',(#7594));
#4121=FACE_BOUND('',#4122,.T.);
#4122=EDGE_LOOP('',(#7595));
#4123=FACE_BOUND('',#4124,.T.);
#4124=EDGE_LOOP('',(#7596));
#4125=FACE_BOUND('',#4126,.T.);
#4126=EDGE_LOOP('',(#7597));
#4127=FACE_BOUND('',#4128,.T.);
#4128=EDGE_LOOP('',(#7598));
#4129=PLANE('',#4130);
#4130=AXIS2_PLACEMENT_3D('',#4131,#4132,#4133);
#4131=CARTESIAN_POINT('',(0.,0.,4.6));
#4132=DIRECTION('',(0.,0.,1.));
#4133=DIRECTION('',(1.,0.,0.));
#4134=FACE_BOUND('',#4135,.T.);
#4135=EDGE_LOOP('',(#7599,#7600,#7601,#7602,#7603,#7604,#7605,#7606,#7607,#7608));
#4136=FACE_BOUND('',#4137,.T.);
#4137=EDGE_LOOP('',(#7609));
#4138=FACE_BOUND('',#4139,.T.);
#4139=EDGE_LOOP('',(#7610));
#4140=FACE_BOUND('',#4141,.T.);
#4141=EDGE_LOOP('',(#7611));
#4142=FACE_BOUND('',#4143,.T.);
#4143=EDGE_LOOP('',(#7612));
#4144=FACE_BOUND('',#4145,.T.);
#4145=EDGE_LOOP('',(#7613));
#4146=FACE_BOUND('',#4147,.T.);
#4147=EDGE_LOOP('',(#7614));
#4148=FACE_BOUND('',#4149,.T.);
#4149=EDGE_LOOP('',(#7615));
#4150=FACE_BOUND('',#4151,.T.);
#4151=EDGE_LOOP('',(#7616));
#4152=FACE_BOUND('',#4153,.T.);
#4153=EDGE_LOOP('',(#7617));
#4154=PLANE('',#4155);
#4155=AXIS2_PLACEMENT_3D('',#4156,#4157,#4158);
#4156=CARTESIAN_POINT('',(0.,0.,5.8));
#4157=DIRECTION('',(0.,0.,1.));
#4158=DIRECTION('',(1.,0.,0.));
#4159=FACE_OUTER_BOUND('',#4160,.T.);
#4160=EDGE_LOOP('',(#7618));
#4161=FACE_OUTER_BOUND('',#4162,.T.);
#4162=EDGE_LOOP('',(#7619));
#4163=CYLINDRICAL_SURFACE('',#4164,0.375);
#4164=AXIS2_PLACEMENT_3D('',#4165,#4166,#4167);
#4165=CARTESIAN_POINT('',(-1.27,-0.634999999999999,4.6));
#4166=DIRECTION('',(0.,0.,1.));
#4167=DIRECTION('',(1.,0.,0.));
#4168=FACE_OUTER_BOUND('',#4169,.T.);
#4169=EDGE_LOOP('',(#7620));
#4170=FACE_OUTER_BOUND('',#4171,.T.);
#4171=EDGE_LOOP('',(#7621));
#4172=CYLINDRICAL_SURFACE('',#4173,0.375);
#4173=AXIS2_PLACEMENT_3D('',#4174,#4175,#4176);
#4174=CARTESIAN_POINT('',(1.27,-0.634999999999997,4.6));
#4175=DIRECTION('',(0.,0.,1.));
#4176=DIRECTION('',(1.,0.,0.));
#4177=FACE_OUTER_BOUND('',#4178,.T.);
#4178=EDGE_LOOP('',(#7622));
#4179=FACE_OUTER_BOUND('',#4180,.T.);
#4180=EDGE_LOOP('',(#7623));
#4181=CYLINDRICAL_SURFACE('',#4182,0.375);
#4182=AXIS2_PLACEMENT_3D('',#4183,#4184,#4185);
#4183=CARTESIAN_POINT('',(-1.27,0.635000000000001,4.6));
#4184=DIRECTION('',(0.,0.,1.));
#4185=DIRECTION('',(1.,0.,0.));
#4186=FACE_OUTER_BOUND('',#4187,.T.);
#4187=EDGE_LOOP('',(#7624));
#4188=FACE_OUTER_BOUND('',#4189,.T.);
#4189=EDGE_LOOP('',(#7625));
#4190=CYLINDRICAL_SURFACE('',#4191,0.375);
#4191=AXIS2_PLACEMENT_3D('',#4192,#4193,#4194);
#4192=CARTESIAN_POINT('',(-3.38842921862666E-017,-0.635,4.6));
#4193=DIRECTION('',(0.,0.,1.));
#4194=DIRECTION('',(1.,0.,0.));
#4195=FACE_OUTER_BOUND('',#4196,.T.);
#4196=EDGE_LOOP('',(#7626));
#4197=FACE_OUTER_BOUND('',#4198,.T.);
#4198=EDGE_LOOP('',(#7627));
#4199=CYLINDRICAL_SURFACE('',#4200,0.375);
#4200=AXIS2_PLACEMENT_3D('',#4201,#4202,#4203);
#4201=CARTESIAN_POINT('',(1.27,0.635000000000002,4.6));
#4202=DIRECTION('',(0.,0.,1.));
#4203=DIRECTION('',(1.,0.,0.));
#4204=FACE_OUTER_BOUND('',#4205,.T.);
#4205=EDGE_LOOP('',(#7628));
#4206=FACE_OUTER_BOUND('',#4207,.T.);
#4207=EDGE_LOOP('',(#7629));
#4208=CYLINDRICAL_SURFACE('',#4209,0.375);
#4209=AXIS2_PLACEMENT_3D('',#4210,#4211,#4212);
#4210=CARTESIAN_POINT('',(6.96591613756498E-018,0.635,4.6));
#4211=DIRECTION('',(0.,0.,1.));
#4212=DIRECTION('',(1.,0.,0.));
#4213=FACE_OUTER_BOUND('',#4214,.T.);
#4214=EDGE_LOOP('',(#7630));
#4215=FACE_OUTER_BOUND('',#4216,.T.);
#4216=EDGE_LOOP('',(#7631));
#4217=CYLINDRICAL_SURFACE('',#4218,0.425);
#4218=AXIS2_PLACEMENT_3D('',#4219,#4220,#4221);
#4219=CARTESIAN_POINT('',(-2.54,1.88768432695266E-015,4.6));
#4220=DIRECTION('',(0.,0.,1.));
#4221=DIRECTION('',(1.,0.,0.));
#4222=FACE_OUTER_BOUND('',#4223,.T.);
#4223=EDGE_LOOP('',(#7632));
#4224=FACE_OUTER_BOUND('',#4225,.T.);
#4225=EDGE_LOOP('',(#7633));
#4226=CYLINDRICAL_SURFACE('',#4227,0.425);
#4227=AXIS2_PLACEMENT_3D('',#4228,#4229,#4230);
#4228=CARTESIAN_POINT('',(2.54,-1.016,4.6));
#4229=DIRECTION('',(0.,0.,1.));
#4230=DIRECTION('',(1.,0.,0.));
#4231=FACE_OUTER_BOUND('',#4232,.T.);
#4232=EDGE_LOOP('',(#7634));
#4233=FACE_OUTER_BOUND('',#4234,.T.);
#4234=EDGE_LOOP('',(#7635));
#4235=CYLINDRICAL_SURFACE('',#4236,0.425);
#4236=AXIS2_PLACEMENT_3D('',#4237,#4238,#4239);
#4237=CARTESIAN_POINT('',(2.54,1.016,4.6));
#4238=DIRECTION('',(0.,0.,1.));
#4239=DIRECTION('',(1.,0.,0.));
#4240=FACE_BOUND('',#4241,.T.);
#4241=EDGE_LOOP('',(#7636,#7637,#7638,#7639));
#4242=CYLINDRICAL_SURFACE('',#4243,1.20599962);
#4243=AXIS2_PLACEMENT_3D('',#4244,#4245,#4246);
#4244=CARTESIAN_POINT('',(2.47700038000001,-0.699000380000015,4.6));
#4245=DIRECTION('',(0.,0.,1.));
#4246=DIRECTION('',(0.,-1.,0.));
#4247=FACE_BOUND('',#4248,.T.);
#4248=EDGE_LOOP('',(#7640,#7641,#7642,#7643));
#4249=PLANE('',#4250);
#4250=AXIS2_PLACEMENT_3D('',#4251,#4252,#4253);
#4251=CARTESIAN_POINT('',(-1.13979705999999,-1.90500000000002,4.6));
#4252=DIRECTION('',(0.,-1.,0.));
#4253=DIRECTION('',(1.,0.,0.));
#4254=FACE_BOUND('',#4255,.T.);
#4255=EDGE_LOOP('',(#7644,#7645,#7646,#7647));
#4256=CYLINDRICAL_SURFACE('',#4257,1.20599783408821);
#4257=AXIS2_PLACEMENT_3D('',#4258,#4259,#4260);
#4258=CARTESIAN_POINT('',(-1.13979424571673,-0.69900216591509,4.6));
#4259=DIRECTION('',(0.,0.,1.));
#4260=DIRECTION('',(-0.500002020931621,-0.866024236995879,0.));
#4261=FACE_BOUND('',#4262,.T.);
#4262=EDGE_LOOP('',(#7648,#7649,#7650,#7651));
#4263=PLANE('',#4264);
#4264=AXIS2_PLACEMENT_3D('',#4265,#4266,#4267);
#4265=CARTESIAN_POINT('',(-2.95274999999999,-1.04485948000001,4.6));
#4266=DIRECTION('',(-0.499999217032544,-0.866025855830438,0.));
#4267=DIRECTION('',(0.866025855830438,-0.499999217032544,0.));
#4268=FACE_BOUND('',#4269,.T.);
#4269=EDGE_LOOP('',(#7652,#7653,#7654,#7655));
#4270=CYLINDRICAL_SURFACE('',#4271,1.20649980408666);
#4271=AXIS2_PLACEMENT_3D('',#4272,#4273,#4274);
#4272=CARTESIAN_POINT('',(-2.34950009795666,-1.4210854715202E-014,4.6));
#4273=DIRECTION('',(0.,0.,1.));
#4274=DIRECTION('',(-0.499999999999999,0.866025403784439,0.));
#4275=FACE_BOUND('',#4276,.T.);
#4276=EDGE_LOOP('',(#7656,#7657,#7658,#7659));
#4277=PLANE('',#4278);
#4278=AXIS2_PLACEMENT_3D('',#4279,#4280,#4281);
#4279=CARTESIAN_POINT('',(-1.74279559999999,1.74342552,4.6));
#4280=DIRECTION('',(-0.499999217032552,0.866025855830434,0.));
#4281=DIRECTION('',(-0.866025855830434,-0.499999217032552,0.));
#4282=FACE_BOUND('',#4283,.T.);
#4283=EDGE_LOOP('',(#7660,#7661,#7662,#7663));
#4284=CYLINDRICAL_SURFACE('',#4285,1.20599783408821);
#4285=AXIS2_PLACEMENT_3D('',#4286,#4287,#4288);
#4286=CARTESIAN_POINT('',(-1.13979424571673,0.699002165915076,4.6));
#4287=DIRECTION('',(0.,0.,1.));
#4288=DIRECTION('',(-2.33357240249525E-006,0.999999999997277,0.));
#4289=FACE_BOUND('',#4290,.T.);
#4290=EDGE_LOOP('',(#7664,#7665,#7666,#7667));
#4291=PLANE('',#4292);
#4292=AXIS2_PLACEMENT_3D('',#4293,#4294,#4295);
#4293=CARTESIAN_POINT('',(2.47700038000001,1.905,4.6));
#4294=DIRECTION('',(0.,1.,-0.));
#4295=DIRECTION('',(-1.,0.,0.));
#4296=FACE_BOUND('',#4297,.T.);
#4297=EDGE_LOOP('',(#7668,#7669,#7670,#7671));
#4298=CYLINDRICAL_SURFACE('',#4299,1.20599962);
#4299=AXIS2_PLACEMENT_3D('',#4300,#4301,#4302);
#4300=CARTESIAN_POINT('',(2.47700037999999,0.699000380000001,4.6));
#4301=DIRECTION('',(0.,0.,1.));
#4302=DIRECTION('',(1.,0.,0.));
#4303=FACE_BOUND('',#4304,.T.);
#4304=EDGE_LOOP('',(#7672,#7673,#7674,#7675));
#4305=PLANE('',#4306);
#4306=AXIS2_PLACEMENT_3D('',#4307,#4308,#4309);
#4307=CARTESIAN_POINT('',(3.68300000000001,-0.699000380000015,4.6));
#4308=DIRECTION('',(1.,0.,0.));
#4309=DIRECTION('',(0.,1.,0.));
#4310=FACE_OUTER_BOUND('',#4311,.T.);
#4311=EDGE_LOOP('',(#7676));
#4312=FACE_OUTER_BOUND('',#4313,.T.);
#4313=EDGE_LOOP('',(#7677));
#4314=CYLINDRICAL_SURFACE('',#4315,0.4);
#4315=AXIS2_PLACEMENT_3D('',#4316,#4317,#4318);
#4316=CARTESIAN_POINT('',(2.54,1.016,-0.7));
#4317=DIRECTION('',(0.,0.,1.));
#4318=DIRECTION('',(1.,0.,0.));
#4319=FACE_OUTER_BOUND('',#4320,.T.);
#4320=EDGE_LOOP('',(#7678));
#4321=FACE_OUTER_BOUND('',#4322,.T.);
#4322=EDGE_LOOP('',(#7679));
#4323=DEGENERATE_TOROIDAL_SURFACE('',#4324,0.1,0.3,.T.);
#4324=AXIS2_PLACEMENT_3D('',#4325,#4326,#4327);
#4325=CARTESIAN_POINT('',(2.54,1.016,16.1));
#4326=DIRECTION('',(0.,0.,1.));
#4327=DIRECTION('',(1.,0.,0.));
#4328=FACE_OUTER_BOUND('',#4329,.T.);
#4329=EDGE_LOOP('',(#7680));
#4330=FACE_OUTER_BOUND('',#4331,.T.);
#4331=EDGE_LOOP('',(#7681));
#4332=DEGENERATE_TOROIDAL_SURFACE('',#4333,0.1,0.3,.T.);
#4333=AXIS2_PLACEMENT_3D('',#4334,#4335,#4336);
#4334=CARTESIAN_POINT('',(2.54,1.016,-0.4));
#4335=DIRECTION('',(0.,0.,1.));
#4336=DIRECTION('',(1.,0.,0.));
#4337=FACE_BOUND('',#4338,.T.);
#4338=EDGE_LOOP('',(#7682));
#4339=PLANE('',#4340);
#4340=AXIS2_PLACEMENT_3D('',#4341,#4342,#4343);
#4341=CARTESIAN_POINT('',(0.,0.,16.4));
#4342=DIRECTION('',(0.,0.,1.));
#4343=DIRECTION('',(1.,0.,0.));
#4344=FACE_BOUND('',#4345,.T.);
#4345=EDGE_LOOP('',(#7683));
#4346=PLANE('',#4347);
#4347=AXIS2_PLACEMENT_3D('',#4348,#4349,#4350);
#4348=CARTESIAN_POINT('',(0.,0.,-0.7));
#4349=DIRECTION('',(0.,0.,1.));
#4350=DIRECTION('',(1.,0.,0.));
#4351=FACE_OUTER_BOUND('',#4352,.T.);
#4352=EDGE_LOOP('',(#7684));
#4353=FACE_OUTER_BOUND('',#4354,.T.);
#4354=EDGE_LOOP('',(#7685));
#4355=CYLINDRICAL_SURFACE('',#4356,0.4);
#4356=AXIS2_PLACEMENT_3D('',#4357,#4358,#4359);
#4357=CARTESIAN_POINT('',(2.54,-1.016,-0.7));
#4358=DIRECTION('',(0.,0.,1.));
#4359=DIRECTION('',(1.,0.,0.));
#4360=FACE_OUTER_BOUND('',#4361,.T.);
#4361=EDGE_LOOP('',(#7686));
#4362=FACE_OUTER_BOUND('',#4363,.T.);
#4363=EDGE_LOOP('',(#7687));
#4364=DEGENERATE_TOROIDAL_SURFACE('',#4365,0.1,0.3,.T.);
#4365=AXIS2_PLACEMENT_3D('',#4366,#4367,#4368);
#4366=CARTESIAN_POINT('',(2.54,-1.016,16.1));
#4367=DIRECTION('',(0.,0.,1.));
#4368=DIRECTION('',(1.,0.,0.));
#4369=FACE_OUTER_BOUND('',#4370,.T.);
#4370=EDGE_LOOP('',(#7688));
#4371=FACE_OUTER_BOUND('',#4372,.T.);
#4372=EDGE_LOOP('',(#7689));
#4373=DEGENERATE_TOROIDAL_SURFACE('',#4374,0.1,0.3,.T.);
#4374=AXIS2_PLACEMENT_3D('',#4375,#4376,#4377);
#4375=CARTESIAN_POINT('',(2.54,-1.016,-0.4));
#4376=DIRECTION('',(0.,0.,1.));
#4377=DIRECTION('',(1.,0.,0.));
#4378=FACE_BOUND('',#4379,.T.);
#4379=EDGE_LOOP('',(#7690));
#4380=PLANE('',#4381);
#4381=AXIS2_PLACEMENT_3D('',#4382,#4383,#4384);
#4382=CARTESIAN_POINT('',(0.,0.,16.4));
#4383=DIRECTION('',(0.,0.,1.));
#4384=DIRECTION('',(1.,0.,0.));
#4385=FACE_BOUND('',#4386,.T.);
#4386=EDGE_LOOP('',(#7691));
#4387=PLANE('',#4388);
#4388=AXIS2_PLACEMENT_3D('',#4389,#4390,#4391);
#4389=CARTESIAN_POINT('',(0.,0.,-0.7));
#4390=DIRECTION('',(0.,0.,1.));
#4391=DIRECTION('',(1.,0.,0.));
#4392=FACE_OUTER_BOUND('',#4393,.T.);
#4393=EDGE_LOOP('',(#7692));
#4394=FACE_OUTER_BOUND('',#4395,.T.);
#4395=EDGE_LOOP('',(#7693));
#4396=CYLINDRICAL_SURFACE('',#4397,0.4);
#4397=AXIS2_PLACEMENT_3D('',#4398,#4399,#4400);
#4398=CARTESIAN_POINT('',(-2.54,1.88768432695266E-015,-0.7));
#4399=DIRECTION('',(0.,0.,1.));
#4400=DIRECTION('',(1.,0.,0.));
#4401=FACE_BOUND('',#4402,.T.);
#4402=EDGE_LOOP('',(#7694));
#4403=PLANE('',#4404);
#4404=AXIS2_PLACEMENT_3D('',#4405,#4406,#4407);
#4405=CARTESIAN_POINT('',(0.,0.,16.4));
#4406=DIRECTION('',(0.,0.,1.));
#4407=DIRECTION('',(1.,0.,0.));
#4408=FACE_BOUND('',#4409,.T.);
#4409=EDGE_LOOP('',(#7695));
#4410=PLANE('',#4411);
#4411=AXIS2_PLACEMENT_3D('',#4412,#4413,#4414);
#4412=CARTESIAN_POINT('',(0.,0.,-0.7));
#4413=DIRECTION('',(0.,0.,1.));
#4414=DIRECTION('',(1.,0.,0.));
#4415=FACE_OUTER_BOUND('',#4416,.T.);
#4416=EDGE_LOOP('',(#7696));
#4417=FACE_OUTER_BOUND('',#4418,.T.);
#4418=EDGE_LOOP('',(#7697));
#4419=DEGENERATE_TOROIDAL_SURFACE('',#4420,0.1,0.3,.T.);
#4420=AXIS2_PLACEMENT_3D('',#4421,#4422,#4423);
#4421=CARTESIAN_POINT('',(-2.54,1.88768432695266E-015,-0.4));
#4422=DIRECTION('',(0.,0.,1.));
#4423=DIRECTION('',(1.,0.,0.));
#4424=FACE_OUTER_BOUND('',#4425,.T.);
#4425=EDGE_LOOP('',(#7698));
#4426=FACE_OUTER_BOUND('',#4427,.T.);
#4427=EDGE_LOOP('',(#7699));
#4428=DEGENERATE_TOROIDAL_SURFACE('',#4429,0.1,0.3,.T.);
#4429=AXIS2_PLACEMENT_3D('',#4430,#4431,#4432);
#4430=CARTESIAN_POINT('',(-2.54,1.88768432695266E-015,16.1));
#4431=DIRECTION('',(0.,0.,1.));
#4432=DIRECTION('',(1.,0.,0.));
#4433=FACE_OUTER_BOUND('',#4434,.T.);
#4434=EDGE_LOOP('',(#7700));
#4435=FACE_BOUND('',#4436,.T.);
#4436=EDGE_LOOP('',(#7701,#7702,#7703,#7704,#7705,#7706,#7707,#7708,#7709,#7710,
#7711,#7712));
#4437=CYLINDRICAL_SURFACE('',#4438,0.26);
#4438=AXIS2_PLACEMENT_3D('',#4439,#4440,#4441);
#4439=CARTESIAN_POINT('',(2.22044604925031E-016,0.635000000000001,0.));
#4440=DIRECTION('',(0.,0.,1.));
#4441=DIRECTION('',(1.,0.,0.));
#4442=FACE_BOUND('',#4443,.T.);
#4443=EDGE_LOOP('',(#7713));
#4444=FACE_BOUND('',#4445,.T.);
#4445=EDGE_LOOP('',(#7714));
#4446=PLANE('',#4447);
#4447=AXIS2_PLACEMENT_3D('',#4448,#4449,#4450);
#4448=CARTESIAN_POINT('',(1.27,1.27,3.3));
#4449=DIRECTION('',(0.,0.,1.));
#4450=DIRECTION('',(1.,0.,0.));
#4451=FACE_BOUND('',#4452,.T.);
#4452=EDGE_LOOP('',(#7715,#7716,#7717,#7718));
#4453=PLANE('',#4454);
#4454=AXIS2_PLACEMENT_3D('',#4455,#4456,#4457);
#4455=CARTESIAN_POINT('',(-0.4,0.810000000000001,0.));
#4456=DIRECTION('',(5.54953465218377E-017,0.90630778703665,0.422618261740699));
#4457=DIRECTION('',(-2.58779050750983E-017,-0.422618261740699,0.90630778703665));
#4458=FACE_BOUND('',#4459,.T.);
#4459=EDGE_LOOP('',(#7719,#7720,#7721));
#4460=PLANE('',#4461);
#4461=AXIS2_PLACEMENT_3D('',#4462,#4463,#4464);
#4462=CARTESIAN_POINT('',(1.27,1.27,0.));
#4463=DIRECTION('',(0.,0.,1.));
#4464=DIRECTION('',(1.,0.,0.));
#4465=FACE_BOUND('',#4466,.T.);
#4466=EDGE_LOOP('',(#7722,#7723,#7724,#7725));
#4467=PLANE('',#4468);
#4468=AXIS2_PLACEMENT_3D('',#4469,#4470,#4471);
#4469=CARTESIAN_POINT('',(0.175,1.035,0.));
#4470=DIRECTION('',(0.90630778703665,0.,0.422618261740699));
#4471=DIRECTION('',(-0.422618261740699,0.,0.90630778703665));
#4472=FACE_BOUND('',#4473,.T.);
#4473=EDGE_LOOP('',(#7726,#7727,#7728,#7729));
#4474=PLANE('',#4475);
#4475=AXIS2_PLACEMENT_3D('',#4476,#4477,#4478);
#4476=CARTESIAN_POINT('',(2.22044604925031E-016,1.035,0.375288711089173));
#4477=DIRECTION('',(-0.90630778703665,0.,0.422618261740699));
#4478=DIRECTION('',(-0.422618261740699,0.,-0.90630778703665));
#4479=FACE_BOUND('',#4480,.T.);
#4480=EDGE_LOOP('',(#7730,#7731,#7732));
#4481=PLANE('',#4482);
#4482=AXIS2_PLACEMENT_3D('',#4483,#4484,#4485);
#4483=CARTESIAN_POINT('',(1.27,1.27,0.));
#4484=DIRECTION('',(0.,0.,1.));
#4485=DIRECTION('',(1.,0.,0.));
#4486=FACE_BOUND('',#4487,.T.);
#4487=EDGE_LOOP('',(#7733,#7734,#7735,#7736));
#4488=PLANE('',#4489);
#4489=AXIS2_PLACEMENT_3D('',#4490,#4491,#4492);
#4490=CARTESIAN_POINT('',(-0.4,0.810000000000001,0.));
#4491=DIRECTION('',(5.54953465218377E-017,0.90630778703665,0.422618261740699));
#4492=DIRECTION('',(-2.58779050750983E-017,-0.422618261740699,0.90630778703665));
#4493=FACE_BOUND('',#4494,.T.);
#4494=EDGE_LOOP('',(#7737,#7738,#7739,#7740));
#4495=PLANE('',#4496);
#4496=AXIS2_PLACEMENT_3D('',#4497,#4498,#4499);
#4497=CARTESIAN_POINT('',(-0.4,0.635000000000001,0.375288711089173));
#4498=DIRECTION('',(-5.54953465218377E-017,-0.90630778703665,0.422618261740699));
#4499=DIRECTION('',(-2.58779050750983E-017,-0.422618261740699,-0.90630778703665));
#4500=FACE_BOUND('',#4501,.T.);
#4501=EDGE_LOOP('',(#7741,#7742,#7743));
#4502=PLANE('',#4503);
#4503=AXIS2_PLACEMENT_3D('',#4504,#4505,#4506);
#4504=CARTESIAN_POINT('',(1.27,1.27,0.));
#4505=DIRECTION('',(0.,0.,1.));
#4506=DIRECTION('',(1.,0.,0.));
#4507=FACE_BOUND('',#4508,.T.);
#4508=EDGE_LOOP('',(#7744,#7745,#7746,#7747));
#4509=PLANE('',#4510);
#4510=AXIS2_PLACEMENT_3D('',#4511,#4512,#4513);
#4511=CARTESIAN_POINT('',(2.22044604925031E-016,1.035,0.375288711089173));
#4512=DIRECTION('',(-0.90630778703665,0.,0.422618261740699));
#4513=DIRECTION('',(-0.422618261740699,0.,-0.90630778703665));
#4514=FACE_BOUND('',#4515,.T.);
#4515=EDGE_LOOP('',(#7748,#7749,#7750,#7751));
#4516=PLANE('',#4517);
#4517=AXIS2_PLACEMENT_3D('',#4518,#4519,#4520);
#4518=CARTESIAN_POINT('',(0.175,1.035,0.));
#4519=DIRECTION('',(0.90630778703665,0.,0.422618261740699));
#4520=DIRECTION('',(-0.422618261740699,0.,0.90630778703665));
#4521=FACE_BOUND('',#4522,.T.);
#4522=EDGE_LOOP('',(#7752,#7753,#7754));
#4523=PLANE('',#4524);
#4524=AXIS2_PLACEMENT_3D('',#4525,#4526,#4527);
#4525=CARTESIAN_POINT('',(1.27,1.27,0.));
#4526=DIRECTION('',(0.,0.,1.));
#4527=DIRECTION('',(1.,0.,0.));
#4528=FACE_BOUND('',#4529,.T.);
#4529=EDGE_LOOP('',(#7755,#7756,#7757,#7758));
#4530=PLANE('',#4531);
#4531=AXIS2_PLACEMENT_3D('',#4532,#4533,#4534);
#4532=CARTESIAN_POINT('',(-0.4,0.635000000000001,0.375288711089173));
#4533=DIRECTION('',(-5.54953465218377E-017,-0.90630778703665,0.422618261740699));
#4534=DIRECTION('',(-2.58779050750983E-017,-0.422618261740699,-0.90630778703665));
#4535=FACE_OUTER_BOUND('',#4536,.T.);
#4536=EDGE_LOOP('',(#7759));
#4537=FACE_OUTER_BOUND('',#4538,.T.);
#4538=EDGE_LOOP('',(#7760));
#4539=CYLINDRICAL_SURFACE('',#4540,0.35);
#4540=AXIS2_PLACEMENT_3D('',#4541,#4542,#4543);
#4541=CARTESIAN_POINT('',(2.22044604925031E-016,0.635000000000001,3.3));
#4542=DIRECTION('',(0.,0.,1.));
#4543=DIRECTION('',(1.,0.,0.));
#4544=FACE_BOUND('',#4545,.T.);
#4545=EDGE_LOOP('',(#7761));
#4546=PLANE('',#4547);
#4547=AXIS2_PLACEMENT_3D('',#4548,#4549,#4550);
#4548=CARTESIAN_POINT('',(1.27,1.27,16.4));
#4549=DIRECTION('',(0.,0.,1.));
#4550=DIRECTION('',(1.,0.,0.));
#4551=FACE_OUTER_BOUND('',#4552,.T.);
#4552=EDGE_LOOP('',(#7762));
#4553=FACE_OUTER_BOUND('',#4554,.T.);
#4554=EDGE_LOOP('',(#7763));
#4555=DEGENERATE_TOROIDAL_SURFACE('',#4556,0.15,0.2,.T.);
#4556=AXIS2_PLACEMENT_3D('',#4557,#4558,#4559);
#4557=CARTESIAN_POINT('',(2.22044604925031E-016,0.635000000000001,16.2));
#4558=DIRECTION('',(0.,0.,1.));
#4559=DIRECTION('',(1.,0.,0.));
#4560=FACE_OUTER_BOUND('',#4561,.T.);
#4561=EDGE_LOOP('',(#7764));
#4562=FACE_OUTER_BOUND('',#4563,.T.);
#4563=EDGE_LOOP('',(#7765));
#4564=(BOUNDED_SURFACE()B_SPLINE_SURFACE(3,2,(
(#4565,#4566,#4567),
(#4568,#4569,#4570),
(#4571,#4572,#4573),
(#4574,#4575,#4576),
(#4577,#4578,#4579),
(#4580,#4581,#4582),
(#4583,#4584,#4585),
(#4586,#4587,#4588),
(#4589,#4590,#4591),
(#4592,#4593,#4594),
(#4595,#4596,#4597),
(#4598,#4599,#4600),
(#4601,#4602,#4603),
(#4604,#4605,#4606),
(#4607,#4608,#4609),
(#4610,#4611,#4612),
(#4613,#4614,#4615),
(#4616,#4617,#4618),
(#4619,#4620,#4621),
(#4622,#4623,#4624),
(#4625,#4626,#4627),
(#4628,#4629,#4630),
(#4631,#4632,#4633),
(#4634,#4635,#4636),
(#4637,#4638,#4639),
(#4640,#4641,#4642),
(#4643,#4644,#4645),
(#4646,#4647,#4648),
(#4649,#4650,#4651),
(#4652,#4653,#4654),
(#4655,#4656,#4657)),
.UNSPECIFIED.,.T.,.F.,.F.)B_SPLINE_SURFACE_WITH_KNOTS((4,1,1,1,1,1,1,1,1,1,1,1,1,
1,1,1,1,1,1,1,1,1,1,1,1,1,1,1,4),
(3,3),
(0.,0.429399114220145,0.644817776778308,0.86081596765643,1.07739356289388,1.29382903681212,
1.51026313070067,1.72669556647037,1.94312888150026,2.15956188182325,2.37599497599032,
2.5924280457588,2.80886112100767,3.02529419525962,3.24172726966996,3.45816034388869,
3.67459341869741,3.89102649209753,4.10745956758675,4.32389264630575,4.54032567739124,
4.75675899175888,4.97319097237035,5.18962849989466,5.40604493430925,5.62244189070629,
5.83890702980582,6.05305661590496,6.28318530717959),
(0.,1.),
.UNSPECIFIED.)GEOMETRIC_REPRESENTATION_ITEM()RATIONAL_B_SPLINE_SURFACE((
(1.,0.707106781186548,1.),
(1.,0.707106781186547,1.),
(1.,0.707106781186548,1.),
(1.,0.707106781186547,1.),
(1.,0.707106781186548,1.),
(1.,0.707106781186547,1.),
(1.,0.707106781186547,1.),
(1.,0.707106781186548,1.),
(1.,0.707106781186547,1.),
(1.,0.707106781186548,1.),
(1.,0.707106781186547,1.),
(1.,0.707106781186548,1.),
(1.,0.707106781186548,1.),
(1.,0.707106781186548,1.),
(1.,0.707106781186548,1.),
(1.,0.707106781186548,1.),
(1.,0.707106781186548,1.),
(1.,0.707106781186548,1.),
(1.,0.707106781186548,1.),
(1.,0.707106781186547,1.),
(1.,0.707106781186548,1.),
(1.,0.707106781186548,1.),
(1.,0.707106781186547,1.),
(1.,0.707106781186548,1.),
(1.,0.707106781186548,1.),
(1.,0.707106781186547,1.),
(1.,0.707106781186548,1.),
(1.,0.707106781186547,1.),
(1.,0.707106781186548,1.),
(1.,0.707106781186547,1.),
(1.,0.707106781186548,1.)))REPRESENTATION_ITEM('')SURFACE());
#4565=CARTESIAN_POINT('',(0.35,0.635000000000002,3.45));
#4566=CARTESIAN_POINT('',(0.35,0.635000000000001,3.3));
#4567=CARTESIAN_POINT('',(0.29,0.635000000000002,3.3));
#4568=CARTESIAN_POINT('',(0.350050791313809,0.685142966507151,3.45));
#4569=CARTESIAN_POINT('',(0.350053679229265,0.685114956082397,3.3));
#4570=CARTESIAN_POINT('',(0.290042084231442,0.67654702939164,3.3));
#4571=CARTESIAN_POINT('',(0.333537062340066,0.760322999378606,3.45));
#4572=CARTESIAN_POINT('',(0.333551454998925,0.760272630886364,3.3));
#4573=CARTESIAN_POINT('',(0.276359280224627,0.738839056627988,3.3));
#4574=CARTESIAN_POINT('',(0.281814126402058,0.847118367372833,3.45));
#4575=CARTESIAN_POINT('',(0.281858841977709,0.847059945066585,3.3));
#4576=CARTESIAN_POINT('',(0.233503133304562,0.810755218680348,3.3));
#4577=CARTESIAN_POINT('',(0.229839018700355,0.902576653283929,3.45));
#4578=CARTESIAN_POINT('',(0.229871402801006,0.902552865019975,3.3));
#4579=CARTESIAN_POINT('',(0.190438044066009,0.856706369863828,3.3));
#4580=CARTESIAN_POINT('',(0.167067589086377,0.945669800260079,3.45));
#4581=CARTESIAN_POINT('',(0.167083576223532,0.94566400354626,3.3));
#4582=CARTESIAN_POINT('',(0.138427430957284,0.892412120215494,3.3));
#4583=CARTESIAN_POINT('',(0.0964598152463792,0.97429888909558,3.45));
#4584=CARTESIAN_POINT('',(0.0964542177269561,0.974299856271322,3.3));
#4585=CARTESIAN_POINT('',(0.0799238469184284,0.916133365250624,3.3));
#4586=CARTESIAN_POINT('',(0.0213399070378771,0.987097127232873,3.45));
#4587=CARTESIAN_POINT('',(0.0213398222657719,0.987097124413763,3.3));
#4588=CARTESIAN_POINT('',(0.0176816372599554,0.926737619707238,3.3));
#4589=CARTESIAN_POINT('',(-0.0547699653540945,0.983465238063326,3.45));
#4590=CARTESIAN_POINT('',(-0.0547700059980454,0.983465225522779,3.3));
#4591=CARTESIAN_POINT('',(-0.0453808284362498,0.923728340109613,3.3));
#4592=CARTESIAN_POINT('',(-0.128324141495584,0.963573712362442,3.45));
#4593=CARTESIAN_POINT('',(-0.128324119041122,0.963573724808694,3.3));
#4594=CARTESIAN_POINT('',(-0.106325717239198,0.907246790243166,3.3));
#4595=CARTESIAN_POINT('',(-0.195890597270232,0.928350719828452,3.45));
#4596=CARTESIAN_POINT('',(-0.195890604468157,0.928350713512401,3.3));
#4597=CARTESIAN_POINT('',(-0.162309352023906,0.878062025000718,3.3));
#4598=CARTESIAN_POINT('',(-0.254316675934591,0.879439765174727,3.45));
#4599=CARTESIAN_POINT('',(-0.254316674196522,0.879439767532796,3.3));
#4600=CARTESIAN_POINT('',(-0.210719531488661,0.837535805430488,3.3));
#4601=CARTESIAN_POINT('',(-0.300876154463942,0.819123084587794,3.45));
#4602=CARTESIAN_POINT('',(-0.300876154781717,0.819123083875467,3.3));
#4603=CARTESIAN_POINT('',(-0.249297385127266,0.787559127229887,3.3));
#4604=CARTESIAN_POINT('',(-0.333396541278729,0.750215089408322,3.45));
#4605=CARTESIAN_POINT('',(-0.333396541241305,0.750215089586668,3.3));
#4606=CARTESIAN_POINT('',(-0.27624284848809,0.730463931224038,3.3));
#4607=CARTESIAN_POINT('',(-0.35036041078956,0.675931077728574,3.45));
#4608=CARTESIAN_POINT('',(-0.350360410790849,0.67593107768821,3.3));
#4609=CARTESIAN_POINT('',(-0.290298626082778,0.668914321546533,3.3));
#4610=CARTESIAN_POINT('',(-0.350976217165265,0.599737193016192,3.45));
#4611=CARTESIAN_POINT('',(-0.350976217165388,0.599737193037757,3.3));
#4612=CARTESIAN_POINT('',(-0.29080886565122,0.605782245641988,3.3));
#4613=CARTESIAN_POINT('',(-0.33521522642216,0.525188695733366,3.45));
#4614=CARTESIAN_POINT('',(-0.335215226415747,0.525188695695231,3.3));
#4615=CARTESIAN_POINT('',(-0.277749759035504,0.544013490750503,3.3));
#4616=CARTESIAN_POINT('',(-0.303812857471723,0.455764071104213,3.45));
#4617=CARTESIAN_POINT('',(-0.303812857487979,0.45576407114764,3.3));
#4618=CARTESIAN_POINT('',(-0.251730653333714,0.486490230343491,3.3));
#4619=CARTESIAN_POINT('',(-0.258234366819695,0.39470272082893,3.45));
#4620=CARTESIAN_POINT('',(-0.25823436692035,0.394702720959798,3.3));
#4621=CARTESIAN_POINT('',(-0.213965618222033,0.435896540115399,3.3));
#4622=CARTESIAN_POINT('',(-0.200606480077487,0.344853811624051,3.45));
#4623=CARTESIAN_POINT('',(-0.200606478807799,0.344853810499437,3.3));
#4624=CARTESIAN_POINT('',(-0.166216797778489,0.394593158202786,3.3));
#4625=CARTESIAN_POINT('',(-0.133618147267253,0.308543323282558,3.45));
#4626=CARTESIAN_POINT('',(-0.133618155520349,0.308543327941413,3.3));
#4627=CARTESIAN_POINT('',(-0.110712179164295,0.364507325005548,3.3));
#4628=CARTESIAN_POINT('',(-0.06039513064289,0.287465546094733,3.45));
#4629=CARTESIAN_POINT('',(-0.0603950892110325,0.287465533273302,3.3));
#4630=CARTESIAN_POINT('',(-0.0500416796755375,0.347042881049921,3.3));
#4631=CARTESIAN_POINT('',(0.0156461054518057,0.282603946711348,3.45));
#4632=CARTESIAN_POINT('',(0.0156459289692627,0.282603961838808,3.3));
#4633=CARTESIAN_POINT('',(0.0129639159457822,0.343014698703689,3.3));
#4634=CARTESIAN_POINT('',(0.0909567574479783,0.2941853760162,3.45));
#4635=CARTESIAN_POINT('',(0.090957415730716,0.294185461574118,3.3));
#4636=CARTESIAN_POINT('',(0.0753641704568959,0.352610740127708,3.3));
#4637=CARTESIAN_POINT('',(0.162021635531059,0.321668567384389,3.45));
#4638=CARTESIAN_POINT('',(0.162022884382838,0.321669112554886,3.3));
#4639=CARTESIAN_POINT('',(0.134246498011449,0.375382527261351,3.3));
#4640=CARTESIAN_POINT('',(0.225526063322176,0.363770376458989,3.45));
#4641=CARTESIAN_POINT('',(0.225525110370682,0.363769972260715,3.3));
#4642=CARTESIAN_POINT('',(0.186864452466946,0.410266883351734,3.3));
#4643=CARTESIAN_POINT('',(0.278446984091627,0.418462731106529,3.45));
#4644=CARTESIAN_POINT('',(0.278508323869202,0.418526408484053,3.3));
#4645=CARTESIAN_POINT('',(0.230713215390205,0.455583405773981,3.3));
#4646=CARTESIAN_POINT('',(0.316947608625666,0.480857275356175,3.45));
#4647=CARTESIAN_POINT('',(0.318357607526295,0.483157062332626,3.3));
#4648=CARTESIAN_POINT('',(0.262613732861267,0.507281742437974,3.3));
#4649=CARTESIAN_POINT('',(0.343408671810947,0.553639874434658,3.45));
#4650=CARTESIAN_POINT('',(0.344006717048423,0.556321050122766,3.3));
#4651=CARTESIAN_POINT('',(0.284538613786214,0.567587324531574,3.3));
#4652=CARTESIAN_POINT('',(0.349972779313725,0.60812678373854,3.45));
#4653=CARTESIAN_POINT('',(0.349971231587653,0.608141795419228,3.3));
#4654=CARTESIAN_POINT('',(0.289977445717087,0.612733620811934,3.3));
#4655=CARTESIAN_POINT('',(0.35,0.635000000000002,3.45));
#4656=CARTESIAN_POINT('',(0.35,0.635000000000001,3.3));
#4657=CARTESIAN_POINT('',(0.29,0.635000000000002,3.3));
#4658=FACE_OUTER_BOUND('',#4659,.T.);
#4659=EDGE_LOOP('',(#7766));
#4660=FACE_BOUND('',#4661,.T.);
#4661=EDGE_LOOP('',(#7767,#7768,#7769,#7770,#7771,#7772,#7773,#7774,#7775,#7776,
#7777,#7778));
#4662=CYLINDRICAL_SURFACE('',#4663,0.26);
#4663=AXIS2_PLACEMENT_3D('',#4664,#4665,#4666);
#4664=CARTESIAN_POINT('',(1.27,-0.634999999999999,0.));
#4665=DIRECTION('',(0.,0.,1.));
#4666=DIRECTION('',(1.,0.,0.));
#4667=FACE_BOUND('',#4668,.T.);
#4668=EDGE_LOOP('',(#7779));
#4669=FACE_BOUND('',#4670,.T.);
#4670=EDGE_LOOP('',(#7780));
#4671=PLANE('',#4672);
#4672=AXIS2_PLACEMENT_3D('',#4673,#4674,#4675);
#4673=CARTESIAN_POINT('',(2.54,0.,3.3));
#4674=DIRECTION('',(0.,0.,1.));
#4675=DIRECTION('',(1.,0.,0.));
#4676=FACE_BOUND('',#4677,.T.);
#4677=EDGE_LOOP('',(#7781,#7782,#7783,#7784));
#4678=PLANE('',#4679);
#4679=AXIS2_PLACEMENT_3D('',#4680,#4681,#4682);
#4680=CARTESIAN_POINT('',(0.87,-0.459999999999999,0.));
#4681=DIRECTION('',(5.54953465218377E-017,0.90630778703665,0.422618261740699));
#4682=DIRECTION('',(-2.58779050750983E-017,-0.422618261740699,0.90630778703665));
#4683=FACE_BOUND('',#4684,.T.);
#4684=EDGE_LOOP('',(#7785,#7786,#7787));
#4685=PLANE('',#4686);
#4686=AXIS2_PLACEMENT_3D('',#4687,#4688,#4689);
#4687=CARTESIAN_POINT('',(2.54,0.,0.));
#4688=DIRECTION('',(0.,0.,1.));
#4689=DIRECTION('',(1.,0.,0.));
#4690=FACE_BOUND('',#4691,.T.);
#4691=EDGE_LOOP('',(#7788,#7789,#7790,#7791));
#4692=PLANE('',#4693);
#4693=AXIS2_PLACEMENT_3D('',#4694,#4695,#4696);
#4694=CARTESIAN_POINT('',(1.445,-0.234999999999999,0.));
#4695=DIRECTION('',(0.90630778703665,0.,0.422618261740699));
#4696=DIRECTION('',(-0.422618261740699,0.,0.90630778703665));
#4697=FACE_BOUND('',#4698,.T.);
#4698=EDGE_LOOP('',(#7792,#7793,#7794,#7795));
#4699=PLANE('',#4700);
#4700=AXIS2_PLACEMENT_3D('',#4701,#4702,#4703);
#4701=CARTESIAN_POINT('',(1.27,-0.234999999999999,0.375288711089173));
#4702=DIRECTION('',(-0.90630778703665,0.,0.422618261740699));
#4703=DIRECTION('',(-0.422618261740699,0.,-0.90630778703665));
#4704=FACE_BOUND('',#4705,.T.);
#4705=EDGE_LOOP('',(#7796,#7797,#7798));
#4706=PLANE('',#4707);
#4707=AXIS2_PLACEMENT_3D('',#4708,#4709,#4710);
#4708=CARTESIAN_POINT('',(2.54,0.,0.));
#4709=DIRECTION('',(0.,0.,1.));
#4710=DIRECTION('',(1.,0.,0.));
#4711=FACE_BOUND('',#4712,.T.);
#4712=EDGE_LOOP('',(#7799,#7800,#7801,#7802));
#4713=PLANE('',#4714);
#4714=AXIS2_PLACEMENT_3D('',#4715,#4716,#4717);
#4715=CARTESIAN_POINT('',(0.87,-0.459999999999999,0.));
#4716=DIRECTION('',(5.54953465218377E-017,0.90630778703665,0.422618261740699));
#4717=DIRECTION('',(-2.58779050750983E-017,-0.422618261740699,0.90630778703665));
#4718=FACE_BOUND('',#4719,.T.);
#4719=EDGE_LOOP('',(#7803,#7804,#7805,#7806));
#4720=PLANE('',#4721);
#4721=AXIS2_PLACEMENT_3D('',#4722,#4723,#4724);
#4722=CARTESIAN_POINT('',(0.87,-0.634999999999999,0.375288711089173));
#4723=DIRECTION('',(-5.54953465218377E-017,-0.90630778703665,0.422618261740699));
#4724=DIRECTION('',(-2.58779050750983E-017,-0.422618261740699,-0.90630778703665));
#4725=FACE_BOUND('',#4726,.T.);
#4726=EDGE_LOOP('',(#7807,#7808,#7809));
#4727=PLANE('',#4728);
#4728=AXIS2_PLACEMENT_3D('',#4729,#4730,#4731);
#4729=CARTESIAN_POINT('',(2.54,0.,0.));
#4730=DIRECTION('',(0.,0.,1.));
#4731=DIRECTION('',(1.,0.,0.));
#4732=FACE_BOUND('',#4733,.T.);
#4733=EDGE_LOOP('',(#7810,#7811,#7812,#7813));
#4734=PLANE('',#4735);
#4735=AXIS2_PLACEMENT_3D('',#4736,#4737,#4738);
#4736=CARTESIAN_POINT('',(1.27,-0.234999999999999,0.375288711089173));
#4737=DIRECTION('',(-0.90630778703665,0.,0.422618261740699));
#4738=DIRECTION('',(-0.422618261740699,0.,-0.90630778703665));
#4739=FACE_BOUND('',#4740,.T.);
#4740=EDGE_LOOP('',(#7814,#7815,#7816,#7817));
#4741=PLANE('',#4742);
#4742=AXIS2_PLACEMENT_3D('',#4743,#4744,#4745);
#4743=CARTESIAN_POINT('',(1.445,-0.234999999999999,0.));
#4744=DIRECTION('',(0.90630778703665,0.,0.422618261740699));
#4745=DIRECTION('',(-0.422618261740699,0.,0.90630778703665));
#4746=FACE_BOUND('',#4747,.T.);
#4747=EDGE_LOOP('',(#7818,#7819,#7820));
#4748=PLANE('',#4749);
#4749=AXIS2_PLACEMENT_3D('',#4750,#4751,#4752);
#4750=CARTESIAN_POINT('',(2.54,0.,0.));
#4751=DIRECTION('',(0.,0.,1.));
#4752=DIRECTION('',(1.,0.,0.));
#4753=FACE_BOUND('',#4754,.T.);
#4754=EDGE_LOOP('',(#7821,#7822,#7823,#7824));
#4755=PLANE('',#4756);
#4756=AXIS2_PLACEMENT_3D('',#4757,#4758,#4759);
#4757=CARTESIAN_POINT('',(0.87,-0.634999999999999,0.375288711089173));
#4758=DIRECTION('',(-5.54953465218377E-017,-0.90630778703665,0.422618261740699));
#4759=DIRECTION('',(-2.58779050750983E-017,-0.422618261740699,-0.90630778703665));
#4760=FACE_OUTER_BOUND('',#4761,.T.);
#4761=EDGE_LOOP('',(#7825));
#4762=FACE_OUTER_BOUND('',#4763,.T.);
#4763=EDGE_LOOP('',(#7826));
#4764=(BOUNDED_SURFACE()B_SPLINE_SURFACE(3,2,(
(#4765,#4766,#4767),
(#4768,#4769,#4770),
(#4771,#4772,#4773),
(#4774,#4775,#4776),
(#4777,#4778,#4779),
(#4780,#4781,#4782),
(#4783,#4784,#4785),
(#4786,#4787,#4788),
(#4789,#4790,#4791),
(#4792,#4793,#4794),
(#4795,#4796,#4797),
(#4798,#4799,#4800),
(#4801,#4802,#4803),
(#4804,#4805,#4806),
(#4807,#4808,#4809),
(#4810,#4811,#4812),
(#4813,#4814,#4815),
(#4816,#4817,#4818),
(#4819,#4820,#4821),
(#4822,#4823,#4824),
(#4825,#4826,#4827),
(#4828,#4829,#4830),
(#4831,#4832,#4833),
(#4834,#4835,#4836),
(#4837,#4838,#4839),
(#4840,#4841,#4842),
(#4843,#4844,#4845),
(#4846,#4847,#4848),
(#4849,#4850,#4851),
(#4852,#4853,#4854),
(#4855,#4856,#4857)),
.UNSPECIFIED.,.T.,.F.,.F.)B_SPLINE_SURFACE_WITH_KNOTS((4,1,1,1,1,1,1,1,1,1,1,1,1,
1,1,1,1,1,1,1,1,1,1,1,1,1,1,1,4),
(3,3),
(0.,0.429399114220221,0.644817776778375,0.860815967656478,1.07739356289392,1.29382903681212,
1.5102631307007,1.72669556647038,1.94312888150029,2.15956188182327,2.37599497599032,
2.59242804575883,2.80886112100767,3.02529419525965,3.24172726966999,3.45816034388872,
3.67459341869743,3.89102649209754,4.10745956758676,4.3238926463058,4.54032567739124,
4.75675899175892,4.97319097237033,5.1896284998947,5.40604493430926,5.62244189070627,
5.83890702980576,6.05305661590542,6.28318530717959),
(0.,1.),
.UNSPECIFIED.)GEOMETRIC_REPRESENTATION_ITEM()RATIONAL_B_SPLINE_SURFACE((
(1.,0.707106781186548,1.),
(1.,0.707106781186548,1.),
(1.,0.707106781186547,1.),
(1.,0.707106781186548,1.),
(1.,0.707106781186547,1.),
(1.,0.707106781186548,1.),
(1.,0.707106781186548,1.),
(1.,0.707106781186547,1.),
(1.,0.707106781186548,1.),
(1.,0.707106781186547,1.),
(1.,0.707106781186548,1.),
(1.,0.707106781186547,1.),
(1.,0.707106781186548,1.),
(1.,0.707106781186547,1.),
(1.,0.707106781186547,1.),
(1.,0.707106781186547,1.),
(1.,0.707106781186547,1.),
(1.,0.707106781186548,1.),
(1.,0.707106781186548,1.),
(1.,0.707106781186548,1.),
(1.,0.707106781186547,1.),
(1.,0.707106781186547,1.),
(1.,0.707106781186548,1.),
(1.,0.707106781186548,1.),
(1.,0.707106781186547,1.),
(1.,0.707106781186548,1.),
(1.,0.707106781186548,1.),
(1.,0.707106781186548,1.),
(1.,0.707106781186548,1.),
(1.,0.707106781186547,1.),
(1.,0.707106781186548,1.)))REPRESENTATION_ITEM('')SURFACE());
#4765=CARTESIAN_POINT('',(1.62,-0.634999999999999,3.45));
#4766=CARTESIAN_POINT('',(1.62,-0.634999999999999,3.3));
#4767=CARTESIAN_POINT('',(1.56,-0.634999999999999,3.3));
#4768=CARTESIAN_POINT('',(1.62005079131381,-0.584857033492842,3.45));
#4769=CARTESIAN_POINT('',(1.62005367922927,-0.584885043917594,3.3));
#4770=CARTESIAN_POINT('',(1.56004208423144,-0.593452970608354,3.3));
#4771=CARTESIAN_POINT('',(1.60353706234006,-0.50967700062138,3.45));
#4772=CARTESIAN_POINT('',(1.60355145499892,-0.509727369113619,3.3));
#4773=CARTESIAN_POINT('',(1.54635928022462,-0.531160943372,3.3));
#4774=CARTESIAN_POINT('',(1.55181412640205,-0.42288163262715,3.45));
#4775=CARTESIAN_POINT('',(1.5518588419777,-0.422940054933398,3.3));
#4776=CARTESIAN_POINT('',(1.50350313330455,-0.459244781319639,3.3));
#4777=CARTESIAN_POINT('',(1.49983901870034,-0.367423346716061,3.45));
#4778=CARTESIAN_POINT('',(1.49987140280099,-0.367447134980014,3.3));
#4779=CARTESIAN_POINT('',(1.460438044066,-0.413293630136164,3.3));
#4780=CARTESIAN_POINT('',(1.43706758908637,-0.324330199739916,3.45));
#4781=CARTESIAN_POINT('',(1.43708357622352,-0.324335996453736,3.3));
#4782=CARTESIAN_POINT('',(1.40842743095727,-0.377587879784502,3.3));
#4783=CARTESIAN_POINT('',(1.36645981524637,-0.295701110904418,3.45));
#4784=CARTESIAN_POINT('',(1.36645421772695,-0.295700143728677,3.3));
#4785=CARTESIAN_POINT('',(1.34992384691842,-0.353866634749375,3.3));
#4786=CARTESIAN_POINT('',(1.29133990703787,-0.282902872767127,3.45));
#4787=CARTESIAN_POINT('',(1.29133982226577,-0.282902875586237,3.3));
#4788=CARTESIAN_POINT('',(1.28768163725995,-0.343262380292762,3.3));
#4789=CARTESIAN_POINT('',(1.2152300346459,-0.286534761936675,3.45));
#4790=CARTESIAN_POINT('',(1.21522999400195,-0.286534774477222,3.3));
#4791=CARTESIAN_POINT('',(1.22461917156374,-0.346271659890388,3.3));
#4792=CARTESIAN_POINT('',(1.14167585850441,-0.306426287637561,3.45));
#4793=CARTESIAN_POINT('',(1.14167588095887,-0.306426275191309,3.3));
#4794=CARTESIAN_POINT('',(1.1636742827608,-0.362753209756836,3.3));
#4795=CARTESIAN_POINT('',(1.07410940272976,-0.341649280171552,3.45));
#4796=CARTESIAN_POINT('',(1.07410939553184,-0.341649286487604,3.3));
#4797=CARTESIAN_POINT('',(1.10769064797609,-0.391937974999286,3.3));
#4798=CARTESIAN_POINT('',(1.0156833240654,-0.390560234825278,3.45));
#4799=CARTESIAN_POINT('',(1.01568332580347,-0.390560232467209,3.3));
#4800=CARTESIAN_POINT('',(1.05928046851134,-0.432464194569516,3.3));
#4801=CARTESIAN_POINT('',(0.969123845536055,-0.450876915412211,3.45));
#4802=CARTESIAN_POINT('',(0.969123845218281,-0.450876916124537,3.3));
#4803=CARTESIAN_POINT('',(1.02070261487273,-0.482440872770118,3.3));
#4804=CARTESIAN_POINT('',(0.936603458721269,-0.519784910591684,3.45));
#4805=CARTESIAN_POINT('',(0.936603458758693,-0.519784910413339,3.3));
#4806=CARTESIAN_POINT('',(0.993757151511908,-0.539536068775967,3.3));
#4807=CARTESIAN_POINT('',(0.919639589210439,-0.594068922271434,3.45));
#4808=CARTESIAN_POINT('',(0.91963958920915,-0.594068922311798,3.3));
#4809=CARTESIAN_POINT('',(0.979701373917222,-0.601085678453474,3.3));
#4810=CARTESIAN_POINT('',(0.919023782834736,-0.670262806983817,3.45));
#4811=CARTESIAN_POINT('',(0.919023782834614,-0.670262806962253,3.3));
#4812=CARTESIAN_POINT('',(0.979191134348781,-0.66421775435802,3.3));
#4813=CARTESIAN_POINT('',(0.934784773577843,-0.744811304266643,3.45));
#4814=CARTESIAN_POINT('',(0.934784773584256,-0.744811304304778,3.3));
#4815=CARTESIAN_POINT('',(0.992250240964499,-0.725986509249504,3.3));
#4816=CARTESIAN_POINT('',(0.96618714252828,-0.814235928895792,3.45));
#4817=CARTESIAN_POINT('',(0.966187142512025,-0.814235928852365,3.3));
#4818=CARTESIAN_POINT('',(1.01826934666629,-0.783509769656513,3.3));
#4819=CARTESIAN_POINT('',(1.01176563318031,-0.875297279171075,3.45));
#4820=CARTESIAN_POINT('',(1.01176563307965,-0.875297279040205,3.3));
#4821=CARTESIAN_POINT('',(1.05603438177797,-0.834103459884604,3.3));
#4822=CARTESIAN_POINT('',(1.06939351992252,-0.925146188375952,3.45));
#4823=CARTESIAN_POINT('',(1.06939352119221,-0.925146189500567,3.3));
#4824=CARTESIAN_POINT('',(1.10378320222152,-0.875406841797217,3.3));
#4825=CARTESIAN_POINT('',(1.13638185273275,-0.961456676717445,3.45));
#4826=CARTESIAN_POINT('',(1.13638184447966,-0.961456672058589,3.3));
#4827=CARTESIAN_POINT('',(1.15928782083571,-0.905492674994454,3.3));
#4828=CARTESIAN_POINT('',(1.20960486935712,-0.982534453905268,3.45));
#4829=CARTESIAN_POINT('',(1.20960491078898,-0.9825344667267,3.3));
#4830=CARTESIAN_POINT('',(1.21995832032447,-0.922957118950079,3.3));
#4831=CARTESIAN_POINT('',(1.28564610545181,-0.987396053288651,3.45));
#4832=CARTESIAN_POINT('',(1.28564592896927,-0.987396038161191,3.3));
#4833=CARTESIAN_POINT('',(1.28296391594579,-0.926985301296311,3.3));
#4834=CARTESIAN_POINT('',(1.36095675744798,-0.9758146239838,3.45));
#4835=CARTESIAN_POINT('',(1.36095741573072,-0.975814538425881,3.3));
#4836=CARTESIAN_POINT('',(1.3453641704569,-0.917389259872291,3.3));
#4837=CARTESIAN_POINT('',(1.43202163553106,-0.948331432615608,3.45));
#4838=CARTESIAN_POINT('',(1.43202288438284,-0.948330887445113,3.3));
#4839=CARTESIAN_POINT('',(1.40424649801145,-0.894617472738647,3.3));
#4840=CARTESIAN_POINT('',(1.49552606332218,-0.906229623541011,3.45));
#4841=CARTESIAN_POINT('',(1.49552511037068,-0.906230027739282,3.3));
#4842=CARTESIAN_POINT('',(1.45686445246695,-0.859733116648266,3.3));
#4843=CARTESIAN_POINT('',(1.54844698409164,-0.851537268893461,3.45));
#4844=CARTESIAN_POINT('',(1.5485083238692,-0.851473591515952,3.3));
#4845=CARTESIAN_POINT('',(1.50071321539021,-0.81441659422601,3.3));
#4846=CARTESIAN_POINT('',(1.58694760862569,-0.789142724643784,3.45));
#4847=CARTESIAN_POINT('',(1.58835760752632,-0.786842937667335,3.3));
#4848=CARTESIAN_POINT('',(1.53261373286129,-0.762718257561992,3.3));
#4849=CARTESIAN_POINT('',(1.61340867181096,-0.716360125565291,3.45));
#4850=CARTESIAN_POINT('',(1.61400671704843,-0.713678949877186,3.3));
#4851=CARTESIAN_POINT('',(1.55453861378622,-0.702412675468384,3.3));
#4852=CARTESIAN_POINT('',(1.61997277931372,-0.661873216261405,3.45));
#4853=CARTESIAN_POINT('',(1.61997123158765,-0.661858204580717,3.3));
#4854=CARTESIAN_POINT('',(1.55997744571709,-0.657266379188021,3.3));
#4855=CARTESIAN_POINT('',(1.62,-0.634999999999999,3.45));
#4856=CARTESIAN_POINT('',(1.62,-0.634999999999999,3.3));
#4857=CARTESIAN_POINT('',(1.56,-0.634999999999999,3.3));
#4858=FACE_OUTER_BOUND('',#4859,.T.);
#4859=EDGE_LOOP('',(#7827));
#4860=FACE_OUTER_BOUND('',#4861,.T.);
#4861=EDGE_LOOP('',(#7828));
#4862=CYLINDRICAL_SURFACE('',#4863,0.35);
#4863=AXIS2_PLACEMENT_3D('',#4864,#4865,#4866);
#4864=CARTESIAN_POINT('',(1.27,-0.634999999999999,3.3));
#4865=DIRECTION('',(0.,0.,1.));
#4866=DIRECTION('',(1.,0.,0.));
#4867=FACE_OUTER_BOUND('',#4868,.T.);
#4868=EDGE_LOOP('',(#7829));
#4869=FACE_OUTER_BOUND('',#4870,.T.);
#4870=EDGE_LOOP('',(#7830));
#4871=DEGENERATE_TOROIDAL_SURFACE('',#4872,0.15,0.2,.T.);
#4872=AXIS2_PLACEMENT_3D('',#4873,#4874,#4875);
#4873=CARTESIAN_POINT('',(1.27,-0.634999999999999,16.2));
#4874=DIRECTION('',(0.,0.,1.));
#4875=DIRECTION('',(1.,0.,0.));
#4876=FACE_BOUND('',#4877,.T.);
#4877=EDGE_LOOP('',(#7831));
#4878=PLANE('',#4879);
#4879=AXIS2_PLACEMENT_3D('',#4880,#4881,#4882);
#4880=CARTESIAN_POINT('',(2.54,0.,16.4));
#4881=DIRECTION('',(0.,0.,1.));
#4882=DIRECTION('',(1.,0.,0.));
#4883=FACE_OUTER_BOUND('',#4884,.T.);
#4884=EDGE_LOOP('',(#7832));
#4885=FACE_BOUND('',#4886,.T.);
#4886=EDGE_LOOP('',(#7833,#7834,#7835,#7836,#7837,#7838,#7839,#7840,#7841,#7842,
#7843,#7844));
#4887=CYLINDRICAL_SURFACE('',#4888,0.26);
#4888=AXIS2_PLACEMENT_3D('',#4889,#4890,#4891);
#4889=CARTESIAN_POINT('',(2.22044604925031E-016,-0.634999999999999,0.));
#4890=DIRECTION('',(0.,0.,1.));
#4891=DIRECTION('',(1.,0.,0.));
#4892=FACE_BOUND('',#4893,.T.);
#4893=EDGE_LOOP('',(#7845));
#4894=FACE_BOUND('',#4895,.T.);
#4895=EDGE_LOOP('',(#7846));
#4896=PLANE('',#4897);
#4897=AXIS2_PLACEMENT_3D('',#4898,#4899,#4900);
#4898=CARTESIAN_POINT('',(1.27,0.,3.3));
#4899=DIRECTION('',(0.,0.,1.));
#4900=DIRECTION('',(1.,0.,0.));
#4901=FACE_BOUND('',#4902,.T.);
#4902=EDGE_LOOP('',(#7847,#7848,#7849,#7850));
#4903=PLANE('',#4904);
#4904=AXIS2_PLACEMENT_3D('',#4905,#4906,#4907);
#4905=CARTESIAN_POINT('',(-0.4,-0.459999999999999,0.));
#4906=DIRECTION('',(5.54953465218377E-017,0.90630778703665,0.422618261740699));
#4907=DIRECTION('',(-2.58779050750983E-017,-0.422618261740699,0.90630778703665));
#4908=FACE_BOUND('',#4909,.T.);
#4909=EDGE_LOOP('',(#7851,#7852,#7853));
#4910=PLANE('',#4911);
#4911=AXIS2_PLACEMENT_3D('',#4912,#4913,#4914);
#4912=CARTESIAN_POINT('',(1.27,0.,0.));
#4913=DIRECTION('',(0.,0.,1.));
#4914=DIRECTION('',(1.,0.,0.));
#4915=FACE_BOUND('',#4916,.T.);
#4916=EDGE_LOOP('',(#7854,#7855,#7856,#7857));
#4917=PLANE('',#4918);
#4918=AXIS2_PLACEMENT_3D('',#4919,#4920,#4921);
#4919=CARTESIAN_POINT('',(0.175,-0.234999999999999,0.));
#4920=DIRECTION('',(0.90630778703665,0.,0.422618261740699));
#4921=DIRECTION('',(-0.422618261740699,0.,0.90630778703665));
#4922=FACE_BOUND('',#4923,.T.);
#4923=EDGE_LOOP('',(#7858,#7859,#7860,#7861));
#4924=PLANE('',#4925);
#4925=AXIS2_PLACEMENT_3D('',#4926,#4927,#4928);
#4926=CARTESIAN_POINT('',(2.22044604925031E-016,-0.234999999999999,0.375288711089173));
#4927=DIRECTION('',(-0.90630778703665,0.,0.422618261740699));
#4928=DIRECTION('',(-0.422618261740699,0.,-0.90630778703665));
#4929=FACE_BOUND('',#4930,.T.);
#4930=EDGE_LOOP('',(#7862,#7863,#7864));
#4931=PLANE('',#4932);
#4932=AXIS2_PLACEMENT_3D('',#4933,#4934,#4935);
#4933=CARTESIAN_POINT('',(1.27,0.,0.));
#4934=DIRECTION('',(0.,0.,1.));
#4935=DIRECTION('',(1.,0.,0.));
#4936=FACE_BOUND('',#4937,.T.);
#4937=EDGE_LOOP('',(#7865,#7866,#7867,#7868));
#4938=PLANE('',#4939);
#4939=AXIS2_PLACEMENT_3D('',#4940,#4941,#4942);
#4940=CARTESIAN_POINT('',(-0.4,-0.459999999999999,0.));
#4941=DIRECTION('',(5.54953465218377E-017,0.90630778703665,0.422618261740699));
#4942=DIRECTION('',(-2.58779050750983E-017,-0.422618261740699,0.90630778703665));
#4943=FACE_BOUND('',#4944,.T.);
#4944=EDGE_LOOP('',(#7869,#7870,#7871,#7872));
#4945=PLANE('',#4946);
#4946=AXIS2_PLACEMENT_3D('',#4947,#4948,#4949);
#4947=CARTESIAN_POINT('',(-0.4,-0.634999999999999,0.375288711089173));
#4948=DIRECTION('',(-5.54953465218377E-017,-0.90630778703665,0.422618261740699));
#4949=DIRECTION('',(-2.58779050750983E-017,-0.422618261740699,-0.90630778703665));
#4950=FACE_BOUND('',#4951,.T.);
#4951=EDGE_LOOP('',(#7873,#7874,#7875));
#4952=PLANE('',#4953);
#4953=AXIS2_PLACEMENT_3D('',#4954,#4955,#4956);
#4954=CARTESIAN_POINT('',(1.27,0.,0.));
#4955=DIRECTION('',(0.,0.,1.));
#4956=DIRECTION('',(1.,0.,0.));
#4957=FACE_BOUND('',#4958,.T.);
#4958=EDGE_LOOP('',(#7876,#7877,#7878,#7879));
#4959=PLANE('',#4960);
#4960=AXIS2_PLACEMENT_3D('',#4961,#4962,#4963);
#4961=CARTESIAN_POINT('',(2.22044604925031E-016,-0.234999999999999,0.375288711089173));
#4962=DIRECTION('',(-0.90630778703665,0.,0.422618261740699));
#4963=DIRECTION('',(-0.422618261740699,0.,-0.90630778703665));
#4964=FACE_BOUND('',#4965,.T.);
#4965=EDGE_LOOP('',(#7880,#7881,#7882,#7883));
#4966=PLANE('',#4967);
#4967=AXIS2_PLACEMENT_3D('',#4968,#4969,#4970);
#4968=CARTESIAN_POINT('',(0.175,-0.234999999999999,0.));
#4969=DIRECTION('',(0.90630778703665,0.,0.422618261740699));
#4970=DIRECTION('',(-0.422618261740699,0.,0.90630778703665));
#4971=FACE_BOUND('',#4972,.T.);
#4972=EDGE_LOOP('',(#7884,#7885,#7886));
#4973=PLANE('',#4974);
#4974=AXIS2_PLACEMENT_3D('',#4975,#4976,#4977);
#4975=CARTESIAN_POINT('',(1.27,0.,0.));
#4976=DIRECTION('',(0.,0.,1.));
#4977=DIRECTION('',(1.,0.,0.));
#4978=FACE_BOUND('',#4979,.T.);
#4979=EDGE_LOOP('',(#7887,#7888,#7889,#7890));
#4980=PLANE('',#4981);
#4981=AXIS2_PLACEMENT_3D('',#4982,#4983,#4984);
#4982=CARTESIAN_POINT('',(-0.4,-0.634999999999999,0.375288711089173));
#4983=DIRECTION('',(-5.54953465218377E-017,-0.90630778703665,0.422618261740699));
#4984=DIRECTION('',(-2.58779050750983E-017,-0.422618261740699,-0.90630778703665));
#4985=FACE_OUTER_BOUND('',#4986,.T.);
#4986=EDGE_LOOP('',(#7891));
#4987=FACE_OUTER_BOUND('',#4988,.T.);
#4988=EDGE_LOOP('',(#7892));
#4989=(BOUNDED_SURFACE()B_SPLINE_SURFACE(3,2,(
(#4990,#4991,#4992),
(#4993,#4994,#4995),
(#4996,#4997,#4998),
(#4999,#5000,#5001),
(#5002,#5003,#5004),
(#5005,#5006,#5007),
(#5008,#5009,#5010),
(#5011,#5012,#5013),
(#5014,#5015,#5016),
(#5017,#5018,#5019),
(#5020,#5021,#5022),
(#5023,#5024,#5025),
(#5026,#5027,#5028),
(#5029,#5030,#5031),
(#5032,#5033,#5034),
(#5035,#5036,#5037),
(#5038,#5039,#5040),
(#5041,#5042,#5043),
(#5044,#5045,#5046),
(#5047,#5048,#5049),
(#5050,#5051,#5052),
(#5053,#5054,#5055),
(#5056,#5057,#5058),
(#5059,#5060,#5061),
(#5062,#5063,#5064),
(#5065,#5066,#5067),
(#5068,#5069,#5070),
(#5071,#5072,#5073),
(#5074,#5075,#5076),
(#5077,#5078,#5079),
(#5080,#5081,#5082)),
.UNSPECIFIED.,.T.,.F.,.F.)B_SPLINE_SURFACE_WITH_KNOTS((4,1,1,1,1,1,1,1,1,1,1,1,1,
1,1,1,1,1,1,1,1,1,1,1,1,1,1,1,4),
(3,3),
(0.,0.429399114220174,0.644817776778331,0.860815967656385,1.07739356289385,1.29382903681201,
1.51026313070063,1.72669556647027,1.94312888150021,2.15956188182317,2.37599497599024,
2.59242804575874,2.80886112100759,3.02529419525955,3.2417272696699,3.45816034388863,
3.67459341869733,3.89102649209746,4.10745956758668,4.3238926463057,4.54032567739116,
4.75675899175882,4.97319097237029,5.1896284998946,5.40604493430919,5.62244189070621,
5.83890702980573,6.05305661590496,6.28318530717959),
(0.,1.),
.UNSPECIFIED.)GEOMETRIC_REPRESENTATION_ITEM()RATIONAL_B_SPLINE_SURFACE((
(1.,0.707106781186548,1.),
(1.,0.707106781186548,1.),
(1.,0.707106781186547,1.),
(1.,0.707106781186548,1.),
(1.,0.707106781186547,1.),
(1.,0.707106781186547,1.),
(1.,0.707106781186547,1.),
(1.,0.707106781186548,1.),
(1.,0.707106781186548,1.),
(1.,0.707106781186548,1.),
(1.,0.707106781186547,1.),
(1.,0.707106781186548,1.),
(1.,0.707106781186548,1.),
(1.,0.707106781186547,1.),
(1.,0.707106781186548,1.),
(1.,0.707106781186548,1.),
(1.,0.707106781186548,1.),
(1.,0.707106781186547,1.),
(1.,0.707106781186548,1.),
(1.,0.707106781186547,1.),
(1.,0.707106781186548,1.),
(1.,0.707106781186548,1.),
(1.,0.707106781186548,1.),
(1.,0.707106781186547,1.),
(1.,0.707106781186548,1.),
(1.,0.707106781186548,1.),
(1.,0.707106781186547,1.),
(1.,0.707106781186548,1.),
(1.,0.707106781186547,1.),
(1.,0.707106781186548,1.),
(1.,0.707106781186548,1.)))REPRESENTATION_ITEM('')SURFACE());
#4990=CARTESIAN_POINT('',(0.35,-0.634999999999999,3.45));
#4991=CARTESIAN_POINT('',(0.35,-0.634999999999999,3.3));
#4992=CARTESIAN_POINT('',(0.29,-0.634999999999999,3.3));
#4993=CARTESIAN_POINT('',(0.350050791313809,-0.584857033492846,3.45));
#4994=CARTESIAN_POINT('',(0.350053679229265,-0.584885043917599,3.3));
#4995=CARTESIAN_POINT('',(0.290042084231442,-0.593452970608358,3.3));
#4996=CARTESIAN_POINT('',(0.333537062340065,-0.509677000621391,3.45));
#4997=CARTESIAN_POINT('',(0.333551454998923,-0.50972736911363,3.3));
#4998=CARTESIAN_POINT('',(0.276359280224625,-0.53116094337201,3.3));
#4999=CARTESIAN_POINT('',(0.281814126402057,-0.422881632627167,3.45));
#5000=CARTESIAN_POINT('',(0.281858841977708,-0.422940054933416,3.3));
#5001=CARTESIAN_POINT('',(0.233503133304562,-0.459244781319652,3.3));
#5002=CARTESIAN_POINT('',(0.229839018700362,-0.367423346716078,3.45));
#5003=CARTESIAN_POINT('',(0.229871402801011,-0.367447134980031,3.3));
#5004=CARTESIAN_POINT('',(0.190438044066014,-0.413293630136178,3.3));
#5005=CARTESIAN_POINT('',(0.167067589086392,-0.32433019973993,3.45));
#5006=CARTESIAN_POINT('',(0.167083576223552,-0.324335996453751,3.3));
#5007=CARTESIAN_POINT('',(0.138427430957296,-0.377587879784513,3.3));
#5008=CARTESIAN_POINT('',(0.0964598152464031,-0.295701110904427,3.45));
#5009=CARTESIAN_POINT('',(0.0964542177269779,-0.295700143728685,3.3));
#5010=CARTESIAN_POINT('',(0.0799238469184485,-0.353866634749382,3.3));
#5011=CARTESIAN_POINT('',(0.0213399070379019,-0.282902872767129,3.45));
#5012=CARTESIAN_POINT('',(0.0213398222658011,-0.282902875586239,3.3));
#5013=CARTESIAN_POINT('',(0.0176816372599757,-0.343262380292763,3.3));
#5014=CARTESIAN_POINT('',(-0.0547699653540687,-0.28653476193667,3.45));
#5015=CARTESIAN_POINT('',(-0.0547700059980233,-0.286534774477217,3.3));
#5016=CARTESIAN_POINT('',(-0.0453808284362284,-0.346271659890383,3.3));
#5017=CARTESIAN_POINT('',(-0.128324141495562,-0.30642628763755,3.45));
#5018=CARTESIAN_POINT('',(-0.128324119041097,-0.306426275191296,3.3));
#5019=CARTESIAN_POINT('',(-0.10632571723918,-0.362753209756827,3.3));
#5020=CARTESIAN_POINT('',(-0.195890597270211,-0.341649280171533,3.45));
#5021=CARTESIAN_POINT('',(-0.195890604468137,-0.341649286487586,3.3));
#5022=CARTESIAN_POINT('',(-0.162309352023889,-0.39193797499927,3.3));
#5023=CARTESIAN_POINT('',(-0.254316675934574,-0.390560234825256,3.45));
#5024=CARTESIAN_POINT('',(-0.254316674196505,-0.390560232467185,3.3));
#5025=CARTESIAN_POINT('',(-0.210719531488647,-0.432464194569498,3.3));
#5026=CARTESIAN_POINT('',(-0.300876154463929,-0.450876915412184,3.45));
#5027=CARTESIAN_POINT('',(-0.300876154781704,-0.450876916124512,3.3));
#5028=CARTESIAN_POINT('',(-0.249297385127255,-0.482440872770095,3.3));
#5029=CARTESIAN_POINT('',(-0.333396541278721,-0.519784910591655,3.45));
#5030=CARTESIAN_POINT('',(-0.333396541241297,-0.519784910413308,3.3));
#5031=CARTESIAN_POINT('',(-0.276242848488083,-0.539536068775942,3.3));
#5032=CARTESIAN_POINT('',(-0.350360410789557,-0.594068922271402,3.45));
#5033=CARTESIAN_POINT('',(-0.350360410790846,-0.594068922311766,3.3));
#5034=CARTESIAN_POINT('',(-0.290298626082776,-0.601085678453447,3.3));
#5035=CARTESIAN_POINT('',(-0.350976217165267,-0.670262806983785,3.45));
#5036=CARTESIAN_POINT('',(-0.35097621716539,-0.67026280696222,3.3));
#5037=CARTESIAN_POINT('',(-0.290808865651222,-0.664217754357993,3.3));
#5038=CARTESIAN_POINT('',(-0.335215226422167,-0.744811304266612,3.45));
#5039=CARTESIAN_POINT('',(-0.335215226415754,-0.744811304304747,3.3));
#5040=CARTESIAN_POINT('',(-0.27774975903551,-0.725986509249478,3.3));
#5041=CARTESIAN_POINT('',(-0.303812857471736,-0.814235928895765,3.45));
#5042=CARTESIAN_POINT('',(-0.303812857487992,-0.814235928852338,3.3));
#5043=CARTESIAN_POINT('',(-0.251730653333724,-0.783509769656491,3.3));
#5044=CARTESIAN_POINT('',(-0.258234366819712,-0.875297279171052,3.45));
#5045=CARTESIAN_POINT('',(-0.258234366920368,-0.875297279040182,3.3));
#5046=CARTESIAN_POINT('',(-0.213965618222047,-0.834103459884585,3.3));
#5047=CARTESIAN_POINT('',(-0.200606480077508,-0.925146188375935,3.45));
#5048=CARTESIAN_POINT('',(-0.200606478807819,-0.92514618950055,3.3));
#5049=CARTESIAN_POINT('',(-0.166216797778506,-0.875406841797203,3.3));
#5050=CARTESIAN_POINT('',(-0.133618147267274,-0.961456676717433,3.45));
#5051=CARTESIAN_POINT('',(-0.133618155520371,-0.961456672058577,3.3));
#5052=CARTESIAN_POINT('',(-0.110712179164313,-0.905492674994444,3.3));
#5053=CARTESIAN_POINT('',(-0.0603951306429136,-0.982534453905263,3.45));
#5054=CARTESIAN_POINT('',(-0.0603950892110547,-0.982534466726694,3.3));
#5055=CARTESIAN_POINT('',(-0.050041679675557,-0.922957118950075,3.3));
#5056=CARTESIAN_POINT('',(0.0156461054517824,-0.987396053288653,3.45));
#5057=CARTESIAN_POINT('',(0.0156459289692381,-0.987396038161193,3.3));
#5058=CARTESIAN_POINT('',(0.0129639159457625,-0.926985301296312,3.3));
#5059=CARTESIAN_POINT('',(0.090956757447955,-0.975814623983807,3.45));
#5060=CARTESIAN_POINT('',(0.0909574157306939,-0.975814538425888,3.3));
#5061=CARTESIAN_POINT('',(0.0753641704568771,-0.917389259872297,3.3));
#5062=CARTESIAN_POINT('',(0.162021635531038,-0.948331432615621,3.45));
#5063=CARTESIAN_POINT('',(0.162022884382817,-0.948330887445125,3.3));
#5064=CARTESIAN_POINT('',(0.134246498011432,-0.894617472738657,3.3));
#5065=CARTESIAN_POINT('',(0.225526063322158,-0.906229623541026,3.45));
#5066=CARTESIAN_POINT('',(0.225525110370664,-0.9062300277393,3.3));
#5067=CARTESIAN_POINT('',(0.18686445246693,-0.859733116648279,3.3));
#5068=CARTESIAN_POINT('',(0.278446984091613,-0.851537268893489,3.45));
#5069=CARTESIAN_POINT('',(0.278508323869185,-0.851473591515968,3.3));
#5070=CARTESIAN_POINT('',(0.230713215390194,-0.814416594226033,3.3));
#5071=CARTESIAN_POINT('',(0.31694760862566,-0.78914272464384,3.45));
#5072=CARTESIAN_POINT('',(0.318357607526288,-0.786842937667391,3.3));
#5073=CARTESIAN_POINT('',(0.262613732861261,-0.762718257562039,3.3));
#5074=CARTESIAN_POINT('',(0.343408671810946,-0.71636012556535,3.45));
#5075=CARTESIAN_POINT('',(0.344006717048422,-0.713678949877243,3.3));
#5076=CARTESIAN_POINT('',(0.284538613786213,-0.702412675468432,3.3));
#5077=CARTESIAN_POINT('',(0.349972779313725,-0.661873216261459,3.45));
#5078=CARTESIAN_POINT('',(0.349971231587653,-0.661858204580771,3.3));
#5079=CARTESIAN_POINT('',(0.289977445717086,-0.657266379188066,3.3));
#5080=CARTESIAN_POINT('',(0.35,-0.634999999999999,3.45));
#5081=CARTESIAN_POINT('',(0.35,-0.634999999999999,3.3));
#5082=CARTESIAN_POINT('',(0.29,-0.634999999999999,3.3));
#5083=FACE_OUTER_BOUND('',#5084,.T.);
#5084=EDGE_LOOP('',(#7893));
#5085=FACE_OUTER_BOUND('',#5086,.T.);
#5086=EDGE_LOOP('',(#7894));
#5087=CYLINDRICAL_SURFACE('',#5088,0.35);
#5088=AXIS2_PLACEMENT_3D('',#5089,#5090,#5091);
#5089=CARTESIAN_POINT('',(2.22044604925031E-016,-0.634999999999999,3.3));
#5090=DIRECTION('',(0.,0.,1.));
#5091=DIRECTION('',(1.,0.,0.));
#5092=FACE_OUTER_BOUND('',#5093,.T.);
#5093=EDGE_LOOP('',(#7895));
#5094=FACE_OUTER_BOUND('',#5095,.T.);
#5095=EDGE_LOOP('',(#7896));
#5096=DEGENERATE_TOROIDAL_SURFACE('',#5097,0.15,0.2,.T.);
#5097=AXIS2_PLACEMENT_3D('',#5098,#5099,#5100);
#5098=CARTESIAN_POINT('',(2.22044604925031E-016,-0.634999999999999,16.2));
#5099=DIRECTION('',(0.,0.,1.));
#5100=DIRECTION('',(1.,0.,0.));
#5101=FACE_BOUND('',#5102,.T.);
#5102=EDGE_LOOP('',(#7897));
#5103=PLANE('',#5104);
#5104=AXIS2_PLACEMENT_3D('',#5105,#5106,#5107);
#5105=CARTESIAN_POINT('',(1.27,0.,16.4));
#5106=DIRECTION('',(0.,0.,1.));
#5107=DIRECTION('',(1.,0.,0.));
#5108=FACE_OUTER_BOUND('',#5109,.T.);
#5109=EDGE_LOOP('',(#7898));
#5110=FACE_BOUND('',#5111,.T.);
#5111=EDGE_LOOP('',(#7899,#7900,#7901,#7902,#7903,#7904,#7905,#7906,#7907,#7908,
#7909,#7910));
#5112=CYLINDRICAL_SURFACE('',#5113,0.26);
#5113=AXIS2_PLACEMENT_3D('',#5114,#5115,#5116);
#5114=CARTESIAN_POINT('',(-1.27,0.635000000000001,0.));
#5115=DIRECTION('',(0.,0.,1.));
#5116=DIRECTION('',(1.,0.,0.));
#5117=FACE_BOUND('',#5118,.T.);
#5118=EDGE_LOOP('',(#7911));
#5119=FACE_BOUND('',#5120,.T.);
#5120=EDGE_LOOP('',(#7912));
#5121=PLANE('',#5122);
#5122=AXIS2_PLACEMENT_3D('',#5123,#5124,#5125);
#5123=CARTESIAN_POINT('',(0.,1.27,3.3));
#5124=DIRECTION('',(0.,0.,1.));
#5125=DIRECTION('',(1.,0.,0.));
#5126=FACE_BOUND('',#5127,.T.);
#5127=EDGE_LOOP('',(#7913,#7914,#7915,#7916));
#5128=PLANE('',#5129);
#5129=AXIS2_PLACEMENT_3D('',#5130,#5131,#5132);
#5130=CARTESIAN_POINT('',(-1.67,0.810000000000001,0.));
#5131=DIRECTION('',(5.54953465218377E-017,0.90630778703665,0.422618261740699));
#5132=DIRECTION('',(-2.58779050750983E-017,-0.422618261740699,0.90630778703665));
#5133=FACE_BOUND('',#5134,.T.);
#5134=EDGE_LOOP('',(#7917,#7918,#7919));
#5135=PLANE('',#5136);
#5136=AXIS2_PLACEMENT_3D('',#5137,#5138,#5139);
#5137=CARTESIAN_POINT('',(0.,1.27,0.));
#5138=DIRECTION('',(0.,0.,1.));
#5139=DIRECTION('',(1.,0.,0.));
#5140=FACE_BOUND('',#5141,.T.);
#5141=EDGE_LOOP('',(#7920,#7921,#7922,#7923));
#5142=PLANE('',#5143);
#5143=AXIS2_PLACEMENT_3D('',#5144,#5145,#5146);
#5144=CARTESIAN_POINT('',(-1.095,1.035,0.));
#5145=DIRECTION('',(0.90630778703665,0.,0.422618261740699));
#5146=DIRECTION('',(-0.422618261740699,0.,0.90630778703665));
#5147=FACE_BOUND('',#5148,.T.);
#5148=EDGE_LOOP('',(#7924,#7925,#7926,#7927));
#5149=PLANE('',#5150);
#5150=AXIS2_PLACEMENT_3D('',#5151,#5152,#5153);
#5151=CARTESIAN_POINT('',(-1.27,1.035,0.375288711089173));
#5152=DIRECTION('',(-0.90630778703665,0.,0.422618261740699));
#5153=DIRECTION('',(-0.422618261740699,0.,-0.90630778703665));
#5154=FACE_BOUND('',#5155,.T.);
#5155=EDGE_LOOP('',(#7928,#7929,#7930));
#5156=PLANE('',#5157);
#5157=AXIS2_PLACEMENT_3D('',#5158,#5159,#5160);
#5158=CARTESIAN_POINT('',(0.,1.27,0.));
#5159=DIRECTION('',(0.,0.,1.));
#5160=DIRECTION('',(1.,0.,0.));
#5161=FACE_BOUND('',#5162,.T.);
#5162=EDGE_LOOP('',(#7931,#7932,#7933,#7934));
#5163=PLANE('',#5164);
#5164=AXIS2_PLACEMENT_3D('',#5165,#5166,#5167);
#5165=CARTESIAN_POINT('',(-1.67,0.810000000000001,0.));
#5166=DIRECTION('',(5.54953465218377E-017,0.90630778703665,0.422618261740699));
#5167=DIRECTION('',(-2.58779050750983E-017,-0.422618261740699,0.90630778703665));
#5168=FACE_BOUND('',#5169,.T.);
#5169=EDGE_LOOP('',(#7935,#7936,#7937,#7938));
#5170=PLANE('',#5171);
#5171=AXIS2_PLACEMENT_3D('',#5172,#5173,#5174);
#5172=CARTESIAN_POINT('',(-1.67,0.635000000000001,0.375288711089173));
#5173=DIRECTION('',(-5.54953465218377E-017,-0.90630778703665,0.422618261740699));
#5174=DIRECTION('',(-2.58779050750983E-017,-0.422618261740699,-0.90630778703665));
#5175=FACE_BOUND('',#5176,.T.);
#5176=EDGE_LOOP('',(#7939,#7940,#7941));
#5177=PLANE('',#5178);
#5178=AXIS2_PLACEMENT_3D('',#5179,#5180,#5181);
#5179=CARTESIAN_POINT('',(0.,1.27,0.));
#5180=DIRECTION('',(0.,0.,1.));
#5181=DIRECTION('',(1.,0.,0.));
#5182=FACE_BOUND('',#5183,.T.);
#5183=EDGE_LOOP('',(#7942,#7943,#7944,#7945));
#5184=PLANE('',#5185);
#5185=AXIS2_PLACEMENT_3D('',#5186,#5187,#5188);
#5186=CARTESIAN_POINT('',(-1.27,1.035,0.375288711089173));
#5187=DIRECTION('',(-0.90630778703665,0.,0.422618261740699));
#5188=DIRECTION('',(-0.422618261740699,0.,-0.90630778703665));
#5189=FACE_BOUND('',#5190,.T.);
#5190=EDGE_LOOP('',(#7946,#7947,#7948,#7949));
#5191=PLANE('',#5192);
#5192=AXIS2_PLACEMENT_3D('',#5193,#5194,#5195);
#5193=CARTESIAN_POINT('',(-1.095,1.035,0.));
#5194=DIRECTION('',(0.90630778703665,0.,0.422618261740699));
#5195=DIRECTION('',(-0.422618261740699,0.,0.90630778703665));
#5196=FACE_BOUND('',#5197,.T.);
#5197=EDGE_LOOP('',(#7950,#7951,#7952));
#5198=PLANE('',#5199);
#5199=AXIS2_PLACEMENT_3D('',#5200,#5201,#5202);
#5200=CARTESIAN_POINT('',(0.,1.27,0.));
#5201=DIRECTION('',(0.,0.,1.));
#5202=DIRECTION('',(1.,0.,0.));
#5203=FACE_BOUND('',#5204,.T.);
#5204=EDGE_LOOP('',(#7953,#7954,#7955,#7956));
#5205=PLANE('',#5206);
#5206=AXIS2_PLACEMENT_3D('',#5207,#5208,#5209);
#5207=CARTESIAN_POINT('',(-1.67,0.635000000000001,0.375288711089173));
#5208=DIRECTION('',(-5.54953465218377E-017,-0.90630778703665,0.422618261740699));
#5209=DIRECTION('',(-2.58779050750983E-017,-0.422618261740699,-0.90630778703665));
#5210=FACE_OUTER_BOUND('',#5211,.T.);
#5211=EDGE_LOOP('',(#7957));
#5212=FACE_OUTER_BOUND('',#5213,.T.);
#5213=EDGE_LOOP('',(#7958));
#5214=(BOUNDED_SURFACE()B_SPLINE_SURFACE(3,2,(
(#5215,#5216,#5217),
(#5218,#5219,#5220),
(#5221,#5222,#5223),
(#5224,#5225,#5226),
(#5227,#5228,#5229),
(#5230,#5231,#5232),
(#5233,#5234,#5235),
(#5236,#5237,#5238),
(#5239,#5240,#5241),
(#5242,#5243,#5244),
(#5245,#5246,#5247),
(#5248,#5249,#5250),
(#5251,#5252,#5253),
(#5254,#5255,#5256),
(#5257,#5258,#5259),
(#5260,#5261,#5262),
(#5263,#5264,#5265),
(#5266,#5267,#5268),
(#5269,#5270,#5271),
(#5272,#5273,#5274),
(#5275,#5276,#5277),
(#5278,#5279,#5280),
(#5281,#5282,#5283),
(#5284,#5285,#5286),
(#5287,#5288,#5289),
(#5290,#5291,#5292),
(#5293,#5294,#5295),
(#5296,#5297,#5298),
(#5299,#5300,#5301),
(#5302,#5303,#5304),
(#5305,#5306,#5307)),
.UNSPECIFIED.,.T.,.F.,.F.)B_SPLINE_SURFACE_WITH_KNOTS((4,1,1,1,1,1,1,1,1,1,1,1,1,
1,1,1,1,1,1,1,1,1,1,1,1,1,1,1,4),
(3,3),
(0.,0.429399114220295,0.644817776778469,0.86081596765653,1.07739356289393,1.29382903681212,
1.51026313070069,1.72669556647038,1.94312888150029,2.15956188182327,2.37599497599034,
2.59242804575883,2.8088611210077,3.02529419525963,3.24172726966999,3.45816034388871,
3.67459341869746,3.89102649209753,4.10745956758677,4.32389264630579,4.54032567739126,
4.75675899175892,4.97319097237037,5.18962849989472,5.40604493430927,5.62244189070627,
5.83890702980575,6.05305661590472,6.28318530717959),
(0.,1.),
.UNSPECIFIED.)GEOMETRIC_REPRESENTATION_ITEM()RATIONAL_B_SPLINE_SURFACE((
(1.,0.707106781186548,1.),
(1.,0.707106781186547,1.),
(1.,0.707106781186548,1.),
(1.,0.707106781186547,1.),
(1.,0.707106781186548,1.),
(1.,0.707106781186548,1.),
(1.,0.707106781186548,1.),
(1.,0.707106781186548,1.),
(1.,0.707106781186547,1.),
(1.,0.707106781186548,1.),
(1.,0.707106781186547,1.),
(1.,0.707106781186547,1.),
(1.,0.707106781186548,1.),
(1.,0.707106781186548,1.),
(1.,0.707106781186548,1.),
(1.,0.707106781186548,1.),
(1.,0.707106781186548,1.),
(1.,0.707106781186548,1.),
(1.,0.707106781186547,1.),
(1.,0.707106781186548,1.),
(1.,0.707106781186547,1.),
(1.,0.707106781186548,1.),
(1.,0.707106781186547,1.),
(1.,0.707106781186548,1.),
(1.,0.707106781186548,1.),
(1.,0.707106781186547,1.),
(1.,0.707106781186548,1.),
(1.,0.707106781186547,1.),
(1.,0.707106781186548,1.),
(1.,0.707106781186547,1.),
(1.,0.707106781186548,1.)))REPRESENTATION_ITEM('')SURFACE());
#5215=CARTESIAN_POINT('',(-0.92,0.635000000000001,3.45));
#5216=CARTESIAN_POINT('',(-0.92,0.635000000000001,3.3));
#5217=CARTESIAN_POINT('',(-0.98,0.635000000000001,3.3));
#5218=CARTESIAN_POINT('',(-0.919949208686191,0.685142966507166,3.45));
#5219=CARTESIAN_POINT('',(-0.919946320770735,0.685114956082415,3.3));
#5220=CARTESIAN_POINT('',(-0.979957915768558,0.676547029391652,3.3));
#5221=CARTESIAN_POINT('',(-0.936462937659942,0.760322999378637,3.45));
#5222=CARTESIAN_POINT('',(-0.936448545001086,0.7602726308864,3.3));
#5223=CARTESIAN_POINT('',(-0.993640719775381,0.738839056628014,3.3));
#5224=CARTESIAN_POINT('',(-0.988185873597968,0.847118367372868,3.45));
#5225=CARTESIAN_POINT('',(-0.98814115802232,0.847059945066623,3.3));
#5226=CARTESIAN_POINT('',(-1.03649686669546,0.810755218680376,3.3));
#5227=CARTESIAN_POINT('',(-1.04016098129967,0.902576653283951,3.45));
#5228=CARTESIAN_POINT('',(-1.04012859719902,0.902552865019998,3.3));
#5229=CARTESIAN_POINT('',(-1.07956195593401,0.856706369863845,3.3));
#5230=CARTESIAN_POINT('',(-1.10293241091364,0.945669800260089,3.45));
#5231=CARTESIAN_POINT('',(-1.10291642377648,0.945664003546267,3.3));
#5232=CARTESIAN_POINT('',(-1.13157256904273,0.892412120215502,3.3));
#5233=CARTESIAN_POINT('',(-1.17354018475363,0.974298889095583,3.45));
#5234=CARTESIAN_POINT('',(-1.17354578227305,0.974299856271324,3.3));
#5235=CARTESIAN_POINT('',(-1.19007615308158,0.916133365250626,3.3));
#5236=CARTESIAN_POINT('',(-1.24866009296213,0.987097127232873,3.45));
#5237=CARTESIAN_POINT('',(-1.24866017773423,0.987097124413763,3.3));
#5238=CARTESIAN_POINT('',(-1.25231836274005,0.926737619707238,3.3));
#5239=CARTESIAN_POINT('',(-1.3247699653541,0.983465238063325,3.45));
#5240=CARTESIAN_POINT('',(-1.32477000599805,0.983465225522779,3.3));
#5241=CARTESIAN_POINT('',(-1.31538082843625,0.923728340109613,3.3));
#5242=CARTESIAN_POINT('',(-1.39832414149559,0.963573712362439,3.45));
#5243=CARTESIAN_POINT('',(-1.39832411904113,0.963573724808692,3.3));
#5244=CARTESIAN_POINT('',(-1.3763257172392,0.907246790243164,3.3));
#5245=CARTESIAN_POINT('',(-1.46589059727024,0.928350719828447,3.45));
#5246=CARTESIAN_POINT('',(-1.46589060446817,0.928350713512395,3.3));
#5247=CARTESIAN_POINT('',(-1.43230935202391,0.878062025000714,3.3));
#5248=CARTESIAN_POINT('',(-1.5243166759346,0.87943976517472,3.45));
#5249=CARTESIAN_POINT('',(-1.52431667419653,0.87943976753279,3.3));
#5250=CARTESIAN_POINT('',(-1.48071953148867,0.837535805430482,3.3));
#5251=CARTESIAN_POINT('',(-1.57087615446395,0.819123084587787,3.45));
#5252=CARTESIAN_POINT('',(-1.57087615478172,0.819123083875458,3.3));
#5253=CARTESIAN_POINT('',(-1.51929738512727,0.787559127229881,3.3));
#5254=CARTESIAN_POINT('',(-1.60339654127873,0.750215089408314,3.45));
#5255=CARTESIAN_POINT('',(-1.60339654124131,0.750215089586661,3.3));
#5256=CARTESIAN_POINT('',(-1.54624284848809,0.730463931224032,3.3));
#5257=CARTESIAN_POINT('',(-1.62036041078956,0.675931077728567,3.45));
#5258=CARTESIAN_POINT('',(-1.62036041079085,0.675931077688202,3.3));
#5259=CARTESIAN_POINT('',(-1.56029862608278,0.668914321546527,3.3));
#5260=CARTESIAN_POINT('',(-1.62097621716526,0.599737193016182,3.45));
#5261=CARTESIAN_POINT('',(-1.62097621716539,0.59973719303775,3.3));
#5262=CARTESIAN_POINT('',(-1.56080886565122,0.60578224564198,3.3));
#5263=CARTESIAN_POINT('',(-1.60521522642216,0.525188695733357,3.45));
#5264=CARTESIAN_POINT('',(-1.60521522641574,0.525188695695219,3.3));
#5265=CARTESIAN_POINT('',(-1.5477497590355,0.544013490750496,3.3));
#5266=CARTESIAN_POINT('',(-1.57381285747172,0.455764071104205,3.45));
#5267=CARTESIAN_POINT('',(-1.57381285748797,0.455764071147634,3.3));
#5268=CARTESIAN_POINT('',(-1.52173065333371,0.486490230343484,3.3));
#5269=CARTESIAN_POINT('',(-1.52823436681969,0.394702720828925,3.45));
#5270=CARTESIAN_POINT('',(-1.52823436692034,0.394702720959793,3.3));
#5271=CARTESIAN_POINT('',(-1.48396561822203,0.435896540115395,3.3));
#5272=CARTESIAN_POINT('',(-1.47060648007748,0.344853811624047,3.45));
#5273=CARTESIAN_POINT('',(-1.47060647880779,0.344853810499433,3.3));
#5274=CARTESIAN_POINT('',(-1.43621679777848,0.394593158202782,3.3));
#5275=CARTESIAN_POINT('',(-1.40361814726724,0.308543323282554,3.45));
#5276=CARTESIAN_POINT('',(-1.40361815552034,0.30854332794141,3.3));
#5277=CARTESIAN_POINT('',(-1.38071217916429,0.364507325005545,3.3));
#5278=CARTESIAN_POINT('',(-1.33039513064288,0.287465546094731,3.45));
#5279=CARTESIAN_POINT('',(-1.33039508921102,0.2874655332733,3.3));
#5280=CARTESIAN_POINT('',(-1.32004167967553,0.34704288104992,3.3));
#5281=CARTESIAN_POINT('',(-1.25435389454818,0.282603946711349,3.45));
#5282=CARTESIAN_POINT('',(-1.25435407103073,0.282603961838808,3.3));
#5283=CARTESIAN_POINT('',(-1.25703608405421,0.343014698703689,3.3));
#5284=CARTESIAN_POINT('',(-1.17904324255201,0.294185376016202,3.45));
#5285=CARTESIAN_POINT('',(-1.17904258426927,0.294185461574121,3.3));
#5286=CARTESIAN_POINT('',(-1.19463582954309,0.352610740127711,3.3));
#5287=CARTESIAN_POINT('',(-1.10797836446893,0.321668567384395,3.45));
#5288=CARTESIAN_POINT('',(-1.10797711561715,0.321669112554891,3.3));
#5289=CARTESIAN_POINT('',(-1.13575350198854,0.375382527261356,3.3));
#5290=CARTESIAN_POINT('',(-1.04447393667782,0.363770376458992,3.45));
#5291=CARTESIAN_POINT('',(-1.04447488962931,0.363769972260721,3.3));
#5292=CARTESIAN_POINT('',(-1.08313554753305,0.410266883351736,3.3));
#5293=CARTESIAN_POINT('',(-0.991553015908382,0.418462731106521,3.45));
#5294=CARTESIAN_POINT('',(-0.991491676130804,0.418526408484049,3.3));
#5295=CARTESIAN_POINT('',(-1.0392867846098,0.455583405773974,3.3));
#5296=CARTESIAN_POINT('',(-0.95305239137435,0.480857275356145,3.45));
#5297=CARTESIAN_POINT('',(-0.951642392473724,0.483157062332593,3.3));
#5298=CARTESIAN_POINT('',(-1.00738626713875,0.507281742437949,3.3));
#5299=CARTESIAN_POINT('',(-0.926591328189059,0.553639874434626,3.45));
#5300=CARTESIAN_POINT('',(-0.925993282951584,0.556321050122731,3.3));
#5301=CARTESIAN_POINT('',(-0.985461386213792,0.567587324531548,3.3));
#5302=CARTESIAN_POINT('',(-0.920027220686275,0.608126783738513,3.45));
#5303=CARTESIAN_POINT('',(-0.920028768412347,0.6081417954192,3.3));
#5304=CARTESIAN_POINT('',(-0.980022554282913,0.612733620811911,3.3));
#5305=CARTESIAN_POINT('',(-0.92,0.635000000000001,3.45));
#5306=CARTESIAN_POINT('',(-0.92,0.635000000000001,3.3));
#5307=CARTESIAN_POINT('',(-0.98,0.635000000000001,3.3));
#5308=FACE_OUTER_BOUND('',#5309,.T.);
#5309=EDGE_LOOP('',(#7959));
#5310=FACE_OUTER_BOUND('',#5311,.T.);
#5311=EDGE_LOOP('',(#7960));
#5312=CYLINDRICAL_SURFACE('',#5313,0.35);
#5313=AXIS2_PLACEMENT_3D('',#5314,#5315,#5316);
#5314=CARTESIAN_POINT('',(-1.27,0.635000000000001,3.3));
#5315=DIRECTION('',(0.,0.,1.));
#5316=DIRECTION('',(1.,0.,0.));
#5317=FACE_OUTER_BOUND('',#5318,.T.);
#5318=EDGE_LOOP('',(#7961));
#5319=FACE_OUTER_BOUND('',#5320,.T.);
#5320=EDGE_LOOP('',(#7962));
#5321=DEGENERATE_TOROIDAL_SURFACE('',#5322,0.15,0.2,.T.);
#5322=AXIS2_PLACEMENT_3D('',#5323,#5324,#5325);
#5323=CARTESIAN_POINT('',(-1.27,0.635000000000001,16.2));
#5324=DIRECTION('',(0.,0.,1.));
#5325=DIRECTION('',(1.,0.,0.));
#5326=FACE_BOUND('',#5327,.T.);
#5327=EDGE_LOOP('',(#7963));
#5328=PLANE('',#5329);
#5329=AXIS2_PLACEMENT_3D('',#5330,#5331,#5332);
#5330=CARTESIAN_POINT('',(0.,1.27,16.4));
#5331=DIRECTION('',(0.,0.,1.));
#5332=DIRECTION('',(1.,0.,0.));
#5333=FACE_OUTER_BOUND('',#5334,.T.);
#5334=EDGE_LOOP('',(#7964));
#5335=FACE_BOUND('',#5336,.T.);
#5336=EDGE_LOOP('',(#7965,#7966,#7967,#7968,#7969,#7970,#7971,#7972,#7973,#7974,
#7975,#7976));
#5337=CYLINDRICAL_SURFACE('',#5338,0.26);
#5338=AXIS2_PLACEMENT_3D('',#5339,#5340,#5341);
#5339=CARTESIAN_POINT('',(1.27,0.635000000000001,0.));
#5340=DIRECTION('',(0.,0.,1.));
#5341=DIRECTION('',(1.,0.,0.));
#5342=FACE_BOUND('',#5343,.T.);
#5343=EDGE_LOOP('',(#7977));
#5344=FACE_BOUND('',#5345,.T.);
#5345=EDGE_LOOP('',(#7978));
#5346=PLANE('',#5347);
#5347=AXIS2_PLACEMENT_3D('',#5348,#5349,#5350);
#5348=CARTESIAN_POINT('',(2.54,1.27,3.3));
#5349=DIRECTION('',(0.,0.,1.));
#5350=DIRECTION('',(1.,0.,0.));
#5351=FACE_BOUND('',#5352,.T.);
#5352=EDGE_LOOP('',(#7979,#7980,#7981,#7982));
#5353=PLANE('',#5354);
#5354=AXIS2_PLACEMENT_3D('',#5355,#5356,#5357);
#5355=CARTESIAN_POINT('',(0.87,0.810000000000001,0.));
#5356=DIRECTION('',(5.54953465218377E-017,0.90630778703665,0.422618261740699));
#5357=DIRECTION('',(-2.58779050750983E-017,-0.422618261740699,0.90630778703665));
#5358=FACE_BOUND('',#5359,.T.);
#5359=EDGE_LOOP('',(#7983,#7984,#7985));
#5360=PLANE('',#5361);
#5361=AXIS2_PLACEMENT_3D('',#5362,#5363,#5364);
#5362=CARTESIAN_POINT('',(2.54,1.27,0.));
#5363=DIRECTION('',(0.,0.,1.));
#5364=DIRECTION('',(1.,0.,0.));
#5365=FACE_BOUND('',#5366,.T.);
#5366=EDGE_LOOP('',(#7986,#7987,#7988,#7989));
#5367=PLANE('',#5368);
#5368=AXIS2_PLACEMENT_3D('',#5369,#5370,#5371);
#5369=CARTESIAN_POINT('',(1.445,1.035,0.));
#5370=DIRECTION('',(0.90630778703665,0.,0.422618261740699));
#5371=DIRECTION('',(-0.422618261740699,0.,0.90630778703665));
#5372=FACE_BOUND('',#5373,.T.);
#5373=EDGE_LOOP('',(#7990,#7991,#7992,#7993));
#5374=PLANE('',#5375);
#5375=AXIS2_PLACEMENT_3D('',#5376,#5377,#5378);
#5376=CARTESIAN_POINT('',(1.27,1.035,0.375288711089173));
#5377=DIRECTION('',(-0.90630778703665,0.,0.422618261740699));
#5378=DIRECTION('',(-0.422618261740699,0.,-0.90630778703665));
#5379=FACE_BOUND('',#5380,.T.);
#5380=EDGE_LOOP('',(#7994,#7995,#7996));
#5381=PLANE('',#5382);
#5382=AXIS2_PLACEMENT_3D('',#5383,#5384,#5385);
#5383=CARTESIAN_POINT('',(2.54,1.27,0.));
#5384=DIRECTION('',(0.,0.,1.));
#5385=DIRECTION('',(1.,0.,0.));
#5386=FACE_BOUND('',#5387,.T.);
#5387=EDGE_LOOP('',(#7997,#7998,#7999,#8000));
#5388=PLANE('',#5389);
#5389=AXIS2_PLACEMENT_3D('',#5390,#5391,#5392);
#5390=CARTESIAN_POINT('',(0.87,0.810000000000001,0.));
#5391=DIRECTION('',(5.54953465218377E-017,0.90630778703665,0.422618261740699));
#5392=DIRECTION('',(-2.58779050750983E-017,-0.422618261740699,0.90630778703665));
#5393=FACE_BOUND('',#5394,.T.);
#5394=EDGE_LOOP('',(#8001,#8002,#8003,#8004));
#5395=PLANE('',#5396);
#5396=AXIS2_PLACEMENT_3D('',#5397,#5398,#5399);
#5397=CARTESIAN_POINT('',(0.87,0.635000000000001,0.375288711089173));
#5398=DIRECTION('',(-5.54953465218377E-017,-0.90630778703665,0.422618261740699));
#5399=DIRECTION('',(-2.58779050750983E-017,-0.422618261740699,-0.90630778703665));
#5400=FACE_BOUND('',#5401,.T.);
#5401=EDGE_LOOP('',(#8005,#8006,#8007));
#5402=PLANE('',#5403);
#5403=AXIS2_PLACEMENT_3D('',#5404,#5405,#5406);
#5404=CARTESIAN_POINT('',(2.54,1.27,0.));
#5405=DIRECTION('',(0.,0.,1.));
#5406=DIRECTION('',(1.,0.,0.));
#5407=FACE_BOUND('',#5408,.T.);
#5408=EDGE_LOOP('',(#8008,#8009,#8010,#8011));
#5409=PLANE('',#5410);
#5410=AXIS2_PLACEMENT_3D('',#5411,#5412,#5413);
#5411=CARTESIAN_POINT('',(1.27,1.035,0.375288711089173));
#5412=DIRECTION('',(-0.90630778703665,0.,0.422618261740699));
#5413=DIRECTION('',(-0.422618261740699,0.,-0.90630778703665));
#5414=FACE_BOUND('',#5415,.T.);
#5415=EDGE_LOOP('',(#8012,#8013,#8014,#8015));
#5416=PLANE('',#5417);
#5417=AXIS2_PLACEMENT_3D('',#5418,#5419,#5420);
#5418=CARTESIAN_POINT('',(1.445,1.035,0.));
#5419=DIRECTION('',(0.90630778703665,0.,0.422618261740699));
#5420=DIRECTION('',(-0.422618261740699,0.,0.90630778703665));
#5421=FACE_BOUND('',#5422,.T.);
#5422=EDGE_LOOP('',(#8016,#8017,#8018));
#5423=PLANE('',#5424);
#5424=AXIS2_PLACEMENT_3D('',#5425,#5426,#5427);
#5425=CARTESIAN_POINT('',(2.54,1.27,0.));
#5426=DIRECTION('',(0.,0.,1.));
#5427=DIRECTION('',(1.,0.,0.));
#5428=FACE_BOUND('',#5429,.T.);
#5429=EDGE_LOOP('',(#8019,#8020,#8021,#8022));
#5430=PLANE('',#5431);
#5431=AXIS2_PLACEMENT_3D('',#5432,#5433,#5434);
#5432=CARTESIAN_POINT('',(0.87,0.635000000000001,0.375288711089173));
#5433=DIRECTION('',(-5.54953465218377E-017,-0.90630778703665,0.422618261740699));
#5434=DIRECTION('',(-2.58779050750983E-017,-0.422618261740699,-0.90630778703665));
#5435=FACE_OUTER_BOUND('',#5436,.T.);
#5436=EDGE_LOOP('',(#8023));
#5437=FACE_OUTER_BOUND('',#5438,.T.);
#5438=EDGE_LOOP('',(#8024));
#5439=(BOUNDED_SURFACE()B_SPLINE_SURFACE(3,2,(
(#5440,#5441,#5442),
(#5443,#5444,#5445),
(#5446,#5447,#5448),
(#5449,#5450,#5451),
(#5452,#5453,#5454),
(#5455,#5456,#5457),
(#5458,#5459,#5460),
(#5461,#5462,#5463),
(#5464,#5465,#5466),
(#5467,#5468,#5469),
(#5470,#5471,#5472),
(#5473,#5474,#5475),
(#5476,#5477,#5478),
(#5479,#5480,#5481),
(#5482,#5483,#5484),
(#5485,#5486,#5487),
(#5488,#5489,#5490),
(#5491,#5492,#5493),
(#5494,#5495,#5496),
(#5497,#5498,#5499),
(#5500,#5501,#5502),
(#5503,#5504,#5505),
(#5506,#5507,#5508),
(#5509,#5510,#5511),
(#5512,#5513,#5514),
(#5515,#5516,#5517),
(#5518,#5519,#5520),
(#5521,#5522,#5523),
(#5524,#5525,#5526),
(#5527,#5528,#5529),
(#5530,#5531,#5532)),
.UNSPECIFIED.,.T.,.F.,.F.)B_SPLINE_SURFACE_WITH_KNOTS((4,1,1,1,1,1,1,1,1,1,1,1,1,
1,1,1,1,1,1,1,1,1,1,1,1,1,1,1,4),
(3,3),
(0.,0.429399114220246,0.644817776778429,0.860815967656484,1.07739356289394,1.29382903681211,
1.51026313070073,1.72669556647036,1.94312888150031,2.15956188182327,2.37599497599036,
2.59242804575883,2.80886112100771,3.02529419525964,3.24172726967,3.45816034388871,
3.67459341869744,3.89102649209755,4.10745956758676,4.32389264630581,4.54032567739125,
4.75675899175891,4.97319097237037,5.18962849989468,5.4060449343093,5.62244189070643,
5.838907029806,6.05305661590494,6.28318530717959),
(0.,1.),
.UNSPECIFIED.)GEOMETRIC_REPRESENTATION_ITEM()RATIONAL_B_SPLINE_SURFACE((
(1.,0.707106781186548,1.),
(1.,0.707106781186547,1.),
(1.,0.707106781186548,1.),
(1.,0.707106781186547,1.),
(1.,0.707106781186547,1.),
(1.,0.707106781186547,1.),
(1.,0.707106781186547,1.),
(1.,0.707106781186547,1.),
(1.,0.707106781186548,1.),
(1.,0.707106781186547,1.),
(1.,0.707106781186548,1.),
(1.,0.707106781186547,1.),
(1.,0.707106781186548,1.),
(1.,0.707106781186547,1.),
(1.,0.707106781186548,1.),
(1.,0.707106781186548,1.),
(1.,0.707106781186548,1.),
(1.,0.707106781186548,1.),
(1.,0.707106781186547,1.),
(1.,0.707106781186548,1.),
(1.,0.707106781186548,1.),
(1.,0.707106781186547,1.),
(1.,0.707106781186548,1.),
(1.,0.707106781186548,1.),
(1.,0.707106781186547,1.),
(1.,0.707106781186548,1.),
(1.,0.707106781186547,1.),
(1.,0.707106781186548,1.),
(1.,0.707106781186548,1.),
(1.,0.707106781186547,1.),
(1.,0.707106781186548,1.)))REPRESENTATION_ITEM('')SURFACE());
#5440=CARTESIAN_POINT('',(1.62,0.635000000000001,3.45));
#5441=CARTESIAN_POINT('',(1.62,0.635000000000001,3.3));
#5442=CARTESIAN_POINT('',(1.56,0.635000000000001,3.3));
#5443=CARTESIAN_POINT('',(1.62005079131381,0.685142966507162,3.45));
#5444=CARTESIAN_POINT('',(1.62005367922926,0.685114956082409,3.3));
#5445=CARTESIAN_POINT('',(1.56004208423144,0.676547029391649,3.3));
#5446=CARTESIAN_POINT('',(1.60353706234006,0.760322999378627,3.45));
#5447=CARTESIAN_POINT('',(1.60355145499892,0.76027263088639,3.3));
#5448=CARTESIAN_POINT('',(1.54635928022462,0.738839056628006,3.3));
#5449=CARTESIAN_POINT('',(1.55181412640204,0.847118367372857,3.45));
#5450=CARTESIAN_POINT('',(1.55185884197769,0.84705994506661,3.3));
#5451=CARTESIAN_POINT('',(1.50350313330455,0.810755218680368,3.3));
#5452=CARTESIAN_POINT('',(1.49983901870034,0.902576653283944,3.45));
#5453=CARTESIAN_POINT('',(1.49987140280099,0.902552865019992,3.3));
#5454=CARTESIAN_POINT('',(1.46043804406599,0.85670636986384,3.3));
#5455=CARTESIAN_POINT('',(1.43706758908636,0.945669800260086,3.45));
#5456=CARTESIAN_POINT('',(1.43708357622352,0.945664003546265,3.3));
#5457=CARTESIAN_POINT('',(1.40842743095727,0.8924121202155,3.3));
#5458=CARTESIAN_POINT('',(1.36645981524637,0.974298889095583,3.45));
#5459=CARTESIAN_POINT('',(1.36645421772694,0.974299856271324,3.3));
#5460=CARTESIAN_POINT('',(1.34992384691842,0.916133365250626,3.3));
#5461=CARTESIAN_POINT('',(1.29133990703787,0.987097127232873,3.45));
#5462=CARTESIAN_POINT('',(1.29133982226577,0.987097124413763,3.3));
#5463=CARTESIAN_POINT('',(1.28768163725995,0.926737619707238,3.3));
#5464=CARTESIAN_POINT('',(1.2152300346459,0.983465238063325,3.45));
#5465=CARTESIAN_POINT('',(1.21522999400194,0.983465225522777,3.3));
#5466=CARTESIAN_POINT('',(1.22461917156374,0.923728340109612,3.3));
#5467=CARTESIAN_POINT('',(1.14167585850441,0.963573712362437,3.45));
#5468=CARTESIAN_POINT('',(1.14167588095887,0.963573724808691,3.3));
#5469=CARTESIAN_POINT('',(1.16367428276079,0.907246790243163,3.3));
#5470=CARTESIAN_POINT('',(1.07410940272976,0.928350719828447,3.45));
#5471=CARTESIAN_POINT('',(1.07410939553183,0.928350713512393,3.3));
#5472=CARTESIAN_POINT('',(1.10769064797609,0.878062025000713,3.3));
#5473=CARTESIAN_POINT('',(1.0156833240654,0.879439765174717,3.45));
#5474=CARTESIAN_POINT('',(1.01568332580347,0.879439767532788,3.3));
#5475=CARTESIAN_POINT('',(1.05928046851133,0.83753580543048,3.3));
#5476=CARTESIAN_POINT('',(0.969123845536052,0.819123084587784,3.45));
#5477=CARTESIAN_POINT('',(0.969123845218276,0.819123083875455,3.3));
#5478=CARTESIAN_POINT('',(1.02070261487273,0.787559127229879,3.3));
#5479=CARTESIAN_POINT('',(0.936603458721268,0.750215089408311,3.45));
#5480=CARTESIAN_POINT('',(0.936603458758692,0.750215089586659,3.3));
#5481=CARTESIAN_POINT('',(0.993757151511908,0.73046393122403,3.3));
#5482=CARTESIAN_POINT('',(0.919639589210439,0.675931077728565,3.45));
#5483=CARTESIAN_POINT('',(0.91963958920915,0.675931077688199,3.3));
#5484=CARTESIAN_POINT('',(0.979701373917221,0.668914321546525,3.3));
#5485=CARTESIAN_POINT('',(0.919023782834736,0.599737193016182,3.45));
#5486=CARTESIAN_POINT('',(0.919023782834614,0.599737193037749,3.3));
#5487=CARTESIAN_POINT('',(0.979191134348781,0.605782245641979,3.3));
#5488=CARTESIAN_POINT('',(0.934784773577843,0.525188695733357,3.45));
#5489=CARTESIAN_POINT('',(0.934784773584257,0.525188695695221,3.3));
#5490=CARTESIAN_POINT('',(0.992250240964499,0.544013490750496,3.3));
#5491=CARTESIAN_POINT('',(0.966187142528281,0.455764071104205,3.45));
#5492=CARTESIAN_POINT('',(0.966187142512025,0.455764071147633,3.3));
#5493=CARTESIAN_POINT('',(1.01826934666629,0.486490230343485,3.3));
#5494=CARTESIAN_POINT('',(1.01176563318031,0.394702720828923,3.45));
#5495=CARTESIAN_POINT('',(1.01176563307966,0.394702720959793,3.3));
#5496=CARTESIAN_POINT('',(1.05603438177797,0.435896540115394,3.3));
#5497=CARTESIAN_POINT('',(1.06939351992252,0.344853811624046,3.45));
#5498=CARTESIAN_POINT('',(1.06939352119221,0.344853810499431,3.3));
#5499=CARTESIAN_POINT('',(1.10378320222152,0.394593158202782,3.3));
#5500=CARTESIAN_POINT('',(1.13638185273276,0.308543323282554,3.45));
#5501=CARTESIAN_POINT('',(1.13638184447966,0.30854332794141,3.3));
#5502=CARTESIAN_POINT('',(1.15928782083571,0.364507325005545,3.3));
#5503=CARTESIAN_POINT('',(1.20960486935712,0.287465546094731,3.45));
#5504=CARTESIAN_POINT('',(1.20960491078898,0.2874655332733,3.3));
#5505=CARTESIAN_POINT('',(1.21995832032447,0.34704288104992,3.3));
#5506=CARTESIAN_POINT('',(1.28564610545181,0.282603946711349,3.45));
#5507=CARTESIAN_POINT('',(1.28564592896927,0.282603961838808,3.3));
#5508=CARTESIAN_POINT('',(1.28296391594579,0.343014698703689,3.3));
#5509=CARTESIAN_POINT('',(1.36095675744799,0.294185376016201,3.45));
#5510=CARTESIAN_POINT('',(1.36095741573072,0.29418546157412,3.3));
#5511=CARTESIAN_POINT('',(1.3453641704569,0.35261074012771,3.3));
#5512=CARTESIAN_POINT('',(1.43202163553107,0.321668567384395,3.45));
#5513=CARTESIAN_POINT('',(1.43202288438285,0.32166911255489,3.3));
#5514=CARTESIAN_POINT('',(1.40424649801146,0.375382527261356,3.3));
#5515=CARTESIAN_POINT('',(1.4955260633222,0.363770376459004,3.45));
#5516=CARTESIAN_POINT('',(1.4955251103707,0.363769972260729,3.3));
#5517=CARTESIAN_POINT('',(1.45686445246696,0.410266883351746,3.3));
#5518=CARTESIAN_POINT('',(1.54844698409165,0.418462731106556,3.45));
#5519=CARTESIAN_POINT('',(1.54850832386923,0.418526408484087,3.3));
#5520=CARTESIAN_POINT('',(1.50071321539022,0.455583405774004,3.3));
#5521=CARTESIAN_POINT('',(1.58694760862568,0.480857275356204,3.45));
#5522=CARTESIAN_POINT('',(1.58835760752631,0.48315706233266,3.3));
#5523=CARTESIAN_POINT('',(1.53261373286128,0.507281742437998,3.3));
#5524=CARTESIAN_POINT('',(1.61340867181095,0.553639874434675,3.45));
#5525=CARTESIAN_POINT('',(1.61400671704842,0.556321050122786,3.3));
#5526=CARTESIAN_POINT('',(1.55453861378622,0.567587324531588,3.3));
#5527=CARTESIAN_POINT('',(1.61997277931373,0.608126783738539,3.45));
#5528=CARTESIAN_POINT('',(1.61997123158765,0.608141795419227,3.3));
#5529=CARTESIAN_POINT('',(1.55997744571709,0.612733620811932,3.3));
#5530=CARTESIAN_POINT('',(1.62,0.635000000000001,3.45));
#5531=CARTESIAN_POINT('',(1.62,0.635000000000001,3.3));
#5532=CARTESIAN_POINT('',(1.56,0.635000000000001,3.3));
#5533=FACE_OUTER_BOUND('',#5534,.T.);
#5534=EDGE_LOOP('',(#8025));
#5535=FACE_OUTER_BOUND('',#5536,.T.);
#5536=EDGE_LOOP('',(#8026));
#5537=CYLINDRICAL_SURFACE('',#5538,0.35);
#5538=AXIS2_PLACEMENT_3D('',#5539,#5540,#5541);
#5539=CARTESIAN_POINT('',(1.27,0.635000000000001,3.3));
#5540=DIRECTION('',(0.,0.,1.));
#5541=DIRECTION('',(1.,0.,0.));
#5542=FACE_OUTER_BOUND('',#5543,.T.);
#5543=EDGE_LOOP('',(#8027));
#5544=FACE_OUTER_BOUND('',#5545,.T.);
#5545=EDGE_LOOP('',(#8028));
#5546=DEGENERATE_TOROIDAL_SURFACE('',#5547,0.15,0.2,.T.);
#5547=AXIS2_PLACEMENT_3D('',#5548,#5549,#5550);
#5548=CARTESIAN_POINT('',(1.27,0.635000000000001,16.2));
#5549=DIRECTION('',(0.,0.,1.));
#5550=DIRECTION('',(1.,0.,0.));
#5551=FACE_BOUND('',#5552,.T.);
#5552=EDGE_LOOP('',(#8029));
#5553=PLANE('',#5554);
#5554=AXIS2_PLACEMENT_3D('',#5555,#5556,#5557);
#5555=CARTESIAN_POINT('',(2.54,1.27,16.4));
#5556=DIRECTION('',(0.,0.,1.));
#5557=DIRECTION('',(1.,0.,0.));
#5558=FACE_BOUND('',#5559,.T.);
#5559=EDGE_LOOP('',(#8030));
#5560=PLANE('',#5561);
#5561=AXIS2_PLACEMENT_3D('',#5562,#5563,#5564);
#5562=CARTESIAN_POINT('',(0.,0.,16.4));
#5563=DIRECTION('',(0.,0.,1.));
#5564=DIRECTION('',(1.,0.,0.));
#5565=FACE_OUTER_BOUND('',#5566,.T.);
#5566=EDGE_LOOP('',(#8031));
#5567=FACE_OUTER_BOUND('',#5568,.T.);
#5568=EDGE_LOOP('',(#8032));
#5569=DEGENERATE_TOROIDAL_SURFACE('',#5570,0.15,0.2,.T.);
#5570=AXIS2_PLACEMENT_3D('',#5571,#5572,#5573);
#5571=CARTESIAN_POINT('',(-1.27,-0.634999999999999,16.2));
#5572=DIRECTION('',(0.,0.,1.));
#5573=DIRECTION('',(1.,0.,0.));
#5574=FACE_OUTER_BOUND('',#5575,.T.);
#5575=EDGE_LOOP('',(#8033));
#5576=FACE_OUTER_BOUND('',#5577,.T.);
#5577=EDGE_LOOP('',(#8034));
#5578=CYLINDRICAL_SURFACE('',#5579,0.35);
#5579=AXIS2_PLACEMENT_3D('',#5580,#5581,#5582);
#5580=CARTESIAN_POINT('',(-1.27,-0.634999999999999,3.3));
#5581=DIRECTION('',(0.,0.,1.));
#5582=DIRECTION('',(1.,0.,0.));
#5583=FACE_OUTER_BOUND('',#5584,.T.);
#5584=EDGE_LOOP('',(#8035));
#5585=FACE_OUTER_BOUND('',#5586,.T.);
#5586=EDGE_LOOP('',(#8036));
#5587=(BOUNDED_SURFACE()B_SPLINE_SURFACE(3,2,(
(#5588,#5589,#5590),
(#5591,#5592,#5593),
(#5594,#5595,#5596),
(#5597,#5598,#5599),
(#5600,#5601,#5602),
(#5603,#5604,#5605),
(#5606,#5607,#5608),
(#5609,#5610,#5611),
(#5612,#5613,#5614),
(#5615,#5616,#5617),
(#5618,#5619,#5620),
(#5621,#5622,#5623),
(#5624,#5625,#5626),
(#5627,#5628,#5629),
(#5630,#5631,#5632),
(#5633,#5634,#5635),
(#5636,#5637,#5638),
(#5639,#5640,#5641),
(#5642,#5643,#5644),
(#5645,#5646,#5647),
(#5648,#5649,#5650),
(#5651,#5652,#5653),
(#5654,#5655,#5656),
(#5657,#5658,#5659),
(#5660,#5661,#5662),
(#5663,#5664,#5665),
(#5666,#5667,#5668),
(#5669,#5670,#5671),
(#5672,#5673,#5674),
(#5675,#5676,#5677),
(#5678,#5679,#5680)),
.UNSPECIFIED.,.T.,.F.,.F.)B_SPLINE_SURFACE_WITH_KNOTS((4,1,1,1,1,1,1,1,1,1,1,1,1,
1,1,1,1,1,1,1,1,1,1,1,1,1,1,1,4),
(3,3),
(0.,0.429399114220138,0.644817776778279,0.860815967656326,1.07739356289377,1.29382903681195,
1.51026313070056,1.7266955664702,1.94312888150014,2.15956188182308,2.37599497599018,
2.59242804575866,2.80886112100753,3.02529419525948,3.24172726966979,3.45816034388857,
3.67459341869725,3.8910264920974,4.10745956758659,4.32389264630564,4.54032567739107,
4.75675899175876,4.97319097237018,5.18962849989453,5.40604493430909,5.62244189070615,
5.83890702980566,6.05305661590493,6.28318530717959),
(0.,1.),
.UNSPECIFIED.)GEOMETRIC_REPRESENTATION_ITEM()RATIONAL_B_SPLINE_SURFACE((
(1.,0.707106781186548,1.),
(1.,0.707106781186548,1.),
(1.,0.707106781186548,1.),
(1.,0.707106781186548,1.),
(1.,0.707106781186547,1.),
(1.,0.707106781186548,1.),
(1.,0.707106781186548,1.),
(1.,0.707106781186547,1.),
(1.,0.707106781186547,1.),
(1.,0.707106781186547,1.),
(1.,0.707106781186548,1.),
(1.,0.707106781186547,1.),
(1.,0.707106781186547,1.),
(1.,0.707106781186548,1.),
(1.,0.707106781186547,1.),
(1.,0.707106781186548,1.),
(1.,0.707106781186548,1.),
(1.,0.707106781186547,1.),
(1.,0.707106781186548,1.),
(1.,0.707106781186547,1.),
(1.,0.707106781186548,1.),
(1.,0.707106781186547,1.),
(1.,0.707106781186548,1.),
(1.,0.707106781186548,1.),
(1.,0.707106781186547,1.),
(1.,0.707106781186548,1.),
(1.,0.707106781186548,1.),
(1.,0.707106781186548,1.),
(1.,0.707106781186547,1.),
(1.,0.707106781186548,1.),
(1.,0.707106781186548,1.)))REPRESENTATION_ITEM('')SURFACE());
#5588=CARTESIAN_POINT('',(-0.92,-0.634999999999999,3.45));
#5589=CARTESIAN_POINT('',(-0.92,-0.634999999999999,3.3));
#5590=CARTESIAN_POINT('',(-0.98,-0.634999999999999,3.3));
#5591=CARTESIAN_POINT('',(-0.919949208686191,-0.58485703349285,3.45));
#5592=CARTESIAN_POINT('',(-0.919946320770735,-0.584885043917604,3.3));
#5593=CARTESIAN_POINT('',(-0.979957915768558,-0.593452970608361,3.3));
#5594=CARTESIAN_POINT('',(-0.936462937659931,-0.509677000621401,3.45));
#5595=CARTESIAN_POINT('',(-0.936448545001074,-0.50972736911364,3.3));
#5596=CARTESIAN_POINT('',(-0.993640719775372,-0.531160943372018,3.3));
#5597=CARTESIAN_POINT('',(-0.988185873597933,-0.422881632627181,3.45));
#5598=CARTESIAN_POINT('',(-0.988141158022282,-0.42294005493343,3.3));
#5599=CARTESIAN_POINT('',(-1.03649686669543,-0.459244781319664,3.3));
#5600=CARTESIAN_POINT('',(-1.04016098129962,-0.367423346716091,3.45));
#5601=CARTESIAN_POINT('',(-1.04012859719897,-0.367447134980045,3.3));
#5602=CARTESIAN_POINT('',(-1.07956195593397,-0.41329363013619,3.3));
#5603=CARTESIAN_POINT('',(-1.10293241091359,-0.324330199739941,3.45));
#5604=CARTESIAN_POINT('',(-1.10291642377643,-0.324335996453762,3.3));
#5605=CARTESIAN_POINT('',(-1.13157256904269,-0.377587879784522,3.3));
#5606=CARTESIAN_POINT('',(-1.17354018475357,-0.295701110904433,3.45));
#5607=CARTESIAN_POINT('',(-1.173545782273,-0.295700143728691,3.3));
#5608=CARTESIAN_POINT('',(-1.19007615308153,-0.353866634749387,3.3));
#5609=CARTESIAN_POINT('',(-1.24866009296207,-0.28290287276713,3.45));
#5610=CARTESIAN_POINT('',(-1.24866017773417,-0.28290287558624,3.3));
#5611=CARTESIAN_POINT('',(-1.25231836274,-0.343262380292765,3.3));
#5612=CARTESIAN_POINT('',(-1.32476996535404,-0.286534761936666,3.45));
#5613=CARTESIAN_POINT('',(-1.324770005998,-0.286534774477213,3.3));
#5614=CARTESIAN_POINT('',(-1.31538082843621,-0.34627165989038,3.3));
#5615=CARTESIAN_POINT('',(-1.39832414149554,-0.30642628763754,3.45));
#5616=CARTESIAN_POINT('',(-1.39832411904107,-0.306426275191287,3.3));
#5617=CARTESIAN_POINT('',(-1.37632571723916,-0.362753209756819,3.3));
#5618=CARTESIAN_POINT('',(-1.46589059727019,-0.341649280171519,3.45));
#5619=CARTESIAN_POINT('',(-1.46589060446812,-0.341649286487572,3.3));
#5620=CARTESIAN_POINT('',(-1.43230935202387,-0.391937974999258,3.3));
#5621=CARTESIAN_POINT('',(-1.52431667593456,-0.390560234825237,3.45));
#5622=CARTESIAN_POINT('',(-1.52431667419649,-0.390560232467166,3.3));
#5623=CARTESIAN_POINT('',(-1.48071953148863,-0.432464194569482,3.3));
#5624=CARTESIAN_POINT('',(-1.57087615446392,-0.450876915412163,3.45));
#5625=CARTESIAN_POINT('',(-1.57087615478169,-0.450876916124491,3.3));
#5626=CARTESIAN_POINT('',(-1.51929738512724,-0.482440872770078,3.3));
#5627=CARTESIAN_POINT('',(-1.60339654127871,-0.51978491059163,3.45));
#5628=CARTESIAN_POINT('',(-1.60339654124129,-0.519784910413285,3.3));
#5629=CARTESIAN_POINT('',(-1.54624284848808,-0.539536068775922,3.3));
#5630=CARTESIAN_POINT('',(-1.62036041078955,-0.594068922271375,3.45));
#5631=CARTESIAN_POINT('',(-1.62036041079084,-0.594068922311737,3.3));
#5632=CARTESIAN_POINT('',(-1.56029862608277,-0.601085678453424,3.3));
#5633=CARTESIAN_POINT('',(-1.62097621716527,-0.670262806983756,3.45));
#5634=CARTESIAN_POINT('',(-1.62097621716539,-0.670262806962192,3.3));
#5635=CARTESIAN_POINT('',(-1.56080886565122,-0.664217754357969,3.3));
#5636=CARTESIAN_POINT('',(-1.60521522642218,-0.744811304266586,3.45));
#5637=CARTESIAN_POINT('',(-1.60521522641576,-0.74481130430472,3.3));
#5638=CARTESIAN_POINT('',(-1.54774975903552,-0.725986509249457,3.3));
#5639=CARTESIAN_POINT('',(-1.57381285747175,-0.814235928895743,3.45));
#5640=CARTESIAN_POINT('',(-1.573812857488,-0.814235928852318,3.3));
#5641=CARTESIAN_POINT('',(-1.52173065333373,-0.783509769656472,3.3));
#5642=CARTESIAN_POINT('',(-1.52823436681973,-0.875297279171034,3.45));
#5643=CARTESIAN_POINT('',(-1.52823436692038,-0.875297279040163,3.3));
#5644=CARTESIAN_POINT('',(-1.48396561822206,-0.834103459884571,3.3));
#5645=CARTESIAN_POINT('',(-1.47060648007753,-0.92514618837592,3.45));
#5646=CARTESIAN_POINT('',(-1.47060647880784,-0.925146189500536,3.3));
#5647=CARTESIAN_POINT('',(-1.43621679777852,-0.875406841797191,3.3));
#5648=CARTESIAN_POINT('',(-1.4036181472673,-0.961456676717424,3.45));
#5649=CARTESIAN_POINT('',(-1.4036181555204,-0.961456672058567,3.3));
#5650=CARTESIAN_POINT('',(-1.38071217916433,-0.905492674994437,3.3));
#5651=CARTESIAN_POINT('',(-1.33039513064294,-0.982534453905258,3.45));
#5652=CARTESIAN_POINT('',(-1.33039508921108,-0.98253446672669,3.3));
#5653=CARTESIAN_POINT('',(-1.32004167967558,-0.922957118950071,3.3));
#5654=CARTESIAN_POINT('',(-1.25435389454824,-0.987396053288654,3.45));
#5655=CARTESIAN_POINT('',(-1.25435407103079,-0.987396038161194,3.3));
#5656=CARTESIAN_POINT('',(-1.25703608405426,-0.926985301296313,3.3));
#5657=CARTESIAN_POINT('',(-1.17904324255207,-0.975814623983814,3.45));
#5658=CARTESIAN_POINT('',(-1.17904258426933,-0.975814538425895,3.3));
#5659=CARTESIAN_POINT('',(-1.19463582954315,-0.917389259872303,3.3));
#5660=CARTESIAN_POINT('',(-1.10797836446899,-0.948331432615633,3.45));
#5661=CARTESIAN_POINT('',(-1.10797711561721,-0.948330887445139,3.3));
#5662=CARTESIAN_POINT('',(-1.13575350198859,-0.894617472738668,3.3));
#5663=CARTESIAN_POINT('',(-1.04447393667786,-0.906229623541045,3.45));
#5664=CARTESIAN_POINT('',(-1.04447488962936,-0.906230027739317,3.3));
#5665=CARTESIAN_POINT('',(-1.08313554753309,-0.859733116648294,3.3));
#5666=CARTESIAN_POINT('',(-0.991553015908402,-0.851537268893508,3.45));
#5667=CARTESIAN_POINT('',(-0.991491676130831,-0.851473591515988,3.3));
#5668=CARTESIAN_POINT('',(-1.03928678460982,-0.81441659422605,3.3));
#5669=CARTESIAN_POINT('',(-0.953052391374348,-0.789142724643857,3.45));
#5670=CARTESIAN_POINT('',(-0.95164239247372,-0.786842937667409,3.3));
#5671=CARTESIAN_POINT('',(-1.00738626713875,-0.762718257562053,3.3));
#5672=CARTESIAN_POINT('',(-0.926591328189056,-0.716360125565361,3.45));
#5673=CARTESIAN_POINT('',(-0.92599328295158,-0.713678949877256,3.3));
#5674=CARTESIAN_POINT('',(-0.985461386213789,-0.702412675468441,3.3));
#5675=CARTESIAN_POINT('',(-0.920027220686275,-0.661873216261463,3.45));
#5676=CARTESIAN_POINT('',(-0.920028768412347,-0.661858204580774,3.3));
#5677=CARTESIAN_POINT('',(-0.980022554282913,-0.657266379188069,3.3));
#5678=CARTESIAN_POINT('',(-0.92,-0.634999999999999,3.45));
#5679=CARTESIAN_POINT('',(-0.92,-0.634999999999999,3.3));
#5680=CARTESIAN_POINT('',(-0.98,-0.634999999999999,3.3));
#5681=FACE_BOUND('',#5682,.T.);
#5682=EDGE_LOOP('',(#8037));
#5683=FACE_BOUND('',#5684,.T.);
#5684=EDGE_LOOP('',(#8038));
#5685=PLANE('',#5686);
#5686=AXIS2_PLACEMENT_3D('',#5687,#5688,#5689);
#5687=CARTESIAN_POINT('',(0.,0.,3.3));
#5688=DIRECTION('',(0.,0.,1.));
#5689=DIRECTION('',(1.,0.,0.));
#5690=FACE_OUTER_BOUND('',#5691,.T.);
#5691=EDGE_LOOP('',(#8039));
#5692=FACE_BOUND('',#5693,.T.);
#5693=EDGE_LOOP('',(#8040,#8041,#8042,#8043,#8044,#8045,#8046,#8047,#8048,#8049,
#8050,#8051));
#5694=CYLINDRICAL_SURFACE('',#5695,0.26);
#5695=AXIS2_PLACEMENT_3D('',#5696,#5697,#5698);
#5696=CARTESIAN_POINT('',(-1.27,-0.634999999999999,0.));
#5697=DIRECTION('',(0.,0.,1.));
#5698=DIRECTION('',(1.,0.,0.));
#5699=FACE_BOUND('',#5700,.T.);
#5700=EDGE_LOOP('',(#8052,#8053,#8054,#8055));
#5701=PLANE('',#5702);
#5702=AXIS2_PLACEMENT_3D('',#5703,#5704,#5705);
#5703=CARTESIAN_POINT('',(-1.67,-0.459999999999999,0.));
#5704=DIRECTION('',(5.54953465218377E-017,0.90630778703665,0.422618261740699));
#5705=DIRECTION('',(-2.58779050750983E-017,-0.422618261740699,0.90630778703665));
#5706=FACE_BOUND('',#5707,.T.);
#5707=EDGE_LOOP('',(#8056,#8057,#8058));
#5708=PLANE('',#5709);
#5709=AXIS2_PLACEMENT_3D('',#5710,#5711,#5712);
#5710=CARTESIAN_POINT('',(0.,0.,0.));
#5711=DIRECTION('',(0.,0.,1.));
#5712=DIRECTION('',(1.,0.,0.));
#5713=FACE_BOUND('',#5714,.T.);
#5714=EDGE_LOOP('',(#8059,#8060,#8061,#8062));
#5715=PLANE('',#5716);
#5716=AXIS2_PLACEMENT_3D('',#5717,#5718,#5719);
#5717=CARTESIAN_POINT('',(-1.095,-0.234999999999999,0.));
#5718=DIRECTION('',(0.90630778703665,0.,0.422618261740699));
#5719=DIRECTION('',(-0.422618261740699,0.,0.90630778703665));
#5720=FACE_BOUND('',#5721,.T.);
#5721=EDGE_LOOP('',(#8063,#8064,#8065,#8066));
#5722=PLANE('',#5723);
#5723=AXIS2_PLACEMENT_3D('',#5724,#5725,#5726);
#5724=CARTESIAN_POINT('',(-1.27,-0.234999999999999,0.375288711089173));
#5725=DIRECTION('',(-0.90630778703665,0.,0.422618261740699));
#5726=DIRECTION('',(-0.422618261740699,0.,-0.90630778703665));
#5727=FACE_BOUND('',#5728,.T.);
#5728=EDGE_LOOP('',(#8067,#8068,#8069));
#5729=PLANE('',#5730);
#5730=AXIS2_PLACEMENT_3D('',#5731,#5732,#5733);
#5731=CARTESIAN_POINT('',(0.,0.,0.));
#5732=DIRECTION('',(0.,0.,1.));
#5733=DIRECTION('',(1.,0.,0.));
#5734=FACE_BOUND('',#5735,.T.);
#5735=EDGE_LOOP('',(#8070,#8071,#8072,#8073));
#5736=PLANE('',#5737);
#5737=AXIS2_PLACEMENT_3D('',#5738,#5739,#5740);
#5738=CARTESIAN_POINT('',(-1.67,-0.459999999999999,0.));
#5739=DIRECTION('',(5.54953465218377E-017,0.90630778703665,0.422618261740699));
#5740=DIRECTION('',(-2.58779050750983E-017,-0.422618261740699,0.90630778703665));
#5741=FACE_BOUND('',#5742,.T.);
#5742=EDGE_LOOP('',(#8074,#8075,#8076,#8077));
#5743=PLANE('',#5744);
#5744=AXIS2_PLACEMENT_3D('',#5745,#5746,#5747);
#5745=CARTESIAN_POINT('',(-1.67,-0.634999999999999,0.375288711089173));
#5746=DIRECTION('',(-5.54953465218377E-017,-0.90630778703665,0.422618261740699));
#5747=DIRECTION('',(-2.58779050750983E-017,-0.422618261740699,-0.90630778703665));
#5748=FACE_BOUND('',#5749,.T.);
#5749=EDGE_LOOP('',(#8078,#8079,#8080));
#5750=PLANE('',#5751);
#5751=AXIS2_PLACEMENT_3D('',#5752,#5753,#5754);
#5752=CARTESIAN_POINT('',(0.,0.,0.));
#5753=DIRECTION('',(0.,0.,1.));
#5754=DIRECTION('',(1.,0.,0.));
#5755=FACE_BOUND('',#5756,.T.);
#5756=EDGE_LOOP('',(#8081,#8082,#8083,#8084));
#5757=PLANE('',#5758);
#5758=AXIS2_PLACEMENT_3D('',#5759,#5760,#5761);
#5759=CARTESIAN_POINT('',(-1.27,-0.234999999999999,0.375288711089173));
#5760=DIRECTION('',(-0.90630778703665,0.,0.422618261740699));
#5761=DIRECTION('',(-0.422618261740699,0.,-0.90630778703665));
#5762=FACE_BOUND('',#5763,.T.);
#5763=EDGE_LOOP('',(#8085,#8086,#8087,#8088));
#5764=PLANE('',#5765);
#5765=AXIS2_PLACEMENT_3D('',#5766,#5767,#5768);
#5766=CARTESIAN_POINT('',(-1.095,-0.234999999999999,0.));
#5767=DIRECTION('',(0.90630778703665,0.,0.422618261740699));
#5768=DIRECTION('',(-0.422618261740699,0.,0.90630778703665));
#5769=FACE_BOUND('',#5770,.T.);
#5770=EDGE_LOOP('',(#8089,#8090,#8091));
#5771=PLANE('',#5772);
#5772=AXIS2_PLACEMENT_3D('',#5773,#5774,#5775);
#5773=CARTESIAN_POINT('',(0.,0.,0.));
#5774=DIRECTION('',(0.,0.,1.));
#5775=DIRECTION('',(1.,0.,0.));
#5776=FACE_BOUND('',#5777,.T.);
#5777=EDGE_LOOP('',(#8092,#8093,#8094,#8095));
#5778=PLANE('',#5779);
#5779=AXIS2_PLACEMENT_3D('',#5780,#5781,#5782);
#5780=CARTESIAN_POINT('',(-1.67,-0.634999999999999,0.375288711089173));
#5781=DIRECTION('',(-5.54953465218377E-017,-0.90630778703665,0.422618261740699));
#5782=DIRECTION('',(-2.58779050750983E-017,-0.422618261740699,-0.90630778703665));
#5783=FACE_BOUND('',#5784,.T.);
#5784=EDGE_LOOP('',(#8096,#8097,#8098,#8099,#8100,#8101,#8102,#8103,#8104));
#5785=PLANE('',#5786);
#5786=AXIS2_PLACEMENT_3D('',#5787,#5788,#5789);
#5787=CARTESIAN_POINT('',(5.3,3.35,26.6));
#5788=DIRECTION('',(1.,0.,0.));
#5789=DIRECTION('',(0.,-1.,0.));
#5790=FACE_BOUND('',#5791,.T.);
#5791=EDGE_LOOP('',(#8105,#8106,#8107,#8108));
#5792=PLANE('',#5793);
#5793=AXIS2_PLACEMENT_3D('',#5794,#5795,#5796);
#5794=CARTESIAN_POINT('',(4.9,-1.35,17.4));
#5795=DIRECTION('',(-0.707106781186546,0.,-0.707106781186549));
#5796=DIRECTION('',(0.,1.,0.));
#5797=FACE_BOUND('',#5798,.T.);
#5798=EDGE_LOOP('',(#8109,#8110,#8111,#8112));
#5799=PLANE('',#5800);
#5800=AXIS2_PLACEMENT_3D('',#5801,#5802,#5803);
#5801=CARTESIAN_POINT('',(4.9,-1.35,17.6));
#5802=DIRECTION('',(-0.707106781186547,-0.707106781186548,-0.));
#5803=DIRECTION('',(0.,0.,-1.));
#5804=FACE_BOUND('',#5805,.T.);
#5805=EDGE_LOOP('',(#8113,#8114,#8115,#8116));
#5806=PLANE('',#5807);
#5807=AXIS2_PLACEMENT_3D('',#5808,#5809,#5810);
#5808=CARTESIAN_POINT('',(4.9,1.35,17.6));
#5809=DIRECTION('',(-0.707106781186546,0.,0.707106781186549));
#5810=DIRECTION('',(0.,-1.,0.));
#5811=FACE_BOUND('',#5812,.T.);
#5812=EDGE_LOOP('',(#8117,#8118,#8119,#8120,#8121,#8122,#8123,#8124,#8125,#8126,
#8127,#8128,#8129,#8130,#8131,#8132,#8133,#8134));
#5813=FACE_BOUND('',#5814,.T.);
#5814=EDGE_LOOP('',(#8135));
#5815=FACE_BOUND('',#5816,.T.);
#5816=EDGE_LOOP('',(#8136));
#5817=PLANE('',#5818);
#5818=AXIS2_PLACEMENT_3D('',#5819,#5820,#5821);
#5819=CARTESIAN_POINT('',(0.,-0.0025,0.));
#5820=DIRECTION('',(-0.,1.,0.));
#5821=DIRECTION('',(1.,0.,0.));
#5822=FACE_BOUND('',#5823,.T.);
#5823=EDGE_LOOP('',(#8137,#8138,#8139,#8140));
#5824=PLANE('',#5825);
#5825=AXIS2_PLACEMENT_3D('',#5826,#5827,#5828);
#5826=CARTESIAN_POINT('',(4.32524091130128,2.37524091130128,29.6));
#5827=DIRECTION('',(0.951056516295153,0.,0.309016994374947));
#5828=DIRECTION('',(0.,-1.,0.));
#5829=FACE_BOUND('',#5830,.T.);
#5830=EDGE_LOOP('',(#8141,#8142,#8143,#8144,#8145,#8146));
#5831=PLANE('',#5832);
#5832=AXIS2_PLACEMENT_3D('',#5833,#5834,#5835);
#5833=CARTESIAN_POINT('',(3.88934791170352,-1.52068499186226,30.941540708832));
#5834=DIRECTION('',(-0.607985811187842,0.675585773351665,-0.417057689341767));
#5835=DIRECTION('',(0.295241808844326,-0.295241808844326,-0.908660854566026));
#5836=FACE_BOUND('',#5837,.T.);
#5837=EDGE_LOOP('',(#8147,#8148,#8149,#8150));
#5838=PLANE('',#5839);
#5839=AXIS2_PLACEMENT_3D('',#5840,#5841,#5842);
#5840=CARTESIAN_POINT('',(5.3,-2.95,27.5218139367697));
#5841=DIRECTION('',(-0.707106781186547,0.707106781186547,-3.46564083300295E-017));
#5842=DIRECTION('',(0.,-4.90115626834676E-017,-1.));
#5843=FACE_BOUND('',#5844,.T.);
#5844=EDGE_LOOP('',(#8151,#8152,#8153,#8154));
#5845=PLANE('',#5846);
#5846=AXIS2_PLACEMENT_3D('',#5847,#5848,#5849);
#5847=CARTESIAN_POINT('',(5.3,4.95,11.));
#5848=DIRECTION('',(0.707106781186547,-1.26876158277477E-016,-0.707106781186547));
#5849=DIRECTION('',(0.,-1.,1.79429983777803E-016));
#5850=FACE_BOUND('',#5851,.T.);
#5851=EDGE_LOOP('',(#8155,#8156,#8157,#8158));
#5852=PLANE('',#5853);
#5853=AXIS2_PLACEMENT_3D('',#5854,#5855,#5856);
#5854=CARTESIAN_POINT('',(4.9,0.,0.));
#5855=DIRECTION('',(1.,0.,-0.));
#5856=DIRECTION('',(0.,0.,1.));
#5857=FACE_BOUND('',#5858,.T.);
#5858=EDGE_LOOP('',(#8159,#8160,#8161,#8162,#8163,#8164,#8165,#8166,#8167,#8168,
#8169,#8170,#8171,#8172,#8173,#8174));
#5859=PLANE('',#5860);
#5860=AXIS2_PLACEMENT_3D('',#5861,#5862,#5863);
#5861=CARTESIAN_POINT('',(0.,0.,10.6));
#5862=DIRECTION('',(-0.,0.,-1.));
#5863=DIRECTION('',(-1.,0.,0.));
#5864=FACE_BOUND('',#5865,.T.);
#5865=EDGE_LOOP('',(#8175,#8176,#8177,#8178));
#5866=PLANE('',#5867);
#5867=AXIS2_PLACEMENT_3D('',#5868,#5869,#5870);
#5868=CARTESIAN_POINT('',(3.02749999999832,1.01600000000454,14.525));
#5869=DIRECTION('',(1.,9.30205169234656E-012,0.));
#5870=DIRECTION('',(9.30205169234656E-012,-1.,0.));
#5871=FACE_BOUND('',#5872,.T.);
#5872=EDGE_LOOP('',(#8179,#8180,#8181,#8182,#8183,#8184,#8185,#8186,#8187,#8188,
#8189,#8190,#8191,#8192,#8193,#8194,#8195,#8196));
#5873=PLANE('',#5874);
#5874=AXIS2_PLACEMENT_3D('',#5875,#5876,#5877);
#5875=CARTESIAN_POINT('',(0.,0.,13.525));
#5876=DIRECTION('',(0.,0.,1.));
#5877=DIRECTION('',(1.,0.,0.));
#5878=FACE_BOUND('',#5879,.T.);
#5879=EDGE_LOOP('',(#8197,#8198,#8199,#8200));
#5880=PLANE('',#5881);
#5881=AXIS2_PLACEMENT_3D('',#5882,#5883,#5884);
#5882=CARTESIAN_POINT('',(4.58300000000002,-0.699000380000015,13.525));
#5883=DIRECTION('',(1.,-6.35320412629894E-016,0.));
#5884=DIRECTION('',(6.35320412629894E-016,1.,0.));
#5885=FACE_BOUND('',#5886,.T.);
#5886=EDGE_LOOP('',(#8201,#8202,#8203,#8204,#8205,#8206,#8207,#8208,#8209,#8210,
#8211,#8212,#8213,#8214,#8215,#8216,#8217,#8218));
#5887=PLANE('',#5888);
#5888=AXIS2_PLACEMENT_3D('',#5889,#5890,#5891);
#5889=CARTESIAN_POINT('',(0.,0.,14.875));
#5890=DIRECTION('',(0.,0.,1.));
#5891=DIRECTION('',(1.,0.,0.));
#5892=FACE_BOUND('',#5893,.T.);
#5893=EDGE_LOOP('',(#8219,#8220,#8221,#8222));
#5894=PLANE('',#5895);
#5895=AXIS2_PLACEMENT_3D('',#5896,#5897,#5898);
#5896=CARTESIAN_POINT('',(3.44,-1.01599999953564,14.8));
#5897=DIRECTION('',(1.,2.18547839543083E-015,-0.));
#5898=DIRECTION('',(-2.18547839543083E-015,1.,0.));
#5899=FACE_BOUND('',#5900,.T.);
#5900=EDGE_LOOP('',(#8223,#8224,#8225,#8226,#8227));
#5901=PLANE('',#5902);
#5902=AXIS2_PLACEMENT_3D('',#5903,#5904,#5905);
#5903=CARTESIAN_POINT('',(0.,0.,16.8));
#5904=DIRECTION('',(0.,0.,1.));
#5905=DIRECTION('',(1.,0.,0.));
#5906=FACE_BOUND('',#5907,.T.);
#5907=EDGE_LOOP('',(#8228,#8229,#8230,#8231,#8232,#8233,#8234,#8235,#8236));
#5908=PLANE('',#5909);
#5909=AXIS2_PLACEMENT_3D('',#5910,#5911,#5912);
#5910=CARTESIAN_POINT('',(1.95,2.1,14.525));
#5911=DIRECTION('',(1.,0.,0.));
#5912=DIRECTION('',(0.,-1.,0.));
#5913=FACE_BOUND('',#5914,.T.);
#5914=EDGE_LOOP('',(#8237,#8238,#8239,#8240,#8241,#8242,#8243,#8244,#8245,#8246,
#8247,#8248));
#5915=PLANE('',#5916);
#5916=AXIS2_PLACEMENT_3D('',#5917,#5918,#5919);
#5917=CARTESIAN_POINT('',(0.,0.,24.6));
#5918=DIRECTION('',(0.,-0.,1.));
#5919=DIRECTION('',(1.,0.,0.));
#5920=FACE_BOUND('',#5921,.T.);
#5921=EDGE_LOOP('',(#8249,#8250,#8251,#8252));
#5922=PLANE('',#5923);
#5923=AXIS2_PLACEMENT_3D('',#5924,#5925,#5926);
#5924=CARTESIAN_POINT('',(2.29999999999978,-0.900000000000932,24.6));
#5925=DIRECTION('',(1.,1.3495377654888E-013,-0.));
#5926=DIRECTION('',(-1.3495377654888E-013,1.,0.));
#5927=FACE_BOUND('',#5928,.T.);
#5928=EDGE_LOOP('',(#8253,#8254,#8255,#8256,#8257,#8258,#8259,#8260,#8261,#8262,
#8263,#8264));
#5929=PLANE('',#5930);
#5930=AXIS2_PLACEMENT_3D('',#5931,#5932,#5933);
#5931=CARTESIAN_POINT('',(0.,0.,29.6));
#5932=DIRECTION('',(-0.,0.,-1.));
#5933=DIRECTION('',(-1.,0.,0.));
#5934=FACE_OUTER_BOUND('',#5935,.T.);
#5935=EDGE_LOOP('',(#8265));
#5936=FACE_OUTER_BOUND('',#5937,.T.);
#5937=EDGE_LOOP('',(#8266));
#5938=CONICAL_SURFACE('',#5939,0.61500453458963,0.0872664625997165);
#5939=AXIS2_PLACEMENT_3D('',#5940,#5941,#5942);
#5940=CARTESIAN_POINT('',(3.75,0.3975,26.1));
#5941=DIRECTION('',(0.,-1.,-0.));
#5942=DIRECTION('',(-1.,-0.,-0.));
#5943=FACE_OUTER_BOUND('',#5944,.T.);
#5944=EDGE_LOOP('',(#8267));
#5945=FACE_OUTER_BOUND('',#5946,.T.);
#5946=EDGE_LOOP('',(#8268));
#5947=CONICAL_SURFACE('',#5948,0.61500453458963,0.0872664625997165);
#5948=AXIS2_PLACEMENT_3D('',#5949,#5950,#5951);
#5949=CARTESIAN_POINT('',(3.75,0.3975,18.6));
#5950=DIRECTION('',(0.,-1.,-0.));
#5951=DIRECTION('',(-1.,-0.,-0.));
#5952=FACE_BOUND('',#5953,.T.);
#5953=EDGE_LOOP('',(#8269,#8270,#8271,#8272));
#5954=PLANE('',#5955);
#5955=AXIS2_PLACEMENT_3D('',#5956,#5957,#5958);
#5956=CARTESIAN_POINT('',(4.32524091130128,-2.37524091130128,29.6));
#5957=DIRECTION('',(0.,-0.951056516295153,0.309016994374947));
#5958=DIRECTION('',(-1.,0.,0.));
#5959=FACE_BOUND('',#5960,.T.);
#5960=EDGE_LOOP('',(#8273,#8274,#8275,#8276,#8277));
#5961=PLANE('',#5962);
#5962=AXIS2_PLACEMENT_3D('',#5963,#5964,#5965);
#5963=CARTESIAN_POINT('',(5.3,-3.35,26.6));
#5964=DIRECTION('',(-0.,-1.,-0.));
#5965=DIRECTION('',(-1.,0.,0.));
#5966=FACE_BOUND('',#5967,.T.);
#5967=EDGE_LOOP('',(#8278,#8279,#8280));
#5968=PLANE('',#5969);
#5969=AXIS2_PLACEMENT_3D('',#5970,#5971,#5972);
#5970=CARTESIAN_POINT('',(4.9,-2.95,10.6));
#5971=DIRECTION('',(0.577350269189627,-0.577350269189625,-0.577350269189626));
#5972=DIRECTION('',(0.707106781186545,-3.92523114670941E-015,0.70710678118655));
#5973=FACE_BOUND('',#5974,.T.);
#5974=EDGE_LOOP('',(#8281,#8282,#8283,#8284,#8285,#8286,#8287,#8288,#8289,#8290,
#8291,#8292,#8293,#8294));
#5975=FACE_BOUND('',#5976,.T.);
#5976=EDGE_LOOP('',(#8295));
#5977=FACE_BOUND('',#5978,.T.);
#5978=EDGE_LOOP('',(#8296));
#5979=PLANE('',#5980);
#5980=AXIS2_PLACEMENT_3D('',#5981,#5982,#5983);
#5981=CARTESIAN_POINT('',(0.,-0.0025,0.));
#5982=DIRECTION('',(-0.,1.,0.));
#5983=DIRECTION('',(1.,0.,0.));
#5984=FACE_BOUND('',#5985,.T.);
#5985=EDGE_LOOP('',(#8297,#8298,#8299,#8300));
#5986=CYLINDRICAL_SURFACE('',#5987,0.4875);
#5987=AXIS2_PLACEMENT_3D('',#5988,#5989,#5990);
#5988=CARTESIAN_POINT('',(-2.54,1.88768432695266E-015,14.525));
#5989=DIRECTION('',(0.,0.,-1.));
#5990=DIRECTION('',(0.,-1.,0.));
#5991=FACE_BOUND('',#5992,.T.);
#5992=EDGE_LOOP('',(#8301,#8302,#8303,#8304));
#5993=PLANE('',#5994);
#5994=AXIS2_PLACEMENT_3D('',#5995,#5996,#5997);
#5995=CARTESIAN_POINT('',(-1.95,-0.487499999999998,14.525));
#5996=DIRECTION('',(-0.,-1.,-0.));
#5997=DIRECTION('',(-1.,0.,0.));
#5998=FACE_BOUND('',#5999,.T.);
#5999=EDGE_LOOP('',(#8305,#8306,#8307,#8308));
#6000=PLANE('',#6001);
#6001=AXIS2_PLACEMENT_3D('',#6002,#6003,#6004);
#6002=CARTESIAN_POINT('',(-1.95,0.487500000000002,14.525));
#6003=DIRECTION('',(-1.,0.,0.));
#6004=DIRECTION('',(0.,1.,0.));
#6005=FACE_BOUND('',#6006,.T.);
#6006=EDGE_LOOP('',(#8309,#8310,#8311,#8312));
#6007=CYLINDRICAL_SURFACE('',#6008,0.6);
#6008=AXIS2_PLACEMENT_3D('',#6009,#6010,#6011);
#6009=CARTESIAN_POINT('',(-1.35,-2.1,14.525));
#6010=DIRECTION('',(0.,0.,-1.));
#6011=DIRECTION('',(0.,-1.,0.));
#6012=FACE_BOUND('',#6013,.T.);
#6013=EDGE_LOOP('',(#8313,#8314,#8315,#8316));
#6014=PLANE('',#6015);
#6015=AXIS2_PLACEMENT_3D('',#6016,#6017,#6018);
#6016=CARTESIAN_POINT('',(1.35,-2.7,14.525));
#6017=DIRECTION('',(-0.,-1.,-0.));
#6018=DIRECTION('',(-1.,0.,0.));
#6019=FACE_BOUND('',#6020,.T.);
#6020=EDGE_LOOP('',(#8317,#8318,#8319,#8320));
#6021=CYLINDRICAL_SURFACE('',#6022,0.6);
#6022=AXIS2_PLACEMENT_3D('',#6023,#6024,#6025);
#6023=CARTESIAN_POINT('',(1.35,-2.1,14.525));
#6024=DIRECTION('',(0.,0.,-1.));
#6025=DIRECTION('',(1.,0.,0.));
#6026=FACE_BOUND('',#6027,.T.);
#6027=EDGE_LOOP('',(#8321,#8322,#8323,#8324));
#6028=PLANE('',#6029);
#6029=AXIS2_PLACEMENT_3D('',#6030,#6031,#6032);
#6030=CARTESIAN_POINT('',(1.95,2.1,14.525));
#6031=DIRECTION('',(1.,0.,0.));
#6032=DIRECTION('',(0.,-1.,0.));
#6033=FACE_BOUND('',#6034,.T.);
#6034=EDGE_LOOP('',(#8325,#8326,#8327,#8328));
#6035=PLANE('',#6036);
#6036=AXIS2_PLACEMENT_3D('',#6037,#6038,#6039);
#6037=CARTESIAN_POINT('',(2.54,-1.5035,14.525));
#6038=DIRECTION('',(-0.,-1.,-0.));
#6039=DIRECTION('',(-1.,0.,0.));
#6040=FACE_BOUND('',#6041,.T.);
#6041=EDGE_LOOP('',(#8329,#8330,#8331,#8332));
#6042=CYLINDRICAL_SURFACE('',#6043,0.4875);
#6043=AXIS2_PLACEMENT_3D('',#6044,#6045,#6046);
#6044=CARTESIAN_POINT('',(2.54000000001723,-1.016,14.525));
#6045=DIRECTION('',(0.,0.,-1.));
#6046=DIRECTION('',(1.,9.30218864899265E-012,0.));
#6047=FACE_BOUND('',#6048,.T.);
#6048=EDGE_LOOP('',(#8333,#8334,#8335,#8336));
#6049=PLANE('',#6050);
#6050=AXIS2_PLACEMENT_3D('',#6051,#6052,#6053);
#6051=CARTESIAN_POINT('',(6.5,-3.35,11.));
#6052=DIRECTION('',(-1.1355129865441E-016,-0.707106781186547,-0.707106781186548));
#6053=DIRECTION('',(-1.,-1.26067266242213E-032,1.60585786582144E-016));
#6054=FACE_BOUND('',#6055,.T.);
#6055=EDGE_LOOP('',(#8337,#8338,#8339,#8340));
#6056=PLANE('',#6057);
#6057=AXIS2_PLACEMENT_3D('',#6058,#6059,#6060);
#6058=CARTESIAN_POINT('',(-1.57609076372691,-4.15,11.));
#6059=DIRECTION('',(-0.353553390593275,-0.612372435695797,-0.707106781186545));
#6060=DIRECTION('',(-0.866025403784439,0.5,-2.66117365878605E-017));
#6061=FACE_BOUND('',#6062,.T.);
#6062=EDGE_LOOP('',(#8341,#8342,#8343,#8344));
#6063=PLANE('',#6064);
#6064=AXIS2_PLACEMENT_3D('',#6065,#6066,#6067);
#6065=CARTESIAN_POINT('',(-5.3,-3.6,11.));
#6066=DIRECTION('',(-0.70710678118655,-3.4890943526306E-016,-0.707106781186545));
#6067=DIRECTION('',(-3.87367288538012E-032,1.,-4.93432455388958E-016));
#6068=FACE_BOUND('',#6069,.T.);
#6069=EDGE_LOOP('',(#8345,#8346,#8347,#8348));
#6070=CYLINDRICAL_SURFACE('',#6071,2.10649980408616);
#6071=AXIS2_PLACEMENT_3D('',#6072,#6073,#6074);
#6072=CARTESIAN_POINT('',(-2.34950009795668,-1.4210854715202E-014,13.525));
#6073=DIRECTION('',(0.,0.,1.));
#6074=DIRECTION('',(-0.5,0.866025403784439,0.));
#6075=FACE_BOUND('',#6076,.T.);
#6076=EDGE_LOOP('',(#8349,#8350,#8351,#8352));
#6077=PLANE('',#6078);
#6078=AXIS2_PLACEMENT_3D('',#6079,#6080,#6081);
#6079=CARTESIAN_POINT('',(-3.40274999999976,-1.82428234340557,13.525));
#6080=DIRECTION('',(-0.5,-0.866025403784438,0.));
#6081=DIRECTION('',(0.866025403784438,-0.5,0.));
#6082=FACE_BOUND('',#6083,.T.);
#6083=EDGE_LOOP('',(#8353,#8354,#8355,#8356));
#6084=CYLINDRICAL_SURFACE('',#6085,1.5828963363164);
#6085=AXIS2_PLACEMENT_3D('',#6086,#6087,#6088);
#6086=CARTESIAN_POINT('',(-1.279961395603,-1.22210366384362,13.525));
#6087=DIRECTION('',(0.,0.,1.));
#6088=DIRECTION('',(-0.5,-0.866025403784438,0.));
#6089=FACE_BOUND('',#6090,.T.);
#6090=EDGE_LOOP('',(#8357,#8358,#8359,#8360));
#6091=PLANE('',#6092);
#6092=AXIS2_PLACEMENT_3D('',#6093,#6094,#6095);
#6093=CARTESIAN_POINT('',(-1.27996139560299,-2.80500000016002,13.525));
#6094=DIRECTION('',(3.19151734353349E-015,-1.,0.));
#6095=DIRECTION('',(1.,3.19151734353349E-015,0.));
#6096=FACE_BOUND('',#6097,.T.);
#6097=EDGE_LOOP('',(#8361,#8362,#8363,#8364));
#6098=CYLINDRICAL_SURFACE('',#6099,2.10599961999999);
#6099=AXIS2_PLACEMENT_3D('',#6100,#6101,#6102);
#6100=CARTESIAN_POINT('',(2.47700038003833,-0.699000380160022,13.525));
#6101=DIRECTION('',(0.,0.,1.));
#6102=DIRECTION('',(3.37389773964017E-015,-1.,0.));
#6103=FACE_BOUND('',#6104,.T.);
#6104=EDGE_LOOP('',(#8365,#8366,#8367,#8368));
#6105=CYLINDRICAL_SURFACE('',#6106,0.9);
#6106=AXIS2_PLACEMENT_3D('',#6107,#6108,#6109);
#6107=CARTESIAN_POINT('',(-2.54,1.88768432695266E-015,14.8));
#6108=DIRECTION('',(0.,0.,1.));
#6109=DIRECTION('',(-0.699724294640603,0.714412983847375,0.));
#6110=FACE_BOUND('',#6111,.T.);
#6111=EDGE_LOOP('',(#8369,#8370,#8371,#8372));
#6112=PLANE('',#6113);
#6113=AXIS2_PLACEMENT_3D('',#6114,#6115,#6116);
#6114=CARTESIAN_POINT('',(-3.16975186520371,-0.642971686016934,14.8));
#6115=DIRECTION('',(-0.699724294248803,-0.71441298423112,0.));
#6116=DIRECTION('',(0.71441298423112,-0.699724294248803,0.));
#6117=FACE_BOUND('',#6118,.T.);
#6118=EDGE_LOOP('',(#8373,#8374,#8375,#8376,#8377,#8378,#8379,#8380,#8381));
#6119=PLANE('',#6120);
#6120=AXIS2_PLACEMENT_3D('',#6121,#6122,#6123);
#6121=CARTESIAN_POINT('',(-1.95,0.487500000000002,14.525));
#6122=DIRECTION('',(-1.,0.,0.));
#6123=DIRECTION('',(0.,1.,0.));
#6124=FACE_BOUND('',#6125,.T.);
#6125=EDGE_LOOP('',(#8382,#8383,#8384,#8385));
#6126=CYLINDRICAL_SURFACE('',#6127,0.6);
#6127=AXIS2_PLACEMENT_3D('',#6128,#6129,#6130);
#6128=CARTESIAN_POINT('',(-1.35,-2.1,14.525));
#6129=DIRECTION('',(0.,0.,-1.));
#6130=DIRECTION('',(0.,-1.,0.));
#6131=FACE_BOUND('',#6132,.T.);
#6132=EDGE_LOOP('',(#8386,#8387,#8388,#8389));
#6133=PLANE('',#6134);
#6134=AXIS2_PLACEMENT_3D('',#6135,#6136,#6137);
#6135=CARTESIAN_POINT('',(1.35,-2.7,14.525));
#6136=DIRECTION('',(-0.,-1.,-0.));
#6137=DIRECTION('',(-1.,0.,0.));
#6138=FACE_BOUND('',#6139,.T.);
#6139=EDGE_LOOP('',(#8390,#8391,#8392,#8393));
#6140=CYLINDRICAL_SURFACE('',#6141,0.6);
#6141=AXIS2_PLACEMENT_3D('',#6142,#6143,#6144);
#6142=CARTESIAN_POINT('',(1.35,-2.1,14.525));
#6143=DIRECTION('',(0.,0.,-1.));
#6144=DIRECTION('',(1.,0.,0.));
#6145=FACE_BOUND('',#6146,.T.);
#6146=EDGE_LOOP('',(#8394,#8395,#8396,#8397));
#6147=PLANE('',#6148);
#6148=AXIS2_PLACEMENT_3D('',#6149,#6150,#6151);
#6149=CARTESIAN_POINT('',(-1.87,-1.91599999968488,14.8));
#6150=DIRECTION('',(0.,-1.,0.));
#6151=DIRECTION('',(1.,0.,0.));
#6152=FACE_BOUND('',#6153,.T.);
#6153=EDGE_LOOP('',(#8398,#8399,#8400,#8401));
#6154=CYLINDRICAL_SURFACE('',#6155,0.9);
#6155=AXIS2_PLACEMENT_3D('',#6156,#6157,#6158);
#6156=CARTESIAN_POINT('',(2.54,-1.016,14.8));
#6157=DIRECTION('',(0.,0.,1.));
#6158=DIRECTION('',(-4.16920890695178E-005,-0.999999999130885,0.));
#6159=FACE_BOUND('',#6160,.T.);
#6160=EDGE_LOOP('',(#8402,#8403,#8404,#8405));
#6161=TOROIDAL_SURFACE('',#6162,3.15000000000102,0.6);
#6162=AXIS2_PLACEMENT_3D('',#6163,#6164,#6165);
#6163=CARTESIAN_POINT('',(1.35,1.05000000000102,17.9342804241941));
#6164=DIRECTION('',(-1.,-0.,-0.));
#6165=DIRECTION('',(0.,-1.,0.));
#6166=FACE_BOUND('',#6167,.T.);
#6167=EDGE_LOOP('',(#8406,#8407,#8408,#8409));
#6168=TOROIDAL_SURFACE('',#6169,2.85000000070366,0.6);
#6169=AXIS2_PLACEMENT_3D('',#6170,#6171,#6172);
#6170=CARTESIAN_POINT('',(1.35,-3.7,21.6));
#6171=DIRECTION('',(1.,-0.,-0.));
#6172=DIRECTION('',(0.,0.791666666571691,-0.610953262565367));
#6173=FACE_BOUND('',#6174,.T.);
#6174=EDGE_LOOP('',(#8410,#8411,#8412,#8413));
#6175=CYLINDRICAL_SURFACE('',#6176,0.6);
#6176=AXIS2_PLACEMENT_3D('',#6177,#6178,#6179);
#6177=CARTESIAN_POINT('',(1.35,-0.849999999296341,21.599999999999));
#6178=DIRECTION('',(-0.,-0.,-1.));
#6179=DIRECTION('',(1.,0.,0.));
#6180=FACE_BOUND('',#6181,.T.);
#6181=EDGE_LOOP('',(#8414,#8415,#8416,#8417));
#6182=PLANE('',#6183);
#6183=AXIS2_PLACEMENT_3D('',#6184,#6185,#6186);
#6184=CARTESIAN_POINT('',(1.35,-1.44999999929634,21.5999999999952));
#6185=DIRECTION('',(-0.,1.,-0.));
#6186=DIRECTION('',(-1.,0.,0.));
#6187=FACE_BOUND('',#6188,.T.);
#6188=EDGE_LOOP('',(#8418,#8419,#8420,#8421));
#6189=CYLINDRICAL_SURFACE('',#6190,0.6);
#6190=AXIS2_PLACEMENT_3D('',#6191,#6192,#6193);
#6191=CARTESIAN_POINT('',(-1.35,-0.849999999296341,21.599999999999));
#6192=DIRECTION('',(-0.,-0.,-1.));
#6193=DIRECTION('',(0.,-1.,0.));
#6194=FACE_BOUND('',#6195,.T.);
#6195=EDGE_LOOP('',(#8422,#8423,#8424,#8425));
#6196=PLANE('',#6197);
#6197=AXIS2_PLACEMENT_3D('',#6198,#6199,#6200);
#6198=CARTESIAN_POINT('',(-2.30000000000047,0.900000000000001,24.6));
#6199=DIRECTION('',(-1.,-1.3495377654888E-013,0.));
#6200=DIRECTION('',(1.3495377654888E-013,-1.,0.));
#6201=FACE_BOUND('',#6202,.T.);
#6202=EDGE_LOOP('',(#8426,#8427,#8428,#8429,#8430,#8431,#8432,#8433));
#6203=CYLINDRICAL_SURFACE('',#6204,0.8);
#6204=AXIS2_PLACEMENT_3D('',#6205,#6206,#6207);
#6205=CARTESIAN_POINT('',(-1.50000000000023,-0.900000000000467,24.6));
#6206=DIRECTION('',(0.,0.,1.));
#6207=DIRECTION('',(-1.,5.8189564278166E-013,0.));
#6208=FACE_BOUND('',#6209,.T.);
#6209=EDGE_LOOP('',(#8434,#8435,#8436,#8437));
#6210=PLANE('',#6211);
#6211=AXIS2_PLACEMENT_3D('',#6212,#6213,#6214);
#6212=CARTESIAN_POINT('',(-1.50000000000069,-1.70000000000047,24.6));
#6213=DIRECTION('',(0.,-1.,0.));
#6214=DIRECTION('',(1.,0.,0.));
#6215=FACE_BOUND('',#6216,.T.);
#6216=EDGE_LOOP('',(#8438,#8439,#8440,#8441,#8442,#8443,#8444,#8445));
#6217=CYLINDRICAL_SURFACE('',#6218,0.8);
#6218=AXIS2_PLACEMENT_3D('',#6219,#6220,#6221);
#6219=CARTESIAN_POINT('',(1.49999999999978,-0.900000000000467,24.6));
#6220=DIRECTION('',(0.,0.,1.));
#6221=DIRECTION('',(-5.82867087928207E-013,-1.,0.));
#6222=FACE_BOUND('',#6223,.T.);
#6223=EDGE_LOOP('',(#8446,#8447,#8448,#8449));
#6224=PLANE('',#6225);
#6225=AXIS2_PLACEMENT_3D('',#6226,#6227,#6228);
#6226=CARTESIAN_POINT('',(-4.32524091130128,-1.43722257774476,29.6));
#6227=DIRECTION('',(-0.951056516295153,0.,0.309016994374947));
#6228=DIRECTION('',(0.,1.,0.));
#6229=FACE_BOUND('',#6230,.T.);
#6230=EDGE_LOOP('',(#8450,#8451,#8452,#8453));
#6231=PLANE('',#6232);
#6232=AXIS2_PLACEMENT_3D('',#6233,#6234,#6235);
#6233=CARTESIAN_POINT('',(-2.7005454991503,-2.37524091130128,29.6));
#6234=DIRECTION('',(-0.475528258147577,-0.823639103546332,0.309016994374947));
#6235=DIRECTION('',(-0.866025403784439,0.5,0.));
#6236=FACE_BOUND('',#6237,.T.);
#6237=EDGE_LOOP('',(#8454,#8455,#8456,#8457));
#6238=PLANE('',#6239);
#6239=AXIS2_PLACEMENT_3D('',#6240,#6241,#6242);
#6240=CARTESIAN_POINT('',(-1.50000000000069,-1.70000000000047,24.6));
#6241=DIRECTION('',(0.,-1.,0.));
#6242=DIRECTION('',(1.,0.,0.));
#6243=FACE_BOUND('',#6244,.T.);
#6244=EDGE_LOOP('',(#8458));
#6245=PLANE('',#6246);
#6246=AXIS2_PLACEMENT_3D('',#6247,#6248,#6249);
#6247=CARTESIAN_POINT('',(0.,0.7975,0.));
#6248=DIRECTION('',(-0.,1.,0.));
#6249=DIRECTION('',(1.,0.,0.));
#6250=FACE_BOUND('',#6251,.T.);
#6251=EDGE_LOOP('',(#8459));
#6252=PLANE('',#6253);
#6253=AXIS2_PLACEMENT_3D('',#6254,#6255,#6256);
#6254=CARTESIAN_POINT('',(0.,0.7975,0.));
#6255=DIRECTION('',(-0.,1.,0.));
#6256=DIRECTION('',(1.,0.,0.));
#6257=FACE_BOUND('',#6258,.T.);
#6258=EDGE_LOOP('',(#8460,#8461,#8462,#8463));
#6259=PLANE('',#6260);
#6260=AXIS2_PLACEMENT_3D('',#6261,#6262,#6263);
#6261=CARTESIAN_POINT('',(-2.96173140978201,-3.35,26.6));
#6262=DIRECTION('',(-0.5,-0.866025403784439,-0.));
#6263=DIRECTION('',(-0.866025403784439,0.5,0.));
#6264=FACE_BOUND('',#6265,.T.);
#6265=EDGE_LOOP('',(#8464,#8465,#8466,#8467));
#6266=PLANE('',#6267);
#6267=AXIS2_PLACEMENT_3D('',#6268,#6269,#6270);
#6268=CARTESIAN_POINT('',(0.,0.,16.8));
#6269=DIRECTION('',(0.,0.,1.));
#6270=DIRECTION('',(1.,0.,0.));
#6271=FACE_BOUND('',#6272,.T.);
#6272=EDGE_LOOP('',(#8468,#8469,#8470,#8471));
#6273=PLANE('',#6274);
#6274=AXIS2_PLACEMENT_3D('',#6275,#6276,#6277);
#6275=CARTESIAN_POINT('',(-5.3,-2.,26.6));
#6276=DIRECTION('',(-1.,0.,0.));
#6277=DIRECTION('',(0.,1.,0.));
#6278=FACE_OUTER_BOUND('',#6279,.T.);
#6279=EDGE_LOOP('',(#8472));
#6280=FACE_OUTER_BOUND('',#6281,.T.);
#6281=EDGE_LOOP('',(#8473));
#6282=CONICAL_SURFACE('',#6283,0.61500453458963,0.0872664625997165);
#6283=AXIS2_PLACEMENT_3D('',#6284,#6285,#6286);
#6284=CARTESIAN_POINT('',(-3.75,0.3975,26.1));
#6285=DIRECTION('',(0.,-1.,-0.));
#6286=DIRECTION('',(-1.,-0.,-0.));
#6287=FACE_OUTER_BOUND('',#6288,.T.);
#6288=EDGE_LOOP('',(#8474));
#6289=FACE_OUTER_BOUND('',#6290,.T.);
#6290=EDGE_LOOP('',(#8475));
#6291=CONICAL_SURFACE('',#6292,0.61500453458963,0.0872664625997165);
#6292=AXIS2_PLACEMENT_3D('',#6293,#6294,#6295);
#6293=CARTESIAN_POINT('',(-3.75,0.3975,18.6));
#6294=DIRECTION('',(0.,-1.,-0.));
#6295=DIRECTION('',(-1.,-0.,-0.));
#6296=FACE_BOUND('',#6297,.T.);
#6297=EDGE_LOOP('',(#8476,#8477,#8478,#8479));
#6298=TOROIDAL_SURFACE('',#6299,2.85000000070366,0.6);
#6299=AXIS2_PLACEMENT_3D('',#6300,#6301,#6302);
#6300=CARTESIAN_POINT('',(-1.35,-3.7,21.6));
#6301=DIRECTION('',(1.,-0.,-0.));
#6302=DIRECTION('',(0.,0.791666666571691,-0.610953262565367));
#6303=FACE_BOUND('',#6304,.T.);
#6304=EDGE_LOOP('',(#8480,#8481,#8482,#8483));
#6305=TOROIDAL_SURFACE('',#6306,3.15000000000102,0.6);
#6306=AXIS2_PLACEMENT_3D('',#6307,#6308,#6309);
#6307=CARTESIAN_POINT('',(-1.35,1.05000000000102,17.9342804241941));
#6308=DIRECTION('',(-1.,-0.,-0.));
#6309=DIRECTION('',(0.,-1.,0.));
#6310=FACE_BOUND('',#6311,.T.);
#6311=EDGE_LOOP('',(#8484,#8485,#8486,#8487));
#6312=CYLINDRICAL_SURFACE('',#6313,3.75000000000102);
#6313=AXIS2_PLACEMENT_3D('',#6314,#6315,#6316);
#6314=CARTESIAN_POINT('',(-1.35,1.05000000000102,17.9342804241941));
#6315=DIRECTION('',(-1.,-0.,-0.));
#6316=DIRECTION('',(0.,-1.,0.));
#6317=FACE_BOUND('',#6318,.T.);
#6318=EDGE_LOOP('',(#8488,#8489,#8490,#8491));
#6319=CYLINDRICAL_SURFACE('',#6320,2.25000000070366);
#6320=AXIS2_PLACEMENT_3D('',#6321,#6322,#6323);
#6321=CARTESIAN_POINT('',(-1.35,-3.7,21.6));
#6322=DIRECTION('',(1.,0.,0.));
#6323=DIRECTION('',(0.,0.791666666570591,-0.610953262566793));
#6324=FACE_BOUND('',#6325,.T.);
#6325=EDGE_LOOP('',(#8492,#8493,#8494,#8495));
#6326=PLANE('',#6327);
#6327=AXIS2_PLACEMENT_3D('',#6328,#6329,#6330);
#6328=CARTESIAN_POINT('',(2.5,-1.69999999999954,28.6));
#6329=DIRECTION('',(-0.,-0.707106781186553,-0.707106781186542));
#6330=DIRECTION('',(-1.,0.,0.));
#6331=FACE_BOUND('',#6332,.T.);
#6332=EDGE_LOOP('',(#8496,#8497,#8498,#8499));
#6333=PLANE('',#6334);
#6334=AXIS2_PLACEMENT_3D('',#6335,#6336,#6337);
#6335=CARTESIAN_POINT('',(0.,-1.49999999999954,0.));
#6336=DIRECTION('',(-0.,-1.,-0.));
#6337=DIRECTION('',(1.,0.,0.));
#6338=FACE_BOUND('',#6339,.T.);
#6339=EDGE_LOOP('',(#8500,#8501,#8502,#8503));
#6340=PLANE('',#6341);
#6341=AXIS2_PLACEMENT_3D('',#6342,#6343,#6344);
#6342=CARTESIAN_POINT('',(-2.5,-1.69999999999954,27.6));
#6343=DIRECTION('',(-0.,-0.707106781186546,0.707106781186549));
#6344=DIRECTION('',(1.,0.,0.));
#6345=FACE_BOUND('',#6346,.T.);
#6346=EDGE_LOOP('',(#8504));
#6347=PLANE('',#6348);
#6348=AXIS2_PLACEMENT_3D('',#6349,#6350,#6351);
#6349=CARTESIAN_POINT('',(0.,0.7975,0.));
#6350=DIRECTION('',(-0.,1.,0.));
#6351=DIRECTION('',(1.,0.,0.));
#6352=FACE_BOUND('',#6353,.T.);
#6353=EDGE_LOOP('',(#8505));
#6354=PLANE('',#6355);
#6355=AXIS2_PLACEMENT_3D('',#6356,#6357,#6358);
#6356=CARTESIAN_POINT('',(0.,0.7975,0.));
#6357=DIRECTION('',(-0.,1.,0.));
#6358=DIRECTION('',(1.,0.,0.));
#6359=FACE_BOUND('',#6360,.T.);
#6360=EDGE_LOOP('',(#8506,#8507,#8508,#8509,#8510,#8511,#8512,#8513,#8514));
#6361=PLANE('',#6362);
#6362=AXIS2_PLACEMENT_3D('',#6363,#6364,#6365);
#6363=CARTESIAN_POINT('',(5.3,3.35,26.6));
#6364=DIRECTION('',(1.,0.,0.));
#6365=DIRECTION('',(0.,-1.,0.));
#6366=FACE_BOUND('',#6367,.T.);
#6367=EDGE_LOOP('',(#8515,#8516,#8517,#8518,#8519,#8520,#8521,#8522,#8523,#8524,
#8525,#8526,#8527,#8528,#8529,#8530,#8531,#8532));
#6368=FACE_BOUND('',#6369,.T.);
#6369=EDGE_LOOP('',(#8533));
#6370=FACE_BOUND('',#6371,.T.);
#6371=EDGE_LOOP('',(#8534));
#6372=PLANE('',#6373);
#6373=AXIS2_PLACEMENT_3D('',#6374,#6375,#6376);
#6374=CARTESIAN_POINT('',(0.,0.0025,0.));
#6375=DIRECTION('',(-0.,1.,0.));
#6376=DIRECTION('',(1.,0.,0.));
#6377=FACE_BOUND('',#6378,.T.);
#6378=EDGE_LOOP('',(#8535,#8536,#8537,#8538));
#6379=PLANE('',#6380);
#6380=AXIS2_PLACEMENT_3D('',#6381,#6382,#6383);
#6381=CARTESIAN_POINT('',(4.9,0.,0.));
#6382=DIRECTION('',(1.,0.,-0.));
#6383=DIRECTION('',(0.,0.,1.));
#6384=FACE_BOUND('',#6385,.T.);
#6385=EDGE_LOOP('',(#8539,#8540,#8541,#8542));
#6386=PLANE('',#6387);
#6387=AXIS2_PLACEMENT_3D('',#6388,#6389,#6390);
#6388=CARTESIAN_POINT('',(4.9,1.35,17.6));
#6389=DIRECTION('',(-0.707106781186546,0.,0.707106781186549));
#6390=DIRECTION('',(0.,-1.,0.));
#6391=FACE_BOUND('',#6392,.T.);
#6392=EDGE_LOOP('',(#8543,#8544,#8545,#8546));
#6393=PLANE('',#6394);
#6394=AXIS2_PLACEMENT_3D('',#6395,#6396,#6397);
#6395=CARTESIAN_POINT('',(4.9,1.35,17.4));
#6396=DIRECTION('',(-0.707106781186547,0.707106781186548,0.));
#6397=DIRECTION('',(0.,0.,1.));
#6398=FACE_BOUND('',#6399,.T.);
#6399=EDGE_LOOP('',(#8547,#8548,#8549,#8550));
#6400=PLANE('',#6401);
#6401=AXIS2_PLACEMENT_3D('',#6402,#6403,#6404);
#6402=CARTESIAN_POINT('',(4.9,-1.35,17.4));
#6403=DIRECTION('',(-0.707106781186546,0.,-0.707106781186549));
#6404=DIRECTION('',(0.,1.,0.));
#6405=FACE_BOUND('',#6406,.T.);
#6406=EDGE_LOOP('',(#8551,#8552,#8553,#8554));
#6407=PLANE('',#6408);
#6408=AXIS2_PLACEMENT_3D('',#6409,#6410,#6411);
#6409=CARTESIAN_POINT('',(5.3,4.95,11.));
#6410=DIRECTION('',(0.707106781186547,-1.26876158277477E-016,-0.707106781186547));
#6411=DIRECTION('',(0.,-1.,1.79429983777803E-016));
#6412=FACE_BOUND('',#6413,.T.);
#6413=EDGE_LOOP('',(#8555,#8556,#8557,#8558));
#6414=PLANE('',#6415);
#6415=AXIS2_PLACEMENT_3D('',#6416,#6417,#6418);
#6416=CARTESIAN_POINT('',(4.9,3.35,28.2));
#6417=DIRECTION('',(-0.707106781186548,-0.707106781186547,-0.));
#6418=DIRECTION('',(0.,0.,-1.));
#6419=FACE_BOUND('',#6420,.T.);
#6420=EDGE_LOOP('',(#8559,#8560,#8561,#8562,#8563,#8564));
#6421=PLANE('',#6422);
#6422=AXIS2_PLACEMENT_3D('',#6423,#6424,#6425);
#6423=CARTESIAN_POINT('',(3.47068499186226,1.93934791170352,30.941540708832));
#6424=DIRECTION('',(-0.675585773351665,-0.607985811187843,-0.417057689341767));
#6425=DIRECTION('',(0.295241808844326,0.295241808844326,-0.908660854566026));
#6426=FACE_BOUND('',#6427,.T.);
#6427=EDGE_LOOP('',(#8565,#8566,#8567,#8568));
#6428=PLANE('',#6429);
#6429=AXIS2_PLACEMENT_3D('',#6430,#6431,#6432);
#6430=CARTESIAN_POINT('',(4.32524091130128,2.37524091130128,29.6));
#6431=DIRECTION('',(0.951056516295153,0.,0.309016994374947));
#6432=DIRECTION('',(0.,-1.,0.));
#6433=FACE_BOUND('',#6434,.T.);
#6434=EDGE_LOOP('',(#8569,#8570,#8571,#8572,#8573,#8574,#8575,#8576,#8577,#8578,
#8579,#8580));
#6435=PLANE('',#6436);
#6436=AXIS2_PLACEMENT_3D('',#6437,#6438,#6439);
#6437=CARTESIAN_POINT('',(0.,0.,29.6));
#6438=DIRECTION('',(-0.,0.,-1.));
#6439=DIRECTION('',(-1.,0.,0.));
#6440=FACE_BOUND('',#6441,.T.);
#6441=EDGE_LOOP('',(#8581,#8582,#8583,#8584));
#6442=PLANE('',#6443);
#6443=AXIS2_PLACEMENT_3D('',#6444,#6445,#6446);
#6444=CARTESIAN_POINT('',(2.29999999999978,-0.900000000000932,24.6));
#6445=DIRECTION('',(1.,1.3495377654888E-013,-0.));
#6446=DIRECTION('',(-1.3495377654888E-013,1.,0.));
#6447=FACE_BOUND('',#6448,.T.);
#6448=EDGE_LOOP('',(#8585,#8586,#8587,#8588,#8589,#8590,#8591,#8592,#8593,#8594,
#8595,#8596));
#6449=PLANE('',#6450);
#6450=AXIS2_PLACEMENT_3D('',#6451,#6452,#6453);
#6451=CARTESIAN_POINT('',(0.,0.,24.6));
#6452=DIRECTION('',(0.,-0.,1.));
#6453=DIRECTION('',(1.,0.,0.));
#6454=FACE_BOUND('',#6455,.T.);
#6455=EDGE_LOOP('',(#8597,#8598,#8599,#8600,#8601,#8602,#8603,#8604,#8605));
#6456=PLANE('',#6457);
#6457=AXIS2_PLACEMENT_3D('',#6458,#6459,#6460);
#6458=CARTESIAN_POINT('',(1.95,2.1,14.525));
#6459=DIRECTION('',(1.,0.,0.));
#6460=DIRECTION('',(0.,-1.,0.));
#6461=FACE_BOUND('',#6462,.T.);
#6462=EDGE_LOOP('',(#8606,#8607,#8608,#8609,#8610));
#6463=PLANE('',#6464);
#6464=AXIS2_PLACEMENT_3D('',#6465,#6466,#6467);
#6465=CARTESIAN_POINT('',(0.,0.,16.8));
#6466=DIRECTION('',(0.,0.,1.));
#6467=DIRECTION('',(1.,0.,0.));
#6468=FACE_BOUND('',#6469,.T.);
#6469=EDGE_LOOP('',(#8611,#8612,#8613,#8614));
#6470=PLANE('',#6471);
#6471=AXIS2_PLACEMENT_3D('',#6472,#6473,#6474);
#6472=CARTESIAN_POINT('',(3.44,-1.01599999953564,14.8));
#6473=DIRECTION('',(1.,2.18547839543083E-015,-0.));
#6474=DIRECTION('',(-2.18547839543083E-015,1.,0.));
#6475=FACE_BOUND('',#6476,.T.);
#6476=EDGE_LOOP('',(#8615,#8616,#8617,#8618,#8619,#8620,#8621,#8622,#8623,#8624,
#8625,#8626,#8627,#8628,#8629,#8630,#8631,#8632));
#6477=PLANE('',#6478);
#6478=AXIS2_PLACEMENT_3D('',#6479,#6480,#6481);
#6479=CARTESIAN_POINT('',(0.,0.,14.875));
#6480=DIRECTION('',(0.,0.,1.));
#6481=DIRECTION('',(1.,0.,0.));
#6482=FACE_BOUND('',#6483,.T.);
#6483=EDGE_LOOP('',(#8633,#8634,#8635,#8636));
#6484=PLANE('',#6485);
#6485=AXIS2_PLACEMENT_3D('',#6486,#6487,#6488);
#6486=CARTESIAN_POINT('',(4.58300000000002,-0.699000380000015,13.525));
#6487=DIRECTION('',(1.,-6.35320412629894E-016,0.));
#6488=DIRECTION('',(6.35320412629894E-016,1.,0.));
#6489=FACE_BOUND('',#6490,.T.);
#6490=EDGE_LOOP('',(#8637,#8638,#8639,#8640,#8641,#8642,#8643,#8644,#8645,#8646,
#8647,#8648,#8649,#8650,#8651,#8652,#8653,#8654));
#6491=PLANE('',#6492);
#6492=AXIS2_PLACEMENT_3D('',#6493,#6494,#6495);
#6493=CARTESIAN_POINT('',(0.,0.,13.525));
#6494=DIRECTION('',(0.,0.,1.));
#6495=DIRECTION('',(1.,0.,0.));
#6496=FACE_BOUND('',#6497,.T.);
#6497=EDGE_LOOP('',(#8655,#8656,#8657,#8658));
#6498=PLANE('',#6499);
#6499=AXIS2_PLACEMENT_3D('',#6500,#6501,#6502);
#6500=CARTESIAN_POINT('',(3.02749999999832,1.01600000000454,14.525));
#6501=DIRECTION('',(1.,9.30205169234656E-012,0.));
#6502=DIRECTION('',(9.30205169234656E-012,-1.,0.));
#6503=FACE_BOUND('',#6504,.T.);
#6504=EDGE_LOOP('',(#8659,#8660,#8661,#8662,#8663,#8664,#8665,#8666,#8667,#8668,
#8669,#8670,#8671,#8672,#8673,#8674));
#6505=PLANE('',#6506);
#6506=AXIS2_PLACEMENT_3D('',#6507,#6508,#6509);
#6507=CARTESIAN_POINT('',(0.,0.,10.6));
#6508=DIRECTION('',(-0.,0.,-1.));
#6509=DIRECTION('',(-1.,0.,0.));
#6510=FACE_OUTER_BOUND('',#6511,.T.);
#6511=EDGE_LOOP('',(#8675));
#6512=FACE_OUTER_BOUND('',#6513,.T.);
#6513=EDGE_LOOP('',(#8676));
#6514=CONICAL_SURFACE('',#6515,0.94041232037029,0.785398163397449);
#6515=AXIS2_PLACEMENT_3D('',#6516,#6517,#6518);
#6516=CARTESIAN_POINT('',(3.75,0.11208767962971,26.1));
#6517=DIRECTION('',(0.,-1.,0.));
#6518=DIRECTION('',(1.,0.,0.));
#6519=FACE_OUTER_BOUND('',#6520,.T.);
#6520=EDGE_LOOP('',(#8677));
#6521=FACE_OUTER_BOUND('',#6522,.T.);
#6522=EDGE_LOOP('',(#8678));
#6523=CONICAL_SURFACE('',#6524,0.94041232037029,0.785398163397449);
#6524=AXIS2_PLACEMENT_3D('',#6525,#6526,#6527);
#6525=CARTESIAN_POINT('',(3.75,0.11208767962971,18.6));
#6526=DIRECTION('',(0.,-1.,0.));
#6527=DIRECTION('',(1.,0.,0.));
#6528=FACE_BOUND('',#6529,.T.);
#6529=EDGE_LOOP('',(#8679,#8680,#8681));
#6530=PLANE('',#6531);
#6531=AXIS2_PLACEMENT_3D('',#6532,#6533,#6534);
#6532=CARTESIAN_POINT('',(5.3,2.95,11.));
#6533=DIRECTION('',(0.577350269189626,0.577350269189628,-0.577350269189624));
#6534=DIRECTION('',(-0.707106781186547,0.,-0.707106781186548));
#6535=FACE_BOUND('',#6536,.T.);
#6536=EDGE_LOOP('',(#8682,#8683,#8684,#8685,#8686));
#6537=PLANE('',#6538);
#6538=AXIS2_PLACEMENT_3D('',#6539,#6540,#6541);
#6539=CARTESIAN_POINT('',(-2.96173140978201,3.35,26.6));
#6540=DIRECTION('',(-0.,1.,0.));
#6541=DIRECTION('',(1.,0.,0.));
#6542=FACE_BOUND('',#6543,.T.);
#6543=EDGE_LOOP('',(#8687,#8688,#8689,#8690));
#6544=PLANE('',#6545);
#6545=AXIS2_PLACEMENT_3D('',#6546,#6547,#6548);
#6546=CARTESIAN_POINT('',(-2.7005454991503,2.37524091130128,29.6));
#6547=DIRECTION('',(-0.,0.951056516295153,0.309016994374947));
#6548=DIRECTION('',(1.,0.,0.));
#6549=FACE_BOUND('',#6550,.T.);
#6550=EDGE_LOOP('',(#8691,#8692,#8693,#8694,#8695,#8696,#8697,#8698,#8699,#8700,
#8701,#8702,#8703,#8704));
#6551=FACE_BOUND('',#6552,.T.);
#6552=EDGE_LOOP('',(#8705));
#6553=FACE_BOUND('',#6554,.T.);
#6554=EDGE_LOOP('',(#8706));
#6555=PLANE('',#6556);
#6556=AXIS2_PLACEMENT_3D('',#6557,#6558,#6559);
#6557=CARTESIAN_POINT('',(0.,0.0025,0.));
#6558=DIRECTION('',(-0.,1.,0.));
#6559=DIRECTION('',(1.,0.,0.));
#6560=FACE_BOUND('',#6561,.T.);
#6561=EDGE_LOOP('',(#8707,#8708,#8709,#8710));
#6562=PLANE('',#6563);
#6563=AXIS2_PLACEMENT_3D('',#6564,#6565,#6566);
#6564=CARTESIAN_POINT('',(-2.30000000000047,0.900000000000001,24.6));
#6565=DIRECTION('',(-1.,-1.3495377654888E-013,0.));
#6566=DIRECTION('',(1.3495377654888E-013,-1.,0.));
#6567=FACE_BOUND('',#6568,.T.);
#6568=EDGE_LOOP('',(#8711,#8712,#8713,#8714,#8715,#8716,#8717,#8718));
#6569=CYLINDRICAL_SURFACE('',#6570,0.8);
#6570=AXIS2_PLACEMENT_3D('',#6571,#6572,#6573);
#6571=CARTESIAN_POINT('',(-1.50000000000047,0.899999999999536,24.6));
#6572=DIRECTION('',(0.,0.,1.));
#6573=DIRECTION('',(5.82034420659738E-013,1.,0.));
#6574=FACE_BOUND('',#6575,.T.);
#6575=EDGE_LOOP('',(#8719,#8720,#8721,#8722));
#6576=PLANE('',#6577);
#6577=AXIS2_PLACEMENT_3D('',#6578,#6579,#6580);
#6578=CARTESIAN_POINT('',(1.5,1.69999999999954,24.6));
#6579=DIRECTION('',(0.,1.,-0.));
#6580=DIRECTION('',(-1.,0.,0.));
#6581=FACE_BOUND('',#6582,.T.);
#6582=EDGE_LOOP('',(#8723,#8724,#8725,#8726,#8727,#8728,#8729,#8730));
#6583=CYLINDRICAL_SURFACE('',#6584,0.8);
#6584=AXIS2_PLACEMENT_3D('',#6585,#6586,#6587);
#6585=CARTESIAN_POINT('',(1.49999999999954,0.899999999999536,24.6));
#6586=DIRECTION('',(0.,0.,1.));
#6587=DIRECTION('',(1.,0.,0.));
#6588=FACE_BOUND('',#6589,.T.);
#6589=EDGE_LOOP('',(#8731,#8732,#8733,#8734));
#6590=PLANE('',#6591);
#6591=AXIS2_PLACEMENT_3D('',#6592,#6593,#6594);
#6592=CARTESIAN_POINT('',(-4.32524091130128,1.43722257774476,29.6));
#6593=DIRECTION('',(-0.475528258147577,0.823639103546332,0.309016994374947));
#6594=DIRECTION('',(0.866025403784439,0.5,0.));
#6595=FACE_BOUND('',#6596,.T.);
#6596=EDGE_LOOP('',(#8735,#8736,#8737,#8738));
#6597=PLANE('',#6598);
#6598=AXIS2_PLACEMENT_3D('',#6599,#6600,#6601);
#6599=CARTESIAN_POINT('',(-4.32524091130128,-1.43722257774476,29.6));
#6600=DIRECTION('',(-0.951056516295153,0.,0.309016994374947));
#6601=DIRECTION('',(0.,1.,0.));
#6602=FACE_BOUND('',#6603,.T.);
#6603=EDGE_LOOP('',(#8739,#8740,#8741,#8742));
#6604=PLANE('',#6605);
#6605=AXIS2_PLACEMENT_3D('',#6606,#6607,#6608);
#6606=CARTESIAN_POINT('',(1.5,1.69999999999954,24.6));
#6607=DIRECTION('',(0.,1.,-0.));
#6608=DIRECTION('',(-1.,0.,0.));
#6609=FACE_BOUND('',#6610,.T.);
#6610=EDGE_LOOP('',(#8743,#8744,#8745,#8746,#8747,#8748,#8749,#8750,#8751));
#6611=PLANE('',#6612);
#6612=AXIS2_PLACEMENT_3D('',#6613,#6614,#6615);
#6613=CARTESIAN_POINT('',(-1.95,0.487500000000002,14.525));
#6614=DIRECTION('',(-1.,0.,0.));
#6615=DIRECTION('',(0.,1.,0.));
#6616=FACE_BOUND('',#6617,.T.);
#6617=EDGE_LOOP('',(#8752,#8753,#8754,#8755));
#6618=CYLINDRICAL_SURFACE('',#6619,0.6);
#6619=AXIS2_PLACEMENT_3D('',#6620,#6621,#6622);
#6620=CARTESIAN_POINT('',(-1.35,0.849999999296341,21.599999999999));
#6621=DIRECTION('',(0.,0.,1.));
#6622=DIRECTION('',(0.,1.,0.));
#6623=FACE_BOUND('',#6624,.T.);
#6624=EDGE_LOOP('',(#8756,#8757,#8758,#8759));
#6625=PLANE('',#6626);
#6626=AXIS2_PLACEMENT_3D('',#6627,#6628,#6629);
#6627=CARTESIAN_POINT('',(1.35,1.44999999929634,21.5999999999952));
#6628=DIRECTION('',(0.,1.,-0.));
#6629=DIRECTION('',(-1.,0.,0.));
#6630=FACE_BOUND('',#6631,.T.);
#6631=EDGE_LOOP('',(#8760,#8761,#8762,#8763));
#6632=CYLINDRICAL_SURFACE('',#6633,0.6);
#6633=AXIS2_PLACEMENT_3D('',#6634,#6635,#6636);
#6634=CARTESIAN_POINT('',(1.35,0.849999999296341,21.599999999999));
#6635=DIRECTION('',(0.,0.,1.));
#6636=DIRECTION('',(1.,-0.,0.));
#6637=FACE_BOUND('',#6638,.T.);
#6638=EDGE_LOOP('',(#8764,#8765,#8766,#8767));
#6639=TOROIDAL_SURFACE('',#6640,2.85000000070366,0.6);
#6640=AXIS2_PLACEMENT_3D('',#6641,#6642,#6643);
#6641=CARTESIAN_POINT('',(1.35,3.7,21.6));
#6642=DIRECTION('',(-1.,-0.,0.));
#6643=DIRECTION('',(0.,-0.791666666571691,-0.610953262565367));
#6644=FACE_BOUND('',#6645,.T.);
#6645=EDGE_LOOP('',(#8768,#8769,#8770,#8771));
#6646=TOROIDAL_SURFACE('',#6647,3.15000000000102,0.6);
#6647=AXIS2_PLACEMENT_3D('',#6648,#6649,#6650);
#6648=CARTESIAN_POINT('',(1.35,-1.05000000000102,17.9342804241941));
#6649=DIRECTION('',(1.,0.,-0.));
#6650=DIRECTION('',(0.,1.,0.));
#6651=FACE_BOUND('',#6652,.T.);
#6652=EDGE_LOOP('',(#8772,#8773,#8774,#8775));
#6653=CYLINDRICAL_SURFACE('',#6654,0.6);
#6654=AXIS2_PLACEMENT_3D('',#6655,#6656,#6657);
#6655=CARTESIAN_POINT('',(1.35,2.1,14.525));
#6656=DIRECTION('',(0.,0.,-1.));
#6657=DIRECTION('',(0.,1.,0.));
#6658=FACE_BOUND('',#6659,.T.);
#6659=EDGE_LOOP('',(#8776,#8777,#8778,#8779));
#6660=PLANE('',#6661);
#6661=AXIS2_PLACEMENT_3D('',#6662,#6663,#6664);
#6662=CARTESIAN_POINT('',(2.54000000011495,1.91600000005673,14.8));
#6663=DIRECTION('',(0.,1.,-0.));
#6664=DIRECTION('',(-1.,0.,0.));
#6665=FACE_BOUND('',#6666,.T.);
#6666=EDGE_LOOP('',(#8780,#8781,#8782,#8783));
#6667=CYLINDRICAL_SURFACE('',#6668,0.9);
#6668=AXIS2_PLACEMENT_3D('',#6669,#6670,#6671);
#6669=CARTESIAN_POINT('',(2.54,1.016,14.8));
#6670=DIRECTION('',(0.,0.,1.));
#6671=DIRECTION('',(1.,0.,0.));
#6672=FACE_BOUND('',#6673,.T.);
#6673=EDGE_LOOP('',(#8784,#8785,#8786,#8787));
#6674=PLANE('',#6675);
#6675=AXIS2_PLACEMENT_3D('',#6676,#6677,#6678);
#6676=CARTESIAN_POINT('',(-1.35,2.7,14.525));
#6677=DIRECTION('',(-0.,1.,0.));
#6678=DIRECTION('',(1.,0.,0.));
#6679=FACE_BOUND('',#6680,.T.);
#6680=EDGE_LOOP('',(#8788,#8789,#8790,#8791));
#6681=CYLINDRICAL_SURFACE('',#6682,0.6);
#6682=AXIS2_PLACEMENT_3D('',#6683,#6684,#6685);
#6683=CARTESIAN_POINT('',(-1.35,2.1,14.525));
#6684=DIRECTION('',(0.,0.,-1.));
#6685=DIRECTION('',(-1.,0.,0.));
#6686=FACE_BOUND('',#6687,.T.);
#6687=EDGE_LOOP('',(#8792,#8793,#8794,#8795));
#6688=PLANE('',#6689);
#6689=AXIS2_PLACEMENT_3D('',#6690,#6691,#6692);
#6690=CARTESIAN_POINT('',(-1.87,1.91600000005673,14.8));
#6691=DIRECTION('',(-0.699724294500838,0.714412983984267,0.));
#6692=DIRECTION('',(-0.714412983984267,-0.699724294500838,0.));
#6693=FACE_BOUND('',#6694,.T.);
#6694=EDGE_LOOP('',(#8796,#8797,#8798,#8799));
#6695=CYLINDRICAL_SURFACE('',#6696,0.9);
#6696=AXIS2_PLACEMENT_3D('',#6697,#6698,#6699);
#6697=CARTESIAN_POINT('',(-2.54,1.88768432695266E-015,14.8));
#6698=DIRECTION('',(0.,0.,1.));
#6699=DIRECTION('',(-0.699724294640603,0.714412983847375,0.));
#6700=FACE_BOUND('',#6701,.T.);
#6701=EDGE_LOOP('',(#8800,#8801,#8802,#8803));
#6702=CYLINDRICAL_SURFACE('',#6703,2.10649980408616);
#6703=AXIS2_PLACEMENT_3D('',#6704,#6705,#6706);
#6704=CARTESIAN_POINT('',(-2.34950009795668,-1.4210854715202E-014,13.525));
#6705=DIRECTION('',(0.,0.,1.));
#6706=DIRECTION('',(-0.5,0.866025403784439,0.));
#6707=FACE_BOUND('',#6708,.T.);
#6708=EDGE_LOOP('',(#8804,#8805,#8806,#8807));
#6709=PLANE('',#6710);
#6710=AXIS2_PLACEMENT_3D('',#6711,#6712,#6713);
#6711=CARTESIAN_POINT('',(-2.07140956403827,2.59293210249094,13.525));
#6712=DIRECTION('',(-0.5,0.866025403784439,0.));
#6713=DIRECTION('',(-0.866025403784439,-0.5,0.));
#6714=FACE_BOUND('',#6715,.T.);
#6715=EDGE_LOOP('',(#8808,#8809,#8810,#8811));
#6716=CYLINDRICAL_SURFACE('',#6717,1.5828963363164);
#6717=AXIS2_PLACEMENT_3D('',#6718,#6719,#6720);
#6718=CARTESIAN_POINT('',(-1.27996139588007,1.22210366368362,13.525));
#6719=DIRECTION('',(0.,0.,1.));
#6720=DIRECTION('',(5.61109656597618E-015,1.,0.));
#6721=FACE_BOUND('',#6722,.T.);
#6722=EDGE_LOOP('',(#8812,#8813,#8814,#8815));
#6723=PLANE('',#6724);
#6724=AXIS2_PLACEMENT_3D('',#6725,#6726,#6727);
#6725=CARTESIAN_POINT('',(2.47700038000005,2.805,13.525));
#6726=DIRECTION('',(5.6738086103656E-015,1.,-0.));
#6727=DIRECTION('',(-1.,5.6738086103656E-015,0.));
#6728=FACE_BOUND('',#6729,.T.);
#6729=EDGE_LOOP('',(#8816,#8817,#8818,#8819));
#6730=CYLINDRICAL_SURFACE('',#6731,2.10599961999999);
#6731=AXIS2_PLACEMENT_3D('',#6732,#6733,#6734);
#6732=CARTESIAN_POINT('',(2.47700038000004,0.699000380000015,13.525));
#6733=DIRECTION('',(0.,0.,1.));
#6734=DIRECTION('',(1.,0.,0.));
#6735=FACE_BOUND('',#6736,.T.);
#6736=EDGE_LOOP('',(#8820,#8821,#8822,#8823));
#6737=CYLINDRICAL_SURFACE('',#6738,0.4875);
#6738=AXIS2_PLACEMENT_3D('',#6739,#6740,#6741);
#6739=CARTESIAN_POINT('',(-2.54,1.88768432695266E-015,14.525));
#6740=DIRECTION('',(0.,0.,-1.));
#6741=DIRECTION('',(0.,-1.,0.));
#6742=FACE_BOUND('',#6743,.T.);
#6743=EDGE_LOOP('',(#8824,#8825,#8826,#8827));
#6744=PLANE('',#6745);
#6745=AXIS2_PLACEMENT_3D('',#6746,#6747,#6748);
#6746=CARTESIAN_POINT('',(-2.54,0.487500000000002,14.525));
#6747=DIRECTION('',(-0.,1.,0.));
#6748=DIRECTION('',(1.,0.,0.));
#6749=FACE_BOUND('',#6750,.T.);
#6750=EDGE_LOOP('',(#8828,#8829,#8830,#8831));
#6751=PLANE('',#6752);
#6752=AXIS2_PLACEMENT_3D('',#6753,#6754,#6755);
#6753=CARTESIAN_POINT('',(-1.95,0.487500000000002,14.525));
#6754=DIRECTION('',(-1.,0.,0.));
#6755=DIRECTION('',(0.,1.,0.));
#6756=FACE_BOUND('',#6757,.T.);
#6757=EDGE_LOOP('',(#8832,#8833,#8834,#8835));
#6758=CYLINDRICAL_SURFACE('',#6759,0.6);
#6759=AXIS2_PLACEMENT_3D('',#6760,#6761,#6762);
#6760=CARTESIAN_POINT('',(-1.35,2.1,14.525));
#6761=DIRECTION('',(0.,0.,-1.));
#6762=DIRECTION('',(-1.,0.,0.));
#6763=FACE_BOUND('',#6764,.T.);
#6764=EDGE_LOOP('',(#8836,#8837,#8838,#8839));
#6765=PLANE('',#6766);
#6766=AXIS2_PLACEMENT_3D('',#6767,#6768,#6769);
#6767=CARTESIAN_POINT('',(-1.35,2.7,14.525));
#6768=DIRECTION('',(-0.,1.,0.));
#6769=DIRECTION('',(1.,0.,0.));
#6770=FACE_BOUND('',#6771,.T.);
#6771=EDGE_LOOP('',(#8840,#8841,#8842,#8843));
#6772=CYLINDRICAL_SURFACE('',#6773,0.6);
#6773=AXIS2_PLACEMENT_3D('',#6774,#6775,#6776);
#6774=CARTESIAN_POINT('',(1.35,2.1,14.525));
#6775=DIRECTION('',(0.,0.,-1.));
#6776=DIRECTION('',(0.,1.,0.));
#6777=FACE_BOUND('',#6778,.T.);
#6778=EDGE_LOOP('',(#8844,#8845,#8846,#8847));
#6779=PLANE('',#6780);
#6780=AXIS2_PLACEMENT_3D('',#6781,#6782,#6783);
#6781=CARTESIAN_POINT('',(1.95,2.1,14.525));
#6782=DIRECTION('',(1.,0.,0.));
#6783=DIRECTION('',(0.,-1.,0.));
#6784=FACE_BOUND('',#6785,.T.);
#6785=EDGE_LOOP('',(#8848,#8849,#8850,#8851));
#6786=PLANE('',#6787);
#6787=AXIS2_PLACEMENT_3D('',#6788,#6789,#6790);
#6788=CARTESIAN_POINT('',(1.95,1.5035,14.525));
#6789=DIRECTION('',(-0.,1.,0.));
#6790=DIRECTION('',(1.,0.,0.));
#6791=FACE_BOUND('',#6792,.T.);
#6792=EDGE_LOOP('',(#8852,#8853,#8854,#8855));
#6793=CYLINDRICAL_SURFACE('',#6794,0.4875);
#6794=AXIS2_PLACEMENT_3D('',#6795,#6796,#6797);
#6795=CARTESIAN_POINT('',(2.53999999999832,1.016,14.525));
#6796=DIRECTION('',(0.,0.,-1.));
#6797=DIRECTION('',(3.43611179395782E-012,1.,0.));
#6798=FACE_BOUND('',#6799,.T.);
#6799=EDGE_LOOP('',(#8856,#8857,#8858,#8859));
#6800=PLANE('',#6801);
#6801=AXIS2_PLACEMENT_3D('',#6802,#6803,#6804);
#6802=CARTESIAN_POINT('',(-5.3,-3.6,11.));
#6803=DIRECTION('',(-0.70710678118655,-3.4890943526306E-016,-0.707106781186545));
#6804=DIRECTION('',(-3.87367288538012E-032,1.,-4.93432455388958E-016));
#6805=FACE_BOUND('',#6806,.T.);
#6806=EDGE_LOOP('',(#8860,#8861,#8862,#8863));
#6807=PLANE('',#6808);
#6808=AXIS2_PLACEMENT_3D('',#6809,#6810,#6811);
#6809=CARTESIAN_POINT('',(-6.6856406460551,1.2,11.));
#6810=DIRECTION('',(-0.353553390593275,0.612372435695797,-0.707106781186545));
#6811=DIRECTION('',(0.866025403784439,0.5,0.));
#6812=FACE_BOUND('',#6813,.T.);
#6813=EDGE_LOOP('',(#8864,#8865,#8866,#8867));
#6814=PLANE('',#6815);
#6815=AXIS2_PLACEMENT_3D('',#6816,#6817,#6818);
#6816=CARTESIAN_POINT('',(-4.56173140978201,3.35,11.));
#6817=DIRECTION('',(-1.13551298654409E-016,0.707106781186549,-0.707106781186546));
#6818=DIRECTION('',(1.,0.,-1.60585786582144E-016));
#6819=FACE_OUTER_BOUND('',#6820,.T.);
#6820=EDGE_LOOP('',(#8868));
#6821=FACE_OUTER_BOUND('',#6822,.T.);
#6822=EDGE_LOOP('',(#8869));
#6823=CONICAL_SURFACE('',#6824,0.796667988607327,0.0872664625997165);
#6824=AXIS2_PLACEMENT_3D('',#6825,#6826,#6827);
#6825=CARTESIAN_POINT('',(3.75,0.61208767962971,26.1));
#6826=DIRECTION('',(0.,-1.,0.));
#6827=DIRECTION('',(1.,0.,0.));
#6828=FACE_OUTER_BOUND('',#6829,.T.);
#6829=EDGE_LOOP('',(#8870));
#6830=FACE_OUTER_BOUND('',#6831,.T.);
#6831=EDGE_LOOP('',(#8871));
#6832=CONICAL_SURFACE('',#6833,0.796667988607327,0.0872664625997165);
#6833=AXIS2_PLACEMENT_3D('',#6834,#6835,#6836);
#6834=CARTESIAN_POINT('',(3.75,0.61208767962971,18.6));
#6835=DIRECTION('',(0.,-1.,0.));
#6836=DIRECTION('',(1.,0.,0.));
#6837=FACE_BOUND('',#6838,.T.);
#6838=EDGE_LOOP('',(#8872,#8873,#8874,#8875));
#6839=PLANE('',#6840);
#6840=AXIS2_PLACEMENT_3D('',#6841,#6842,#6843);
#6841=CARTESIAN_POINT('',(-5.3,2.,26.6));
#6842=DIRECTION('',(-0.5,0.866025403784439,0.));
#6843=DIRECTION('',(0.866025403784439,0.5,0.));
#6844=FACE_BOUND('',#6845,.T.);
#6845=EDGE_LOOP('',(#8876,#8877,#8878,#8879));
#6846=PLANE('',#6847);
#6847=AXIS2_PLACEMENT_3D('',#6848,#6849,#6850);
#6848=CARTESIAN_POINT('',(-5.3,-2.,26.6));
#6849=DIRECTION('',(-1.,0.,0.));
#6850=DIRECTION('',(0.,1.,0.));
#6851=FACE_BOUND('',#6852,.T.);
#6852=EDGE_LOOP('',(#8880,#8881,#8882,#8883));
#6853=PLANE('',#6854);
#6854=AXIS2_PLACEMENT_3D('',#6855,#6856,#6857);
#6855=CARTESIAN_POINT('',(0.,0.,16.8));
#6856=DIRECTION('',(0.,0.,1.));
#6857=DIRECTION('',(1.,0.,0.));
#6858=FACE_OUTER_BOUND('',#6859,.T.);
#6859=EDGE_LOOP('',(#8884));
#6860=FACE_OUTER_BOUND('',#6861,.T.);
#6861=EDGE_LOOP('',(#8885));
#6862=CONICAL_SURFACE('',#6863,0.94041232037029,0.785398163397449);
#6863=AXIS2_PLACEMENT_3D('',#6864,#6865,#6866);
#6864=CARTESIAN_POINT('',(-3.75,0.11208767962971,18.6));
#6865=DIRECTION('',(0.,-1.,0.));
#6866=DIRECTION('',(1.,0.,0.));
#6867=FACE_OUTER_BOUND('',#6868,.T.);
#6868=EDGE_LOOP('',(#8886));
#6869=FACE_OUTER_BOUND('',#6870,.T.);
#6870=EDGE_LOOP('',(#8887));
#6871=CONICAL_SURFACE('',#6872,0.94041232037029,0.785398163397449);
#6872=AXIS2_PLACEMENT_3D('',#6873,#6874,#6875);
#6873=CARTESIAN_POINT('',(-3.75,0.11208767962971,26.1));
#6874=DIRECTION('',(0.,-1.,0.));
#6875=DIRECTION('',(1.,0.,0.));
#6876=FACE_BOUND('',#6877,.T.);
#6877=EDGE_LOOP('',(#8888,#8889,#8890,#8891));
#6878=PLANE('',#6879);
#6879=AXIS2_PLACEMENT_3D('',#6880,#6881,#6882);
#6880=CARTESIAN_POINT('',(2.5,1.69999999999954,28.6));
#6881=DIRECTION('',(0.,-0.707106781186553,0.707106781186542));
#6882=DIRECTION('',(-1.,0.,0.));
#6883=FACE_BOUND('',#6884,.T.);
#6884=EDGE_LOOP('',(#8892,#8893,#8894,#8895));
#6885=PLANE('',#6886);
#6886=AXIS2_PLACEMENT_3D('',#6887,#6888,#6889);
#6887=CARTESIAN_POINT('',(-2.5,1.69999999999954,27.6));
#6888=DIRECTION('',(0.,-0.707106781186546,-0.707106781186549));
#6889=DIRECTION('',(1.,0.,0.));
#6890=FACE_BOUND('',#6891,.T.);
#6891=EDGE_LOOP('',(#8896,#8897,#8898,#8899));
#6892=PLANE('',#6893);
#6893=AXIS2_PLACEMENT_3D('',#6894,#6895,#6896);
#6894=CARTESIAN_POINT('',(0.,1.49999999999954,0.));
#6895=DIRECTION('',(0.,-1.,0.));
#6896=DIRECTION('',(1.,0.,0.));
#6897=FACE_BOUND('',#6898,.T.);
#6898=EDGE_LOOP('',(#8900,#8901,#8902,#8903));
#6899=TOROIDAL_SURFACE('',#6900,3.15000000000102,0.6);
#6900=AXIS2_PLACEMENT_3D('',#6901,#6902,#6903);
#6901=CARTESIAN_POINT('',(-1.35,-1.05000000000102,17.9342804241941));
#6902=DIRECTION('',(1.,0.,-0.));
#6903=DIRECTION('',(0.,1.,0.));
#6904=FACE_BOUND('',#6905,.T.);
#6905=EDGE_LOOP('',(#8904,#8905,#8906,#8907));
#6906=TOROIDAL_SURFACE('',#6907,2.85000000070366,0.6);
#6907=AXIS2_PLACEMENT_3D('',#6908,#6909,#6910);
#6908=CARTESIAN_POINT('',(-1.35,3.7,21.6));
#6909=DIRECTION('',(-1.,-0.,0.));
#6910=DIRECTION('',(0.,-0.791666666571691,-0.610953262565367));
#6911=FACE_BOUND('',#6912,.T.);
#6912=EDGE_LOOP('',(#8908,#8909,#8910,#8911));
#6913=CYLINDRICAL_SURFACE('',#6914,2.25000000070366);
#6914=AXIS2_PLACEMENT_3D('',#6915,#6916,#6917);
#6915=CARTESIAN_POINT('',(-1.35,3.7,21.6));
#6916=DIRECTION('',(-1.,-0.,0.));
#6917=DIRECTION('',(0.,-0.791666666570591,-0.610953262566793));
#6918=FACE_BOUND('',#6919,.T.);
#6919=EDGE_LOOP('',(#8912,#8913,#8914,#8915));
#6920=CYLINDRICAL_SURFACE('',#6921,3.75000000000102);
#6921=AXIS2_PLACEMENT_3D('',#6922,#6923,#6924);
#6922=CARTESIAN_POINT('',(-1.35,-1.05000000000102,17.9342804241941));
#6923=DIRECTION('',(1.,0.,-0.));
#6924=DIRECTION('',(0.,1.,0.));
#6925=FACE_BOUND('',#6926,.T.);
#6926=EDGE_LOOP('',(#8916));
#6927=PLANE('',#6928);
#6928=AXIS2_PLACEMENT_3D('',#6929,#6930,#6931);
#6929=CARTESIAN_POINT('',(0.,1.0025,0.));
#6930=DIRECTION('',(0.,-1.,-0.));
#6931=DIRECTION('',(1.,0.,0.));
#6932=FACE_BOUND('',#6933,.T.);
#6933=EDGE_LOOP('',(#8917));
#6934=PLANE('',#6935);
#6935=AXIS2_PLACEMENT_3D('',#6936,#6937,#6938);
#6936=CARTESIAN_POINT('',(0.,1.0025,0.));
#6937=DIRECTION('',(0.,-1.,-0.));
#6938=DIRECTION('',(1.,0.,0.));
#6939=FACE_OUTER_BOUND('',#6940,.T.);
#6940=EDGE_LOOP('',(#8918));
#6941=FACE_OUTER_BOUND('',#6942,.T.);
#6942=EDGE_LOOP('',(#8919));
#6943=CONICAL_SURFACE('',#6944,0.796667988607327,0.0872664625997165);
#6944=AXIS2_PLACEMENT_3D('',#6945,#6946,#6947);
#6945=CARTESIAN_POINT('',(-3.75,0.61208767962971,18.6));
#6946=DIRECTION('',(0.,-1.,0.));
#6947=DIRECTION('',(1.,0.,0.));
#6948=FACE_OUTER_BOUND('',#6949,.T.);
#6949=EDGE_LOOP('',(#8920));
#6950=FACE_OUTER_BOUND('',#6951,.T.);
#6951=EDGE_LOOP('',(#8921));
#6952=CONICAL_SURFACE('',#6953,0.796667988607327,0.0872664625997165);
#6953=AXIS2_PLACEMENT_3D('',#6954,#6955,#6956);
#6954=CARTESIAN_POINT('',(-3.75,0.61208767962971,26.1));
#6955=DIRECTION('',(0.,-1.,0.));
#6956=DIRECTION('',(1.,0.,0.));
#6957=FACE_BOUND('',#6958,.T.);
#6958=EDGE_LOOP('',(#8922));
#6959=PLANE('',#6960);
#6960=AXIS2_PLACEMENT_3D('',#6961,#6962,#6963);
#6961=CARTESIAN_POINT('',(0.,1.0025,0.));
#6962=DIRECTION('',(0.,-1.,-0.));
#6963=DIRECTION('',(1.,0.,0.));
#6964=FACE_BOUND('',#6965,.T.);
#6965=EDGE_LOOP('',(#8923));
#6966=PLANE('',#6967);
#6967=AXIS2_PLACEMENT_3D('',#6968,#6969,#6970);
#6968=CARTESIAN_POINT('',(0.,1.0025,0.));
#6969=DIRECTION('',(0.,-1.,-0.));
#6970=DIRECTION('',(1.,0.,0.));
#6971=FACE_BOUND('',#6972,.T.);
#6972=EDGE_LOOP('',(#8924,#8925,#8926,#8927,#8928,#8929));
#6973=PLANE('',#6974);
#6974=AXIS2_PLACEMENT_3D('',#6975,#6976,#6977);
#6975=CARTESIAN_POINT('',(-1.,1.5,18.));
#6976=DIRECTION('',(0.,-1.,0.));
#6977=DIRECTION('',(0.,0.,-1.));
#6978=FACE_BOUND('',#6979,.T.);
#6979=EDGE_LOOP('',(#8930,#8931,#8932,#8933,#8934,#8935));
#6980=PLANE('',#6981);
#6981=AXIS2_PLACEMENT_3D('',#6982,#6983,#6984);
#6982=CARTESIAN_POINT('',(-1.,-1.5,14.));
#6983=DIRECTION('',(0.,1.,0.));
#6984=DIRECTION('',(0.,0.,1.));
#6985=FACE_BOUND('',#6986,.T.);
#6986=EDGE_LOOP('',(#8936,#8937,#8938,#8939,#8940,#8941,#8942,#8943,#8944,#8945,
#8946,#8947,#8948,#8949,#8950,#8951,#8952,#8953,#8954,#8955));
#6987=PLANE('',#6988);
#6988=AXIS2_PLACEMENT_3D('',#6989,#6990,#6991);
#6989=CARTESIAN_POINT('',(5.5,3.6,-4.));
#6990=DIRECTION('',(-1.,0.,0.));
#6991=DIRECTION('',(0.,-1.,0.));
#6992=FACE_BOUND('',#6993,.T.);
#6993=EDGE_LOOP('',(#8956,#8957,#8958,#8959));
#6994=PLANE('',#6995);
#6995=AXIS2_PLACEMENT_3D('',#6996,#6997,#6998);
#6996=CARTESIAN_POINT('',(0.,0.,18.));
#6997=DIRECTION('',(0.,0.,1.));
#6998=DIRECTION('',(1.,0.,0.));
#6999=FACE_BOUND('',#7000,.T.);
#7000=EDGE_LOOP('',(#8960,#8961,#8962,#8963));
#7001=PLANE('',#7002);
#7002=AXIS2_PLACEMENT_3D('',#7003,#7004,#7005);
#7003=CARTESIAN_POINT('',(5.5,1.5,17.));
#7004=DIRECTION('',(-0.707106781186549,-0.,-0.707106781186546));
#7005=DIRECTION('',(0.,-1.,0.));
#7006=FACE_BOUND('',#7007,.T.);
#7007=EDGE_LOOP('',(#8964,#8965,#8966,#8967));
#7008=PLANE('',#7009);
#7009=AXIS2_PLACEMENT_3D('',#7010,#7011,#7012);
#7010=CARTESIAN_POINT('',(5.5,1.5,18.));
#7011=DIRECTION('',(-0.707106781186548,0.707106781186548,0.));
#7012=DIRECTION('',(0.,0.,-1.));
#7013=FACE_BOUND('',#7014,.T.);
#7014=EDGE_LOOP('',(#8968,#8969,#8970,#8971));
#7015=PLANE('',#7016);
#7016=AXIS2_PLACEMENT_3D('',#7017,#7018,#7019);
#7017=CARTESIAN_POINT('',(5.5,-1.5,18.));
#7018=DIRECTION('',(-0.707106781186549,0.,0.707106781186546));
#7019=DIRECTION('',(0.,1.,0.));
#7020=FACE_BOUND('',#7021,.T.);
#7021=EDGE_LOOP('',(#8972,#8973,#8974,#8975));
#7022=PLANE('',#7023);
#7023=AXIS2_PLACEMENT_3D('',#7024,#7025,#7026);
#7024=CARTESIAN_POINT('',(5.5,-1.5,17.));
#7025=DIRECTION('',(-0.707106781186548,-0.707106781186548,0.));
#7026=DIRECTION('',(0.,0.,1.));
#7027=FACE_BOUND('',#7028,.T.);
#7028=EDGE_LOOP('',(#8976,#8977,#8978,#8979));
#7029=PLANE('',#7030);
#7030=AXIS2_PLACEMENT_3D('',#7031,#7032,#7033);
#7031=CARTESIAN_POINT('',(6.7,-8.,17.2));
#7032=DIRECTION('',(0.707106781186547,1.57009245868378E-016,0.707106781186548));
#7033=DIRECTION('',(0.,1.,-2.22044604925031E-016));
#7034=FACE_BOUND('',#7035,.T.);
#7035=EDGE_LOOP('',(#8980,#8981,#8982,#8983,#8984,#8985,#8986,#8987,#8988,#8989,
#8990,#8991));
#7036=PLANE('',#7037);
#7037=AXIS2_PLACEMENT_3D('',#7038,#7039,#7040);
#7038=CARTESIAN_POINT('',(6.7,-4.8,-4.));
#7039=DIRECTION('',(1.,0.,0.));
#7040=DIRECTION('',(0.,1.,0.));
#7041=FACE_BOUND('',#7042,.T.);
#7042=EDGE_LOOP('',(#8992,#8993,#8994,#8995));
#7043=PLANE('',#7044);
#7044=AXIS2_PLACEMENT_3D('',#7045,#7046,#7047);
#7045=CARTESIAN_POINT('',(-1.,1.5,14.));
#7046=DIRECTION('',(0.,0.,-1.));
#7047=DIRECTION('',(0.,1.,0.));
#7048=FACE_BOUND('',#7049,.T.);
#7049=EDGE_LOOP('',(#8996,#8997,#8998,#8999));
#7050=PLANE('',#7051);
#7051=AXIS2_PLACEMENT_3D('',#7052,#7053,#7054);
#7052=CARTESIAN_POINT('',(-1.,-1.9,14.));
#7053=DIRECTION('',(0.,0.,-1.));
#7054=DIRECTION('',(0.,1.,0.));
#7055=FACE_BOUND('',#7056,.T.);
#7056=EDGE_LOOP('',(#9000,#9001,#9002,#9003,#9004));
#7057=PLANE('',#7058);
#7058=AXIS2_PLACEMENT_3D('',#7059,#7060,#7061);
#7059=CARTESIAN_POINT('',(-1.,1.9,14.));
#7060=DIRECTION('',(0.,1.,0.));
#7061=DIRECTION('',(0.,0.,1.));
#7062=FACE_BOUND('',#7063,.T.);
#7063=EDGE_LOOP('',(#9005,#9006,#9007,#9008,#9009,#9010,#9011,#9012,#9013,#9014,
#9015,#9016,#9017,#9018,#9019,#9020));
#7064=PLANE('',#7065);
#7065=AXIS2_PLACEMENT_3D('',#7066,#7067,#7068);
#7066=CARTESIAN_POINT('',(0.,0.,18.));
#7067=DIRECTION('',(0.,0.,1.));
#7068=DIRECTION('',(1.,0.,0.));
#7069=FACE_BOUND('',#7070,.T.);
#7070=EDGE_LOOP('',(#9021,#9022,#9023,#9024,#9025,#9026,#9027,#9028,#9029,#9030,
#9031,#9032));
#7071=PLANE('',#7072);
#7072=AXIS2_PLACEMENT_3D('',#7073,#7074,#7075);
#7073=CARTESIAN_POINT('',(-3.16173140978202,3.6,-4.));
#7074=DIRECTION('',(0.,-1.,0.));
#7075=DIRECTION('',(1.,0.,0.));
#7076=FACE_BOUND('',#7077,.T.);
#7077=EDGE_LOOP('',(#9033,#9034,#9035,#9036));
#7078=PLANE('',#7079);
#7079=AXIS2_PLACEMENT_3D('',#7080,#7081,#7082);
#7080=CARTESIAN_POINT('',(0.,0.,10.6));
#7081=DIRECTION('',(-0.,0.,-1.));
#7082=DIRECTION('',(-1.,-0.,0.));
#7083=FACE_BOUND('',#7084,.T.);
#7084=EDGE_LOOP('',(#9037,#9038,#9039,#9040));
#7085=PLANE('',#7086);
#7086=AXIS2_PLACEMENT_3D('',#7087,#7088,#7089);
#7087=CARTESIAN_POINT('',(5.5,2.32487112986843,10.6));
#7088=DIRECTION('',(-0.258819045571157,-0.965925826163498,-0.));
#7089=DIRECTION('',(-0.965925826163498,0.258819045571157,0.));
#7090=FACE_BOUND('',#7091,.T.);
#7091=EDGE_LOOP('',(#9041,#9042,#9043,#9044));
#7092=PLANE('',#7093);
#7093=AXIS2_PLACEMENT_3D('',#7094,#7095,#7096);
#7094=CARTESIAN_POINT('',(0.,0.,8.6));
#7095=DIRECTION('',(-0.,0.,-1.));
#7096=DIRECTION('',(-1.,-0.,0.));
#7097=FACE_BOUND('',#7098,.T.);
#7098=EDGE_LOOP('',(#9045,#9046,#9047,#9048,#9049,#9050));
#7099=PLANE('',#7100);
#7100=AXIS2_PLACEMENT_3D('',#7101,#7102,#7103);
#7101=CARTESIAN_POINT('',(0.,0.,-2.8));
#7102=DIRECTION('',(-0.,0.,-1.));
#7103=DIRECTION('',(-1.,0.,0.));
#7104=FACE_BOUND('',#7105,.T.);
#7105=EDGE_LOOP('',(#9051,#9052,#9053,#9054,#9055,#9056,#9057,#9058,#9059,#9060,
#9061,#9062));
#7106=PLANE('',#7107);
#7107=AXIS2_PLACEMENT_3D('',#7108,#7109,#7110);
#7108=CARTESIAN_POINT('',(5.5,-3.6,-4.));
#7109=DIRECTION('',(0.,1.,-0.));
#7110=DIRECTION('',(-1.,0.,0.));
#7111=FACE_BOUND('',#7112,.T.);
#7112=EDGE_LOOP('',(#9063,#9064,#9065,#9066));
#7113=PLANE('',#7114);
#7114=AXIS2_PLACEMENT_3D('',#7115,#7116,#7117);
#7115=CARTESIAN_POINT('',(0.,0.,8.6));
#7116=DIRECTION('',(-0.,0.,1.));
#7117=DIRECTION('',(-1.,0.,0.));
#7118=FACE_BOUND('',#7119,.T.);
#7119=EDGE_LOOP('',(#9067,#9068,#9069,#9070));
#7120=PLANE('',#7121);
#7121=AXIS2_PLACEMENT_3D('',#7122,#7123,#7124);
#7122=CARTESIAN_POINT('',(5.5,-2.32487112986843,10.6));
#7123=DIRECTION('',(0.258819045571157,-0.965925826163498,0.));
#7124=DIRECTION('',(-0.965925826163498,-0.258819045571157,0.));
#7125=FACE_BOUND('',#7126,.T.);
#7126=EDGE_LOOP('',(#9071,#9072,#9073,#9074));
#7127=PLANE('',#7128);
#7128=AXIS2_PLACEMENT_3D('',#7129,#7130,#7131);
#7129=CARTESIAN_POINT('',(0.,0.,10.6));
#7130=DIRECTION('',(-0.,0.,1.));
#7131=DIRECTION('',(-1.,0.,0.));
#7132=FACE_BOUND('',#7133,.T.);
#7133=EDGE_LOOP('',(#9075,#9076,#9077,#9078,#9079));
#7134=PLANE('',#7135);
#7135=AXIS2_PLACEMENT_3D('',#7136,#7137,#7138);
#7136=CARTESIAN_POINT('',(-1.,-1.9,18.));
#7137=DIRECTION('',(0.,-1.,0.));
#7138=DIRECTION('',(0.,0.,-1.));
#7139=FACE_BOUND('',#7140,.T.);
#7140=EDGE_LOOP('',(#9080,#9081,#9082,#9083));
#7141=PLANE('',#7142);
#7142=AXIS2_PLACEMENT_3D('',#7143,#7144,#7145);
#7143=CARTESIAN_POINT('',(5.2,0.,0.));
#7144=DIRECTION('',(-1.,0.,0.));
#7145=DIRECTION('',(0.,0.,-1.));
#7146=FACE_BOUND('',#7147,.T.);
#7147=EDGE_LOOP('',(#9084,#9085,#9086,#9087));
#7148=PLANE('',#7149);
#7149=AXIS2_PLACEMENT_3D('',#7150,#7151,#7152);
#7150=CARTESIAN_POINT('',(6.7,-8.,17.2));
#7151=DIRECTION('',(0.707106781186547,1.57009245868378E-016,0.707106781186548));
#7152=DIRECTION('',(0.,1.,-2.22044604925031E-016));
#7153=FACE_BOUND('',#7154,.T.);
#7154=EDGE_LOOP('',(#9088,#9089,#9090,#9091));
#7155=PLANE('',#7156);
#7156=AXIS2_PLACEMENT_3D('',#7157,#7158,#7159);
#7157=CARTESIAN_POINT('',(5.9,-4.8,-6.4));
#7158=DIRECTION('',(-0.707106781186548,0.707106781186547,0.));
#7159=DIRECTION('',(0.,0.,1.));
#7160=FACE_BOUND('',#7161,.T.);
#7161=EDGE_LOOP('',(#9092,#9093,#9094,#9095));
#7162=PLANE('',#7163);
#7163=AXIS2_PLACEMENT_3D('',#7164,#7165,#7166);
#7164=CARTESIAN_POINT('',(6.7,-8.,-3.2));
#7165=DIRECTION('',(-0.707106781186548,0.,0.707106781186547));
#7166=DIRECTION('',(0.,1.,0.));
#7167=FACE_BOUND('',#7168,.T.);
#7168=EDGE_LOOP('',(#9096,#9097,#9098,#9099));
#7169=PLANE('',#7170);
#7170=AXIS2_PLACEMENT_3D('',#7171,#7172,#7173);
#7171=CARTESIAN_POINT('',(6.7,4.,-6.4));
#7172=DIRECTION('',(-0.707106781186548,-0.707106781186547,4.68684316025007E-017));
#7173=DIRECTION('',(0.,6.62819716194123E-017,1.));
#7174=FACE_BOUND('',#7175,.T.);
#7175=EDGE_LOOP('',(#9100,#9101,#9102,#9103));
#7176=PLANE('',#7177);
#7177=AXIS2_PLACEMENT_3D('',#7178,#7179,#7180);
#7178=CARTESIAN_POINT('',(6.7,-8.,17.2));
#7179=DIRECTION('',(0.707106781186547,1.57009245868378E-016,0.707106781186548));
#7180=DIRECTION('',(0.,1.,-2.22044604925031E-016));
#7181=FACE_BOUND('',#7182,.T.);
#7182=EDGE_LOOP('',(#9104,#9105,#9106,#9107));
#7183=PLANE('',#7184);
#7184=AXIS2_PLACEMENT_3D('',#7185,#7186,#7187);
#7185=CARTESIAN_POINT('',(9.1,4.8,17.2));
#7186=DIRECTION('',(-3.97913085144906E-017,0.707106781186547,0.707106781186548));
#7187=DIRECTION('',(-1.,-5.62734081657647E-017,0.));
#7188=FACE_BOUND('',#7189,.T.);
#7189=EDGE_LOOP('',(#9108,#9109,#9110,#9111));
#7190=PLANE('',#7191);
#7191=AXIS2_PLACEMENT_3D('',#7192,#7193,#7194);
#7192=CARTESIAN_POINT('',(-0.711989148589158,6.4,17.2));
#7193=DIRECTION('',(-0.353553390593275,0.612372435695796,0.707106781186546));
#7194=DIRECTION('',(-0.866025403784439,-0.5,-3.10467999749562E-017));
#7195=FACE_BOUND('',#7196,.T.);
#7196=EDGE_LOOP('',(#9112,#9113,#9114,#9115));
#7197=PLANE('',#7198);
#7198=AXIS2_PLACEMENT_3D('',#7199,#7200,#7201);
#7199=CARTESIAN_POINT('',(-6.7,6.14282032302755,17.2));
#7200=DIRECTION('',(-0.707106781186549,-1.53358787278669E-016,0.707106781186546));
#7201=DIRECTION('',(2.16882076878584E-016,-1.,-2.27016608887159E-032));
#7202=FACE_BOUND('',#7203,.T.);
#7203=EDGE_LOOP('',(#9116,#9117,#9118,#9119));
#7204=PLANE('',#7205);
#7205=AXIS2_PLACEMENT_3D('',#7206,#7207,#7208);
#7206=CARTESIAN_POINT('',(-9.4712812921102,-1.34282032302755,17.2));
#7207=DIRECTION('',(-0.353553390593274,-0.612372435695795,0.707106781186546));
#7208=DIRECTION('',(0.866025403784439,-0.5,0.));
#7209=FACE_BOUND('',#7210,.T.);
#7210=EDGE_LOOP('',(#9120,#9121,#9122,#9123));
#7211=PLANE('',#7212);
#7212=AXIS2_PLACEMENT_3D('',#7213,#7214,#7215);
#7213=CARTESIAN_POINT('',(-6.68327044069936,-4.8,17.2));
#7214=DIRECTION('',(0.,-0.707106781186546,0.707106781186549));
#7215=DIRECTION('',(1.,0.,0.));
#7216=FACE_BOUND('',#7217,.T.);
#7217=EDGE_LOOP('',(#9124,#9125,#9126,#9127,#9128,#9129,#9130,#9131));
#7218=PLANE('',#7219);
#7219=AXIS2_PLACEMENT_3D('',#7220,#7221,#7222);
#7220=CARTESIAN_POINT('',(-3.16173140978202,-3.6,-4.));
#7221=DIRECTION('',(0.5,0.866025403784439,-0.));
#7222=DIRECTION('',(-0.866025403784439,0.5,0.));
#7223=FACE_BOUND('',#7224,.T.);
#7224=EDGE_LOOP('',(#9132,#9133,#9134,#9135));
#7225=PLANE('',#7226);
#7226=AXIS2_PLACEMENT_3D('',#7227,#7228,#7229);
#7227=CARTESIAN_POINT('',(-5.5,-2.25,-4.));
#7228=DIRECTION('',(1.,0.,0.));
#7229=DIRECTION('',(0.,1.,0.));
#7230=FACE_BOUND('',#7231,.T.);
#7231=EDGE_LOOP('',(#9136,#9137,#9138,#9139,#9140,#9141,#9142,#9143));
#7232=PLANE('',#7233);
#7233=AXIS2_PLACEMENT_3D('',#7234,#7235,#7236);
#7234=CARTESIAN_POINT('',(-5.5,2.25,-4.));
#7235=DIRECTION('',(0.5,-0.866025403784439,0.));
#7236=DIRECTION('',(0.866025403784439,0.5,0.));
#7237=FACE_BOUND('',#7238,.T.);
#7238=EDGE_LOOP('',(#9144,#9145,#9146,#9147));
#7239=PLANE('',#7240);
#7240=AXIS2_PLACEMENT_3D('',#7241,#7242,#7243);
#7241=CARTESIAN_POINT('',(-1.76173140978202,3.6,10.6));
#7242=DIRECTION('',(0.707106781419586,-0.707106780953508,0.));
#7243=DIRECTION('',(-0.707106780953508,-0.707106781419586,0.));
#7244=FACE_BOUND('',#7245,.T.);
#7245=EDGE_LOOP('',(#9148,#9149,#9150,#9151));
#7246=PLANE('',#7247);
#7247=AXIS2_PLACEMENT_3D('',#7248,#7249,#7250);
#7248=CARTESIAN_POINT('',(0.,0.,8.6));
#7249=DIRECTION('',(-0.,0.,-1.));
#7250=DIRECTION('',(-1.,-0.,0.));
#7251=FACE_BOUND('',#7252,.T.);
#7252=EDGE_LOOP('',(#9152,#9153,#9154,#9155));
#7253=PLANE('',#7254);
#7254=AXIS2_PLACEMENT_3D('',#7255,#7256,#7257);
#7255=CARTESIAN_POINT('',(4.1,2.7,10.6));
#7256=DIRECTION('',(-1.,0.,0.));
#7257=DIRECTION('',(0.,1.,0.));
#7258=FACE_BOUND('',#7259,.T.);
#7259=EDGE_LOOP('',(#9156,#9157,#9158,#9159));
#7260=PLANE('',#7261);
#7261=AXIS2_PLACEMENT_3D('',#7262,#7263,#7264);
#7262=CARTESIAN_POINT('',(0.,0.,10.6));
#7263=DIRECTION('',(-0.,0.,-1.));
#7264=DIRECTION('',(-1.,-0.,0.));
#7265=FACE_BOUND('',#7266,.T.);
#7266=EDGE_LOOP('',(#9160,#9161,#9162,#9163));
#7267=PLANE('',#7268);
#7268=AXIS2_PLACEMENT_3D('',#7269,#7270,#7271);
#7269=CARTESIAN_POINT('',(-1.76173140978202,-3.6,10.6));
#7270=DIRECTION('',(-0.707106781419586,-0.707106780953508,-0.));
#7271=DIRECTION('',(-0.707106780953508,0.707106781419586,0.));
#7272=FACE_BOUND('',#7273,.T.);
#7273=EDGE_LOOP('',(#9164,#9165,#9166,#9167));
#7274=PLANE('',#7275);
#7275=AXIS2_PLACEMENT_3D('',#7276,#7277,#7278);
#7276=CARTESIAN_POINT('',(0.,0.,10.6));
#7277=DIRECTION('',(-0.,0.,1.));
#7278=DIRECTION('',(-1.,0.,0.));
#7279=FACE_BOUND('',#7280,.T.);
#7280=EDGE_LOOP('',(#9168,#9169,#9170,#9171));
#7281=PLANE('',#7282);
#7282=AXIS2_PLACEMENT_3D('',#7283,#7284,#7285);
#7283=CARTESIAN_POINT('',(4.1,-2.7,10.6));
#7284=DIRECTION('',(1.,-0.,-0.));
#7285=DIRECTION('',(0.,-1.,0.));
#7286=FACE_BOUND('',#7287,.T.);
#7287=EDGE_LOOP('',(#9172,#9173,#9174,#9175));
#7288=PLANE('',#7289);
#7289=AXIS2_PLACEMENT_3D('',#7290,#7291,#7292);
#7290=CARTESIAN_POINT('',(0.,0.,8.6));
#7291=DIRECTION('',(-0.,0.,1.));
#7292=DIRECTION('',(-1.,0.,0.));
#7293=FACE_BOUND('',#7294,.T.);
#7294=EDGE_LOOP('',(#9176,#9177,#9178));
#7295=PLANE('',#7296);
#7296=AXIS2_PLACEMENT_3D('',#7297,#7298,#7299);
#7297=CARTESIAN_POINT('',(5.9,-4.,18.));
#7298=DIRECTION('',(0.577350269189625,-0.577350269189625,0.577350269189627));
#7299=DIRECTION('',(-7.85046229341889E-016,-0.707106781186549,-0.707106781186546));
#7300=FACE_BOUND('',#7301,.T.);
#7301=EDGE_LOOP('',(#9179,#9180,#9181));
#7302=PLANE('',#7303);
#7303=AXIS2_PLACEMENT_3D('',#7304,#7305,#7306);
#7304=CARTESIAN_POINT('',(6.7,-4.,-3.2));
#7305=DIRECTION('',(0.577350269189626,-0.577350269189625,-0.577350269189626));
#7306=DIRECTION('',(-0.707106781186547,-0.707106781186548,0.));
#7307=FACE_BOUND('',#7308,.T.);
#7308=EDGE_LOOP('',(#9182,#9183,#9184,#9185));
#7309=PLANE('',#7310);
#7310=AXIS2_PLACEMENT_3D('',#7311,#7312,#7313);
#7311=CARTESIAN_POINT('',(-3.48327044069936,-4.8,-4.));
#7312=DIRECTION('',(0.,-1.,0.));
#7313=DIRECTION('',(1.,0.,0.));
#7314=FACE_BOUND('',#7315,.T.);
#7315=EDGE_LOOP('',(#9186,#9187,#9188,#9189,#9190,#9191));
#7316=PLANE('',#7317);
#7317=AXIS2_PLACEMENT_3D('',#7318,#7319,#7320);
#7318=CARTESIAN_POINT('',(0.,0.,-4.));
#7319=DIRECTION('',(0.,0.,1.));
#7320=DIRECTION('',(1.,0.,0.));
#7321=FACE_BOUND('',#7322,.T.);
#7322=EDGE_LOOP('',(#9192,#9193,#9194));
#7323=PLANE('',#7324);
#7324=AXIS2_PLACEMENT_3D('',#7325,#7326,#7327);
#7325=CARTESIAN_POINT('',(5.9,4.,-4.));
#7326=DIRECTION('',(0.577350269189627,0.577350269189626,-0.577350269189625));
#7327=DIRECTION('',(0.,0.707106781186547,0.707106781186548));
#7328=FACE_BOUND('',#7329,.T.);
#7329=EDGE_LOOP('',(#9195,#9196,#9197));
#7330=PLANE('',#7331);
#7331=AXIS2_PLACEMENT_3D('',#7332,#7333,#7334);
#7332=CARTESIAN_POINT('',(6.7,4.,17.2));
#7333=DIRECTION('',(0.577350269189624,0.577350269189625,0.577350269189628));
#7334=DIRECTION('',(-0.707106781186548,0.707106781186547,0.));
#7335=FACE_BOUND('',#7336,.T.);
#7336=EDGE_LOOP('',(#9198,#9199,#9200,#9201));
#7337=PLANE('',#7338);
#7338=AXIS2_PLACEMENT_3D('',#7339,#7340,#7341);
#7339=CARTESIAN_POINT('',(6.7,4.8,-4.));
#7340=DIRECTION('',(-8.7219368755086E-017,1.,0.));
#7341=DIRECTION('',(-1.,-8.7219368755086E-017,0.));
#7342=FACE_BOUND('',#7343,.T.);
#7343=EDGE_LOOP('',(#9202,#9203,#9204,#9205));
#7344=PLANE('',#7345);
#7345=AXIS2_PLACEMENT_3D('',#7346,#7347,#7348);
#7346=CARTESIAN_POINT('',(-3.48327044069936,4.8,-4.));
#7347=DIRECTION('',(-0.5,0.866025403784439,0.));
#7348=DIRECTION('',(-0.866025403784439,-0.5,0.));
#7349=FACE_BOUND('',#7350,.T.);
#7350=EDGE_LOOP('',(#9206,#9207,#9208,#9209));
#7351=PLANE('',#7352);
#7352=AXIS2_PLACEMENT_3D('',#7353,#7354,#7355);
#7353=CARTESIAN_POINT('',(-6.7,2.94282032302755,-4.));
#7354=DIRECTION('',(-1.,-1.50905988508733E-016,0.));
#7355=DIRECTION('',(1.50905988508733E-016,-1.,0.));
#7356=FACE_BOUND('',#7357,.T.);
#7357=EDGE_LOOP('',(#9210,#9211,#9212,#9213));
#7358=PLANE('',#7359);
#7359=AXIS2_PLACEMENT_3D('',#7360,#7361,#7362);
#7360=CARTESIAN_POINT('',(-6.7,-2.94282032302755,-4.));
#7361=DIRECTION('',(-0.5,-0.866025403784439,0.));
#7362=DIRECTION('',(0.866025403784439,-0.5,0.));
#7363=FACE_BOUND('',#7364,.T.);
#7364=EDGE_LOOP('',(#9214,#9215,#9216,#9217));
#7365=PLANE('',#7366);
#7366=AXIS2_PLACEMENT_3D('',#7367,#7368,#7369);
#7367=CARTESIAN_POINT('',(-2.66173140918879,-2.7,10.6));
#7368=DIRECTION('',(0.,-1.,0.));
#7369=DIRECTION('',(-1.,0.,0.));
#7370=FACE_BOUND('',#7371,.T.);
#7371=EDGE_LOOP('',(#9218,#9219,#9220,#9221));
#7372=PLANE('',#7373);
#7373=AXIS2_PLACEMENT_3D('',#7374,#7375,#7376);
#7374=CARTESIAN_POINT('',(-2.66173140918879,2.7,10.6));
#7375=DIRECTION('',(-0.,-1.,-0.));
#7376=DIRECTION('',(-1.,0.,0.));
#7377=FACE_BOUND('',#7378,.T.);
#7378=EDGE_LOOP('',(#9222,#9223,#9224,#9225));
#7379=PLANE('',#7380);
#7380=AXIS2_PLACEMENT_3D('',#7381,#7382,#7383);
#7381=CARTESIAN_POINT('',(-6.68327044069936,-4.8,-3.2));
#7382=DIRECTION('',(-0.,0.707106781186547,0.707106781186547));
#7383=DIRECTION('',(1.,0.,0.));
#7384=FACE_BOUND('',#7385,.T.);
#7385=EDGE_LOOP('',(#9226,#9227,#9228,#9229));
#7386=PLANE('',#7387);
#7387=AXIS2_PLACEMENT_3D('',#7388,#7389,#7390);
#7388=CARTESIAN_POINT('',(-8.6712812921102,-1.80470053837925,-3.2));
#7389=DIRECTION('',(0.353553390593274,0.612372435695794,0.707106781186548));
#7390=DIRECTION('',(0.866025403784439,-0.5,-3.41673588804593E-017));
#7391=FACE_BOUND('',#7392,.T.);
#7392=EDGE_LOOP('',(#9230,#9231,#9232,#9233));
#7393=PLANE('',#7394);
#7394=AXIS2_PLACEMENT_3D('',#7395,#7396,#7397);
#7395=CARTESIAN_POINT('',(-6.7,6.14282032302755,-3.2));
#7396=DIRECTION('',(0.707106781186548,1.53358787278669E-016,0.707106781186548));
#7397=DIRECTION('',(2.16882076878584E-016,-1.,-2.27016608887159E-032));
#7398=FACE_BOUND('',#7399,.T.);
#7399=EDGE_LOOP('',(#9234,#9235,#9236,#9237));
#7400=PLANE('',#7401);
#7401=AXIS2_PLACEMENT_3D('',#7402,#7403,#7404);
#7402=CARTESIAN_POINT('',(-0.711989148589158,6.4,-3.2));
#7403=DIRECTION('',(0.353553390593273,-0.612372435695794,0.707106781186548));
#7404=DIRECTION('',(-0.866025403784439,-0.5,3.10467999749563E-017));
#7405=FACE_BOUND('',#7406,.T.);
#7406=EDGE_LOOP('',(#9238,#9239,#9240,#9241));
#7407=PLANE('',#7408);
#7408=AXIS2_PLACEMENT_3D('',#7409,#7410,#7411);
#7409=CARTESIAN_POINT('',(9.1,4.8,-3.2));
#7410=DIRECTION('',(3.97913085144907E-017,-0.707106781186548,0.707106781186547));
#7411=DIRECTION('',(-1.,-5.62734081657647E-017,0.));
#7412=ORIENTED_EDGE('',*,*,#9242,.F.);
#7413=ORIENTED_EDGE('',*,*,#9243,.F.);
#7414=ORIENTED_EDGE('',*,*,#9244,.F.);
#7415=ORIENTED_EDGE('',*,*,#9245,.F.);
#7416=ORIENTED_EDGE('',*,*,#9246,.F.);
#7417=ORIENTED_EDGE('',*,*,#9247,.F.);
#7418=ORIENTED_EDGE('',*,*,#9248,.F.);
#7419=ORIENTED_EDGE('',*,*,#9249,.F.);
#7420=ORIENTED_EDGE('',*,*,#9250,.F.);
#7421=ORIENTED_EDGE('',*,*,#9251,.F.);
#7422=ORIENTED_EDGE('',*,*,#9252,.F.);
#7423=ORIENTED_EDGE('',*,*,#9253,.F.);
#7424=ORIENTED_EDGE('',*,*,#9254,.F.);
#7425=ORIENTED_EDGE('',*,*,#9255,.F.);
#7426=ORIENTED_EDGE('',*,*,#9256,.F.);
#7427=ORIENTED_EDGE('',*,*,#9257,.F.);
#7428=ORIENTED_EDGE('',*,*,#9258,.F.);
#7429=ORIENTED_EDGE('',*,*,#9259,.F.);
#7430=ORIENTED_EDGE('',*,*,#9260,.F.);
#7431=ORIENTED_EDGE('',*,*,#9261,.F.);
#7432=ORIENTED_EDGE('',*,*,#9262,.F.);
#7433=ORIENTED_EDGE('',*,*,#9263,.F.);
#7434=ORIENTED_EDGE('',*,*,#9264,.T.);
#7435=ORIENTED_EDGE('',*,*,#9265,.T.);
#7436=ORIENTED_EDGE('',*,*,#9266,.T.);
#7437=ORIENTED_EDGE('',*,*,#9267,.T.);
#7438=ORIENTED_EDGE('',*,*,#9268,.T.);
#7439=ORIENTED_EDGE('',*,*,#9269,.T.);
#7440=ORIENTED_EDGE('',*,*,#9270,.T.);
#7441=ORIENTED_EDGE('',*,*,#9271,.T.);
#7442=ORIENTED_EDGE('',*,*,#9272,.T.);
#7443=ORIENTED_EDGE('',*,*,#9273,.T.);
#7444=ORIENTED_EDGE('',*,*,#9274,.T.);
#7445=ORIENTED_EDGE('',*,*,#9275,.T.);
#7446=ORIENTED_EDGE('',*,*,#9276,.T.);
#7447=ORIENTED_EDGE('',*,*,#9277,.T.);
#7448=ORIENTED_EDGE('',*,*,#9278,.T.);
#7449=ORIENTED_EDGE('',*,*,#9279,.T.);
#7450=ORIENTED_EDGE('',*,*,#9280,.T.);
#7451=ORIENTED_EDGE('',*,*,#9281,.T.);
#7452=ORIENTED_EDGE('',*,*,#9282,.T.);
#7453=ORIENTED_EDGE('',*,*,#9283,.T.);
#7454=ORIENTED_EDGE('',*,*,#9284,.T.);
#7455=ORIENTED_EDGE('',*,*,#9285,.T.);
#7456=ORIENTED_EDGE('',*,*,#9286,.T.);
#7457=ORIENTED_EDGE('',*,*,#9287,.T.);
#7458=ORIENTED_EDGE('',*,*,#9288,.T.);
#7459=ORIENTED_EDGE('',*,*,#9289,.T.);
#7460=ORIENTED_EDGE('',*,*,#9290,.T.);
#7461=ORIENTED_EDGE('',*,*,#9291,.T.);
#7462=ORIENTED_EDGE('',*,*,#9292,.T.);
#7463=ORIENTED_EDGE('',*,*,#9293,.T.);
#7464=ORIENTED_EDGE('',*,*,#9294,.T.);
#7465=ORIENTED_EDGE('',*,*,#9295,.T.);
#7466=ORIENTED_EDGE('',*,*,#9296,.T.);
#7467=ORIENTED_EDGE('',*,*,#9297,.T.);
#7468=ORIENTED_EDGE('',*,*,#9298,.T.);
#7469=ORIENTED_EDGE('',*,*,#9299,.T.);
#7470=ORIENTED_EDGE('',*,*,#9300,.T.);
#7471=ORIENTED_EDGE('',*,*,#9301,.T.);
#7472=ORIENTED_EDGE('',*,*,#9302,.T.);
#7473=ORIENTED_EDGE('',*,*,#9303,.T.);
#7474=ORIENTED_EDGE('',*,*,#9303,.F.);
#7475=ORIENTED_EDGE('',*,*,#9272,.F.);
#7476=ORIENTED_EDGE('',*,*,#9302,.F.);
#7477=ORIENTED_EDGE('',*,*,#9271,.F.);
#7478=ORIENTED_EDGE('',*,*,#9301,.F.);
#7479=ORIENTED_EDGE('',*,*,#9270,.F.);
#7480=ORIENTED_EDGE('',*,*,#9300,.F.);
#7481=ORIENTED_EDGE('',*,*,#9269,.F.);
#7482=ORIENTED_EDGE('',*,*,#9299,.F.);
#7483=ORIENTED_EDGE('',*,*,#9268,.F.);
#7484=ORIENTED_EDGE('',*,*,#9298,.F.);
#7485=ORIENTED_EDGE('',*,*,#9267,.F.);
#7486=ORIENTED_EDGE('',*,*,#9297,.F.);
#7487=ORIENTED_EDGE('',*,*,#9266,.F.);
#7488=ORIENTED_EDGE('',*,*,#9296,.F.);
#7489=ORIENTED_EDGE('',*,*,#9265,.F.);
#7490=ORIENTED_EDGE('',*,*,#9295,.F.);
#7491=ORIENTED_EDGE('',*,*,#9264,.F.);
#7492=ORIENTED_EDGE('',*,*,#9242,.T.);
#7493=ORIENTED_EDGE('',*,*,#9304,.T.);
#7494=ORIENTED_EDGE('',*,*,#9294,.F.);
#7495=ORIENTED_EDGE('',*,*,#9305,.F.);
#7496=ORIENTED_EDGE('',*,*,#9243,.T.);
#7497=ORIENTED_EDGE('',*,*,#9305,.T.);
#7498=ORIENTED_EDGE('',*,*,#9293,.F.);
#7499=ORIENTED_EDGE('',*,*,#9306,.F.);
#7500=ORIENTED_EDGE('',*,*,#9244,.T.);
#7501=ORIENTED_EDGE('',*,*,#9306,.T.);
#7502=ORIENTED_EDGE('',*,*,#9292,.F.);
#7503=ORIENTED_EDGE('',*,*,#9307,.F.);
#7504=ORIENTED_EDGE('',*,*,#9245,.T.);
#7505=ORIENTED_EDGE('',*,*,#9307,.T.);
#7506=ORIENTED_EDGE('',*,*,#9291,.F.);
#7507=ORIENTED_EDGE('',*,*,#9308,.F.);
#7508=ORIENTED_EDGE('',*,*,#9246,.T.);
#7509=ORIENTED_EDGE('',*,*,#9308,.T.);
#7510=ORIENTED_EDGE('',*,*,#9290,.F.);
#7511=ORIENTED_EDGE('',*,*,#9309,.F.);
#7512=ORIENTED_EDGE('',*,*,#9247,.T.);
#7513=ORIENTED_EDGE('',*,*,#9309,.T.);
#7514=ORIENTED_EDGE('',*,*,#9289,.F.);
#7515=ORIENTED_EDGE('',*,*,#9310,.F.);
#7516=ORIENTED_EDGE('',*,*,#9248,.T.);
#7517=ORIENTED_EDGE('',*,*,#9310,.T.);
#7518=ORIENTED_EDGE('',*,*,#9288,.F.);
#7519=ORIENTED_EDGE('',*,*,#9311,.F.);
#7520=ORIENTED_EDGE('',*,*,#9249,.T.);
#7521=ORIENTED_EDGE('',*,*,#9311,.T.);
#7522=ORIENTED_EDGE('',*,*,#9287,.F.);
#7523=ORIENTED_EDGE('',*,*,#9312,.F.);
#7524=ORIENTED_EDGE('',*,*,#9250,.T.);
#7525=ORIENTED_EDGE('',*,*,#9312,.T.);
#7526=ORIENTED_EDGE('',*,*,#9286,.F.);
#7527=ORIENTED_EDGE('',*,*,#9313,.F.);
#7528=ORIENTED_EDGE('',*,*,#9251,.T.);
#7529=ORIENTED_EDGE('',*,*,#9313,.T.);
#7530=ORIENTED_EDGE('',*,*,#9285,.F.);
#7531=ORIENTED_EDGE('',*,*,#9314,.F.);
#7532=ORIENTED_EDGE('',*,*,#9252,.T.);
#7533=ORIENTED_EDGE('',*,*,#9314,.T.);
#7534=ORIENTED_EDGE('',*,*,#9284,.F.);
#7535=ORIENTED_EDGE('',*,*,#9315,.F.);
#7536=ORIENTED_EDGE('',*,*,#9253,.T.);
#7537=ORIENTED_EDGE('',*,*,#9315,.T.);
#7538=ORIENTED_EDGE('',*,*,#9283,.F.);
#7539=ORIENTED_EDGE('',*,*,#9316,.F.);
#7540=ORIENTED_EDGE('',*,*,#9254,.T.);
#7541=ORIENTED_EDGE('',*,*,#9316,.T.);
#7542=ORIENTED_EDGE('',*,*,#9282,.F.);
#7543=ORIENTED_EDGE('',*,*,#9317,.F.);
#7544=ORIENTED_EDGE('',*,*,#9255,.T.);
#7545=ORIENTED_EDGE('',*,*,#9317,.T.);
#7546=ORIENTED_EDGE('',*,*,#9281,.F.);
#7547=ORIENTED_EDGE('',*,*,#9318,.F.);
#7548=ORIENTED_EDGE('',*,*,#9256,.T.);
#7549=ORIENTED_EDGE('',*,*,#9318,.T.);
#7550=ORIENTED_EDGE('',*,*,#9280,.F.);
#7551=ORIENTED_EDGE('',*,*,#9319,.F.);
#7552=ORIENTED_EDGE('',*,*,#9257,.T.);
#7553=ORIENTED_EDGE('',*,*,#9319,.T.);
#7554=ORIENTED_EDGE('',*,*,#9279,.F.);
#7555=ORIENTED_EDGE('',*,*,#9320,.F.);
#7556=ORIENTED_EDGE('',*,*,#9258,.T.);
#7557=ORIENTED_EDGE('',*,*,#9320,.T.);
#7558=ORIENTED_EDGE('',*,*,#9278,.F.);
#7559=ORIENTED_EDGE('',*,*,#9321,.F.);
#7560=ORIENTED_EDGE('',*,*,#9259,.T.);
#7561=ORIENTED_EDGE('',*,*,#9321,.T.);
#7562=ORIENTED_EDGE('',*,*,#9277,.F.);
#7563=ORIENTED_EDGE('',*,*,#9322,.F.);
#7564=ORIENTED_EDGE('',*,*,#9260,.T.);
#7565=ORIENTED_EDGE('',*,*,#9322,.T.);
#7566=ORIENTED_EDGE('',*,*,#9276,.F.);
#7567=ORIENTED_EDGE('',*,*,#9323,.F.);
#7568=ORIENTED_EDGE('',*,*,#9261,.T.);
#7569=ORIENTED_EDGE('',*,*,#9323,.T.);
#7570=ORIENTED_EDGE('',*,*,#9275,.F.);
#7571=ORIENTED_EDGE('',*,*,#9324,.F.);
#7572=ORIENTED_EDGE('',*,*,#9262,.T.);
#7573=ORIENTED_EDGE('',*,*,#9324,.T.);
#7574=ORIENTED_EDGE('',*,*,#9274,.F.);
#7575=ORIENTED_EDGE('',*,*,#9325,.F.);
#7576=ORIENTED_EDGE('',*,*,#9263,.T.);
#7577=ORIENTED_EDGE('',*,*,#9325,.T.);
#7578=ORIENTED_EDGE('',*,*,#9273,.F.);
#7579=ORIENTED_EDGE('',*,*,#9304,.F.);
#7580=ORIENTED_EDGE('',*,*,#9326,.F.);
#7581=ORIENTED_EDGE('',*,*,#9327,.F.);
#7582=ORIENTED_EDGE('',*,*,#9328,.F.);
#7583=ORIENTED_EDGE('',*,*,#9329,.F.);
#7584=ORIENTED_EDGE('',*,*,#9330,.F.);
#7585=ORIENTED_EDGE('',*,*,#9331,.F.);
#7586=ORIENTED_EDGE('',*,*,#9332,.F.);
#7587=ORIENTED_EDGE('',*,*,#9333,.F.);
#7588=ORIENTED_EDGE('',*,*,#9334,.F.);
#7589=ORIENTED_EDGE('',*,*,#9335,.F.);
#7590=ORIENTED_EDGE('',*,*,#9336,.T.);
#7591=ORIENTED_EDGE('',*,*,#9337,.T.);
#7592=ORIENTED_EDGE('',*,*,#9338,.T.);
#7593=ORIENTED_EDGE('',*,*,#9339,.T.);
#7594=ORIENTED_EDGE('',*,*,#9340,.T.);
#7595=ORIENTED_EDGE('',*,*,#9341,.T.);
#7596=ORIENTED_EDGE('',*,*,#9342,.T.);
#7597=ORIENTED_EDGE('',*,*,#9343,.T.);
#7598=ORIENTED_EDGE('',*,*,#9344,.T.);
#7599=ORIENTED_EDGE('',*,*,#9345,.T.);
#7600=ORIENTED_EDGE('',*,*,#9346,.T.);
#7601=ORIENTED_EDGE('',*,*,#9347,.T.);
#7602=ORIENTED_EDGE('',*,*,#9348,.T.);
#7603=ORIENTED_EDGE('',*,*,#9349,.T.);
#7604=ORIENTED_EDGE('',*,*,#9350,.T.);
#7605=ORIENTED_EDGE('',*,*,#9351,.T.);
#7606=ORIENTED_EDGE('',*,*,#9352,.T.);
#7607=ORIENTED_EDGE('',*,*,#9353,.T.);
#7608=ORIENTED_EDGE('',*,*,#9354,.T.);
#7609=ORIENTED_EDGE('',*,*,#9355,.T.);
#7610=ORIENTED_EDGE('',*,*,#9356,.T.);
#7611=ORIENTED_EDGE('',*,*,#9357,.T.);
#7612=ORIENTED_EDGE('',*,*,#9358,.T.);
#7613=ORIENTED_EDGE('',*,*,#9359,.T.);
#7614=ORIENTED_EDGE('',*,*,#9360,.T.);
#7615=ORIENTED_EDGE('',*,*,#9361,.T.);
#7616=ORIENTED_EDGE('',*,*,#9362,.T.);
#7617=ORIENTED_EDGE('',*,*,#9363,.T.);
#7618=ORIENTED_EDGE('',*,*,#9363,.F.);
#7619=ORIENTED_EDGE('',*,*,#9344,.F.);
#7620=ORIENTED_EDGE('',*,*,#9362,.F.);
#7621=ORIENTED_EDGE('',*,*,#9343,.F.);
#7622=ORIENTED_EDGE('',*,*,#9361,.F.);
#7623=ORIENTED_EDGE('',*,*,#9342,.F.);
#7624=ORIENTED_EDGE('',*,*,#9360,.F.);
#7625=ORIENTED_EDGE('',*,*,#9341,.F.);
#7626=ORIENTED_EDGE('',*,*,#9359,.F.);
#7627=ORIENTED_EDGE('',*,*,#9340,.F.);
#7628=ORIENTED_EDGE('',*,*,#9358,.F.);
#7629=ORIENTED_EDGE('',*,*,#9339,.F.);
#7630=ORIENTED_EDGE('',*,*,#9357,.F.);
#7631=ORIENTED_EDGE('',*,*,#9338,.F.);
#7632=ORIENTED_EDGE('',*,*,#9356,.F.);
#7633=ORIENTED_EDGE('',*,*,#9337,.F.);
#7634=ORIENTED_EDGE('',*,*,#9355,.F.);
#7635=ORIENTED_EDGE('',*,*,#9336,.F.);
#7636=ORIENTED_EDGE('',*,*,#9326,.T.);
#7637=ORIENTED_EDGE('',*,*,#9364,.T.);
#7638=ORIENTED_EDGE('',*,*,#9354,.F.);
#7639=ORIENTED_EDGE('',*,*,#9365,.F.);
#7640=ORIENTED_EDGE('',*,*,#9327,.T.);
#7641=ORIENTED_EDGE('',*,*,#9365,.T.);
#7642=ORIENTED_EDGE('',*,*,#9353,.F.);
#7643=ORIENTED_EDGE('',*,*,#9366,.F.);
#7644=ORIENTED_EDGE('',*,*,#9328,.T.);
#7645=ORIENTED_EDGE('',*,*,#9366,.T.);
#7646=ORIENTED_EDGE('',*,*,#9352,.F.);
#7647=ORIENTED_EDGE('',*,*,#9367,.F.);
#7648=ORIENTED_EDGE('',*,*,#9329,.T.);
#7649=ORIENTED_EDGE('',*,*,#9367,.T.);
#7650=ORIENTED_EDGE('',*,*,#9351,.F.);
#7651=ORIENTED_EDGE('',*,*,#9368,.F.);
#7652=ORIENTED_EDGE('',*,*,#9330,.T.);
#7653=ORIENTED_EDGE('',*,*,#9368,.T.);
#7654=ORIENTED_EDGE('',*,*,#9350,.F.);
#7655=ORIENTED_EDGE('',*,*,#9369,.F.);
#7656=ORIENTED_EDGE('',*,*,#9331,.T.);
#7657=ORIENTED_EDGE('',*,*,#9369,.T.);
#7658=ORIENTED_EDGE('',*,*,#9349,.F.);
#7659=ORIENTED_EDGE('',*,*,#9370,.F.);
#7660=ORIENTED_EDGE('',*,*,#9332,.T.);
#7661=ORIENTED_EDGE('',*,*,#9370,.T.);
#7662=ORIENTED_EDGE('',*,*,#9348,.F.);
#7663=ORIENTED_EDGE('',*,*,#9371,.F.);
#7664=ORIENTED_EDGE('',*,*,#9333,.T.);
#7665=ORIENTED_EDGE('',*,*,#9371,.T.);
#7666=ORIENTED_EDGE('',*,*,#9347,.F.);
#7667=ORIENTED_EDGE('',*,*,#9372,.F.);
#7668=ORIENTED_EDGE('',*,*,#9334,.T.);
#7669=ORIENTED_EDGE('',*,*,#9372,.T.);
#7670=ORIENTED_EDGE('',*,*,#9346,.F.);
#7671=ORIENTED_EDGE('',*,*,#9373,.F.);
#7672=ORIENTED_EDGE('',*,*,#9335,.T.);
#7673=ORIENTED_EDGE('',*,*,#9373,.T.);
#7674=ORIENTED_EDGE('',*,*,#9345,.F.);
#7675=ORIENTED_EDGE('',*,*,#9364,.F.);
#7676=ORIENTED_EDGE('',*,*,#9374,.F.);
#7677=ORIENTED_EDGE('',*,*,#9375,.T.);
#7678=ORIENTED_EDGE('',*,*,#9374,.T.);
#7679=ORIENTED_EDGE('',*,*,#9376,.F.);
#7680=ORIENTED_EDGE('',*,*,#9375,.F.);
#7681=ORIENTED_EDGE('',*,*,#9377,.T.);
#7682=ORIENTED_EDGE('',*,*,#9376,.T.);
#7683=ORIENTED_EDGE('',*,*,#9377,.F.);
#7684=ORIENTED_EDGE('',*,*,#9378,.F.);
#7685=ORIENTED_EDGE('',*,*,#9379,.T.);
#7686=ORIENTED_EDGE('',*,*,#9378,.T.);
#7687=ORIENTED_EDGE('',*,*,#9380,.F.);
#7688=ORIENTED_EDGE('',*,*,#9379,.F.);
#7689=ORIENTED_EDGE('',*,*,#9381,.T.);
#7690=ORIENTED_EDGE('',*,*,#9380,.T.);
#7691=ORIENTED_EDGE('',*,*,#9381,.F.);
#7692=ORIENTED_EDGE('',*,*,#9382,.F.);
#7693=ORIENTED_EDGE('',*,*,#9383,.T.);
#7694=ORIENTED_EDGE('',*,*,#9384,.T.);
#7695=ORIENTED_EDGE('',*,*,#9385,.F.);
#7696=ORIENTED_EDGE('',*,*,#9383,.F.);
#7697=ORIENTED_EDGE('',*,*,#9385,.T.);
#7698=ORIENTED_EDGE('',*,*,#9382,.T.);
#7699=ORIENTED_EDGE('',*,*,#9384,.F.);
#7700=ORIENTED_EDGE('',*,*,#9386,.F.);
#7701=ORIENTED_EDGE('',*,*,#9387,.T.);
#7702=ORIENTED_EDGE('',*,*,#9388,.T.);
#7703=ORIENTED_EDGE('',*,*,#9389,.T.);
#7704=ORIENTED_EDGE('',*,*,#9390,.T.);
#7705=ORIENTED_EDGE('',*,*,#9391,.T.);
#7706=ORIENTED_EDGE('',*,*,#9392,.T.);
#7707=ORIENTED_EDGE('',*,*,#9393,.T.);
#7708=ORIENTED_EDGE('',*,*,#9394,.T.);
#7709=ORIENTED_EDGE('',*,*,#9395,.T.);
#7710=ORIENTED_EDGE('',*,*,#9396,.T.);
#7711=ORIENTED_EDGE('',*,*,#9397,.T.);
#7712=ORIENTED_EDGE('',*,*,#9398,.T.);
#7713=ORIENTED_EDGE('',*,*,#9399,.F.);
#7714=ORIENTED_EDGE('',*,*,#9386,.T.);
#7715=ORIENTED_EDGE('',*,*,#9400,.T.);
#7716=ORIENTED_EDGE('',*,*,#9401,.F.);
#7717=ORIENTED_EDGE('',*,*,#9387,.F.);
#7718=ORIENTED_EDGE('',*,*,#9402,.F.);
#7719=ORIENTED_EDGE('',*,*,#9403,.T.);
#7720=ORIENTED_EDGE('',*,*,#9388,.F.);
#7721=ORIENTED_EDGE('',*,*,#9401,.T.);
#7722=ORIENTED_EDGE('',*,*,#9389,.F.);
#7723=ORIENTED_EDGE('',*,*,#9403,.F.);
#7724=ORIENTED_EDGE('',*,*,#9400,.F.);
#7725=ORIENTED_EDGE('',*,*,#9404,.F.);
#7726=ORIENTED_EDGE('',*,*,#9390,.F.);
#7727=ORIENTED_EDGE('',*,*,#9404,.T.);
#7728=ORIENTED_EDGE('',*,*,#9405,.F.);
#7729=ORIENTED_EDGE('',*,*,#9406,.F.);
#7730=ORIENTED_EDGE('',*,*,#9406,.T.);
#7731=ORIENTED_EDGE('',*,*,#9407,.T.);
#7732=ORIENTED_EDGE('',*,*,#9391,.F.);
#7733=ORIENTED_EDGE('',*,*,#9405,.T.);
#7734=ORIENTED_EDGE('',*,*,#9408,.F.);
#7735=ORIENTED_EDGE('',*,*,#9392,.F.);
#7736=ORIENTED_EDGE('',*,*,#9407,.F.);
#7737=ORIENTED_EDGE('',*,*,#9409,.T.);
#7738=ORIENTED_EDGE('',*,*,#9410,.F.);
#7739=ORIENTED_EDGE('',*,*,#9393,.F.);
#7740=ORIENTED_EDGE('',*,*,#9408,.T.);
#7741=ORIENTED_EDGE('',*,*,#9411,.T.);
#7742=ORIENTED_EDGE('',*,*,#9394,.F.);
#7743=ORIENTED_EDGE('',*,*,#9410,.T.);
#7744=ORIENTED_EDGE('',*,*,#9395,.F.);
#7745=ORIENTED_EDGE('',*,*,#9411,.F.);
#7746=ORIENTED_EDGE('',*,*,#9409,.F.);
#7747=ORIENTED_EDGE('',*,*,#9412,.T.);
#7748=ORIENTED_EDGE('',*,*,#9396,.F.);
#7749=ORIENTED_EDGE('',*,*,#9412,.F.);
#7750=ORIENTED_EDGE('',*,*,#9413,.F.);
#7751=ORIENTED_EDGE('',*,*,#9414,.F.);
#7752=ORIENTED_EDGE('',*,*,#9414,.T.);
#7753=ORIENTED_EDGE('',*,*,#9415,.T.);
#7754=ORIENTED_EDGE('',*,*,#9397,.F.);
#7755=ORIENTED_EDGE('',*,*,#9413,.T.);
#7756=ORIENTED_EDGE('',*,*,#9402,.T.);
#7757=ORIENTED_EDGE('',*,*,#9398,.F.);
#7758=ORIENTED_EDGE('',*,*,#9415,.F.);
#7759=ORIENTED_EDGE('',*,*,#9416,.F.);
#7760=ORIENTED_EDGE('',*,*,#9417,.T.);
#7761=ORIENTED_EDGE('',*,*,#9418,.T.);
#7762=ORIENTED_EDGE('',*,*,#9416,.T.);
#7763=ORIENTED_EDGE('',*,*,#9418,.F.);
#7764=ORIENTED_EDGE('',*,*,#9417,.F.);
#7765=ORIENTED_EDGE('',*,*,#9399,.T.);
#7766=ORIENTED_EDGE('',*,*,#9419,.F.);
#7767=ORIENTED_EDGE('',*,*,#9420,.T.);
#7768=ORIENTED_EDGE('',*,*,#9421,.T.);
#7769=ORIENTED_EDGE('',*,*,#9422,.T.);
#7770=ORIENTED_EDGE('',*,*,#9423,.T.);
#7771=ORIENTED_EDGE('',*,*,#9424,.T.);
#7772=ORIENTED_EDGE('',*,*,#9425,.T.);
#7773=ORIENTED_EDGE('',*,*,#9426,.T.);
#7774=ORIENTED_EDGE('',*,*,#9427,.T.);
#7775=ORIENTED_EDGE('',*,*,#9428,.T.);
#7776=ORIENTED_EDGE('',*,*,#9429,.T.);
#7777=ORIENTED_EDGE('',*,*,#9430,.T.);
#7778=ORIENTED_EDGE('',*,*,#9431,.T.);
#7779=ORIENTED_EDGE('',*,*,#9432,.F.);
#7780=ORIENTED_EDGE('',*,*,#9419,.T.);
#7781=ORIENTED_EDGE('',*,*,#9433,.T.);
#7782=ORIENTED_EDGE('',*,*,#9434,.F.);
#7783=ORIENTED_EDGE('',*,*,#9420,.F.);
#7784=ORIENTED_EDGE('',*,*,#9435,.F.);
#7785=ORIENTED_EDGE('',*,*,#9436,.T.);
#7786=ORIENTED_EDGE('',*,*,#9421,.F.);
#7787=ORIENTED_EDGE('',*,*,#9434,.T.);
#7788=ORIENTED_EDGE('',*,*,#9422,.F.);
#7789=ORIENTED_EDGE('',*,*,#9436,.F.);
#7790=ORIENTED_EDGE('',*,*,#9433,.F.);
#7791=ORIENTED_EDGE('',*,*,#9437,.F.);
#7792=ORIENTED_EDGE('',*,*,#9423,.F.);
#7793=ORIENTED_EDGE('',*,*,#9437,.T.);
#7794=ORIENTED_EDGE('',*,*,#9438,.F.);
#7795=ORIENTED_EDGE('',*,*,#9439,.F.);
#7796=ORIENTED_EDGE('',*,*,#9439,.T.);
#7797=ORIENTED_EDGE('',*,*,#9440,.T.);
#7798=ORIENTED_EDGE('',*,*,#9424,.F.);
#7799=ORIENTED_EDGE('',*,*,#9438,.T.);
#7800=ORIENTED_EDGE('',*,*,#9441,.F.);
#7801=ORIENTED_EDGE('',*,*,#9425,.F.);
#7802=ORIENTED_EDGE('',*,*,#9440,.F.);
#7803=ORIENTED_EDGE('',*,*,#9442,.T.);
#7804=ORIENTED_EDGE('',*,*,#9443,.F.);
#7805=ORIENTED_EDGE('',*,*,#9426,.F.);
#7806=ORIENTED_EDGE('',*,*,#9441,.T.);
#7807=ORIENTED_EDGE('',*,*,#9444,.T.);
#7808=ORIENTED_EDGE('',*,*,#9427,.F.);
#7809=ORIENTED_EDGE('',*,*,#9443,.T.);
#7810=ORIENTED_EDGE('',*,*,#9428,.F.);
#7811=ORIENTED_EDGE('',*,*,#9444,.F.);
#7812=ORIENTED_EDGE('',*,*,#9442,.F.);
#7813=ORIENTED_EDGE('',*,*,#9445,.T.);
#7814=ORIENTED_EDGE('',*,*,#9429,.F.);
#7815=ORIENTED_EDGE('',*,*,#9445,.F.);
#7816=ORIENTED_EDGE('',*,*,#9446,.F.);
#7817=ORIENTED_EDGE('',*,*,#9447,.F.);
#7818=ORIENTED_EDGE('',*,*,#9447,.T.);
#7819=ORIENTED_EDGE('',*,*,#9448,.T.);
#7820=ORIENTED_EDGE('',*,*,#9430,.F.);
#7821=ORIENTED_EDGE('',*,*,#9446,.T.);
#7822=ORIENTED_EDGE('',*,*,#9435,.T.);
#7823=ORIENTED_EDGE('',*,*,#9431,.F.);
#7824=ORIENTED_EDGE('',*,*,#9448,.F.);
#7825=ORIENTED_EDGE('',*,*,#9449,.F.);
#7826=ORIENTED_EDGE('',*,*,#9432,.T.);
#7827=ORIENTED_EDGE('',*,*,#9450,.F.);
#7828=ORIENTED_EDGE('',*,*,#9449,.T.);
#7829=ORIENTED_EDGE('',*,*,#9450,.T.);
#7830=ORIENTED_EDGE('',*,*,#9451,.F.);
#7831=ORIENTED_EDGE('',*,*,#9451,.T.);
#7832=ORIENTED_EDGE('',*,*,#9452,.F.);
#7833=ORIENTED_EDGE('',*,*,#9453,.T.);
#7834=ORIENTED_EDGE('',*,*,#9454,.T.);
#7835=ORIENTED_EDGE('',*,*,#9455,.T.);
#7836=ORIENTED_EDGE('',*,*,#9456,.T.);
#7837=ORIENTED_EDGE('',*,*,#9457,.T.);
#7838=ORIENTED_EDGE('',*,*,#9458,.T.);
#7839=ORIENTED_EDGE('',*,*,#9459,.T.);
#7840=ORIENTED_EDGE('',*,*,#9460,.T.);
#7841=ORIENTED_EDGE('',*,*,#9461,.T.);
#7842=ORIENTED_EDGE('',*,*,#9462,.T.);
#7843=ORIENTED_EDGE('',*,*,#9463,.T.);
#7844=ORIENTED_EDGE('',*,*,#9464,.T.);
#7845=ORIENTED_EDGE('',*,*,#9465,.F.);
#7846=ORIENTED_EDGE('',*,*,#9452,.T.);
#7847=ORIENTED_EDGE('',*,*,#9466,.T.);
#7848=ORIENTED_EDGE('',*,*,#9467,.F.);
#7849=ORIENTED_EDGE('',*,*,#9453,.F.);
#7850=ORIENTED_EDGE('',*,*,#9468,.F.);
#7851=ORIENTED_EDGE('',*,*,#9469,.T.);
#7852=ORIENTED_EDGE('',*,*,#9454,.F.);
#7853=ORIENTED_EDGE('',*,*,#9467,.T.);
#7854=ORIENTED_EDGE('',*,*,#9469,.F.);
#7855=ORIENTED_EDGE('',*,*,#9466,.F.);
#7856=ORIENTED_EDGE('',*,*,#9470,.F.);
#7857=ORIENTED_EDGE('',*,*,#9455,.F.);
#7858=ORIENTED_EDGE('',*,*,#9471,.F.);
#7859=ORIENTED_EDGE('',*,*,#9456,.F.);
#7860=ORIENTED_EDGE('',*,*,#9470,.T.);
#7861=ORIENTED_EDGE('',*,*,#9472,.F.);
#7862=ORIENTED_EDGE('',*,*,#9471,.T.);
#7863=ORIENTED_EDGE('',*,*,#9473,.T.);
#7864=ORIENTED_EDGE('',*,*,#9457,.F.);
#7865=ORIENTED_EDGE('',*,*,#9472,.T.);
#7866=ORIENTED_EDGE('',*,*,#9474,.F.);
#7867=ORIENTED_EDGE('',*,*,#9458,.F.);
#7868=ORIENTED_EDGE('',*,*,#9473,.F.);
#7869=ORIENTED_EDGE('',*,*,#9475,.T.);
#7870=ORIENTED_EDGE('',*,*,#9476,.F.);
#7871=ORIENTED_EDGE('',*,*,#9459,.F.);
#7872=ORIENTED_EDGE('',*,*,#9474,.T.);
#7873=ORIENTED_EDGE('',*,*,#9477,.T.);
#7874=ORIENTED_EDGE('',*,*,#9460,.F.);
#7875=ORIENTED_EDGE('',*,*,#9476,.T.);
#7876=ORIENTED_EDGE('',*,*,#9477,.F.);
#7877=ORIENTED_EDGE('',*,*,#9475,.F.);
#7878=ORIENTED_EDGE('',*,*,#9478,.T.);
#7879=ORIENTED_EDGE('',*,*,#9461,.F.);
#7880=ORIENTED_EDGE('',*,*,#9479,.F.);
#7881=ORIENTED_EDGE('',*,*,#9462,.F.);
#7882=ORIENTED_EDGE('',*,*,#9478,.F.);
#7883=ORIENTED_EDGE('',*,*,#9480,.F.);
#7884=ORIENTED_EDGE('',*,*,#9479,.T.);
#7885=ORIENTED_EDGE('',*,*,#9481,.T.);
#7886=ORIENTED_EDGE('',*,*,#9463,.F.);
#7887=ORIENTED_EDGE('',*,*,#9480,.T.);
#7888=ORIENTED_EDGE('',*,*,#9468,.T.);
#7889=ORIENTED_EDGE('',*,*,#9464,.F.);
#7890=ORIENTED_EDGE('',*,*,#9481,.F.);
#7891=ORIENTED_EDGE('',*,*,#9482,.F.);
#7892=ORIENTED_EDGE('',*,*,#9465,.T.);
#7893=ORIENTED_EDGE('',*,*,#9483,.F.);
#7894=ORIENTED_EDGE('',*,*,#9482,.T.);
#7895=ORIENTED_EDGE('',*,*,#9483,.T.);
#7896=ORIENTED_EDGE('',*,*,#9484,.F.);
#7897=ORIENTED_EDGE('',*,*,#9484,.T.);
#7898=ORIENTED_EDGE('',*,*,#9485,.F.);
#7899=ORIENTED_EDGE('',*,*,#9486,.T.);
#7900=ORIENTED_EDGE('',*,*,#9487,.T.);
#7901=ORIENTED_EDGE('',*,*,#9488,.T.);
#7902=ORIENTED_EDGE('',*,*,#9489,.T.);
#7903=ORIENTED_EDGE('',*,*,#9490,.T.);
#7904=ORIENTED_EDGE('',*,*,#9491,.T.);
#7905=ORIENTED_EDGE('',*,*,#9492,.T.);
#7906=ORIENTED_EDGE('',*,*,#9493,.T.);
#7907=ORIENTED_EDGE('',*,*,#9494,.T.);
#7908=ORIENTED_EDGE('',*,*,#9495,.T.);
#7909=ORIENTED_EDGE('',*,*,#9496,.T.);
#7910=ORIENTED_EDGE('',*,*,#9497,.T.);
#7911=ORIENTED_EDGE('',*,*,#9498,.F.);
#7912=ORIENTED_EDGE('',*,*,#9485,.T.);
#7913=ORIENTED_EDGE('',*,*,#9499,.T.);
#7914=ORIENTED_EDGE('',*,*,#9500,.F.);
#7915=ORIENTED_EDGE('',*,*,#9486,.F.);
#7916=ORIENTED_EDGE('',*,*,#9501,.F.);
#7917=ORIENTED_EDGE('',*,*,#9502,.T.);
#7918=ORIENTED_EDGE('',*,*,#9487,.F.);
#7919=ORIENTED_EDGE('',*,*,#9500,.T.);
#7920=ORIENTED_EDGE('',*,*,#9502,.F.);
#7921=ORIENTED_EDGE('',*,*,#9499,.F.);
#7922=ORIENTED_EDGE('',*,*,#9503,.F.);
#7923=ORIENTED_EDGE('',*,*,#9488,.F.);
#7924=ORIENTED_EDGE('',*,*,#9504,.F.);
#7925=ORIENTED_EDGE('',*,*,#9489,.F.);
#7926=ORIENTED_EDGE('',*,*,#9503,.T.);
#7927=ORIENTED_EDGE('',*,*,#9505,.F.);
#7928=ORIENTED_EDGE('',*,*,#9504,.T.);
#7929=ORIENTED_EDGE('',*,*,#9506,.T.);
#7930=ORIENTED_EDGE('',*,*,#9490,.F.);
#7931=ORIENTED_EDGE('',*,*,#9505,.T.);
#7932=ORIENTED_EDGE('',*,*,#9507,.F.);
#7933=ORIENTED_EDGE('',*,*,#9491,.F.);
#7934=ORIENTED_EDGE('',*,*,#9506,.F.);
#7935=ORIENTED_EDGE('',*,*,#9508,.T.);
#7936=ORIENTED_EDGE('',*,*,#9509,.F.);
#7937=ORIENTED_EDGE('',*,*,#9492,.F.);
#7938=ORIENTED_EDGE('',*,*,#9507,.T.);
#7939=ORIENTED_EDGE('',*,*,#9510,.T.);
#7940=ORIENTED_EDGE('',*,*,#9493,.F.);
#7941=ORIENTED_EDGE('',*,*,#9509,.T.);
#7942=ORIENTED_EDGE('',*,*,#9494,.F.);
#7943=ORIENTED_EDGE('',*,*,#9510,.F.);
#7944=ORIENTED_EDGE('',*,*,#9508,.F.);
#7945=ORIENTED_EDGE('',*,*,#9511,.T.);
#7946=ORIENTED_EDGE('',*,*,#9495,.F.);
#7947=ORIENTED_EDGE('',*,*,#9511,.F.);
#7948=ORIENTED_EDGE('',*,*,#9512,.F.);
#7949=ORIENTED_EDGE('',*,*,#9513,.F.);
#7950=ORIENTED_EDGE('',*,*,#9513,.T.);
#7951=ORIENTED_EDGE('',*,*,#9514,.T.);
#7952=ORIENTED_EDGE('',*,*,#9496,.F.);
#7953=ORIENTED_EDGE('',*,*,#9512,.T.);
#7954=ORIENTED_EDGE('',*,*,#9501,.T.);
#7955=ORIENTED_EDGE('',*,*,#9497,.F.);
#7956=ORIENTED_EDGE('',*,*,#9514,.F.);
#7957=ORIENTED_EDGE('',*,*,#9515,.F.);
#7958=ORIENTED_EDGE('',*,*,#9498,.T.);
#7959=ORIENTED_EDGE('',*,*,#9516,.F.);
#7960=ORIENTED_EDGE('',*,*,#9515,.T.);
#7961=ORIENTED_EDGE('',*,*,#9516,.T.);
#7962=ORIENTED_EDGE('',*,*,#9517,.F.);
#7963=ORIENTED_EDGE('',*,*,#9517,.T.);
#7964=ORIENTED_EDGE('',*,*,#9518,.F.);
#7965=ORIENTED_EDGE('',*,*,#9519,.T.);
#7966=ORIENTED_EDGE('',*,*,#9520,.T.);
#7967=ORIENTED_EDGE('',*,*,#9521,.T.);
#7968=ORIENTED_EDGE('',*,*,#9522,.T.);
#7969=ORIENTED_EDGE('',*,*,#9523,.T.);
#7970=ORIENTED_EDGE('',*,*,#9524,.T.);
#7971=ORIENTED_EDGE('',*,*,#9525,.T.);
#7972=ORIENTED_EDGE('',*,*,#9526,.T.);
#7973=ORIENTED_EDGE('',*,*,#9527,.T.);
#7974=ORIENTED_EDGE('',*,*,#9528,.T.);
#7975=ORIENTED_EDGE('',*,*,#9529,.T.);
#7976=ORIENTED_EDGE('',*,*,#9530,.T.);
#7977=ORIENTED_EDGE('',*,*,#9531,.F.);
#7978=ORIENTED_EDGE('',*,*,#9518,.T.);
#7979=ORIENTED_EDGE('',*,*,#9532,.T.);
#7980=ORIENTED_EDGE('',*,*,#9533,.F.);
#7981=ORIENTED_EDGE('',*,*,#9519,.F.);
#7982=ORIENTED_EDGE('',*,*,#9534,.F.);
#7983=ORIENTED_EDGE('',*,*,#9535,.T.);
#7984=ORIENTED_EDGE('',*,*,#9520,.F.);
#7985=ORIENTED_EDGE('',*,*,#9533,.T.);
#7986=ORIENTED_EDGE('',*,*,#9535,.F.);
#7987=ORIENTED_EDGE('',*,*,#9532,.F.);
#7988=ORIENTED_EDGE('',*,*,#9536,.F.);
#7989=ORIENTED_EDGE('',*,*,#9521,.F.);
#7990=ORIENTED_EDGE('',*,*,#9537,.F.);
#7991=ORIENTED_EDGE('',*,*,#9522,.F.);
#7992=ORIENTED_EDGE('',*,*,#9536,.T.);
#7993=ORIENTED_EDGE('',*,*,#9538,.F.);
#7994=ORIENTED_EDGE('',*,*,#9537,.T.);
#7995=ORIENTED_EDGE('',*,*,#9539,.T.);
#7996=ORIENTED_EDGE('',*,*,#9523,.F.);
#7997=ORIENTED_EDGE('',*,*,#9538,.T.);
#7998=ORIENTED_EDGE('',*,*,#9540,.F.);
#7999=ORIENTED_EDGE('',*,*,#9524,.F.);
#8000=ORIENTED_EDGE('',*,*,#9539,.F.);
#8001=ORIENTED_EDGE('',*,*,#9541,.T.);
#8002=ORIENTED_EDGE('',*,*,#9542,.F.);
#8003=ORIENTED_EDGE('',*,*,#9525,.F.);
#8004=ORIENTED_EDGE('',*,*,#9540,.T.);
#8005=ORIENTED_EDGE('',*,*,#9543,.T.);
#8006=ORIENTED_EDGE('',*,*,#9526,.F.);
#8007=ORIENTED_EDGE('',*,*,#9542,.T.);
#8008=ORIENTED_EDGE('',*,*,#9527,.F.);
#8009=ORIENTED_EDGE('',*,*,#9543,.F.);
#8010=ORIENTED_EDGE('',*,*,#9541,.F.);
#8011=ORIENTED_EDGE('',*,*,#9544,.T.);
#8012=ORIENTED_EDGE('',*,*,#9528,.F.);
#8013=ORIENTED_EDGE('',*,*,#9544,.F.);
#8014=ORIENTED_EDGE('',*,*,#9545,.F.);
#8015=ORIENTED_EDGE('',*,*,#9546,.F.);
#8016=ORIENTED_EDGE('',*,*,#9546,.T.);
#8017=ORIENTED_EDGE('',*,*,#9547,.T.);
#8018=ORIENTED_EDGE('',*,*,#9529,.F.);
#8019=ORIENTED_EDGE('',*,*,#9545,.T.);
#8020=ORIENTED_EDGE('',*,*,#9534,.T.);
#8021=ORIENTED_EDGE('',*,*,#9530,.F.);
#8022=ORIENTED_EDGE('',*,*,#9547,.F.);
#8023=ORIENTED_EDGE('',*,*,#9548,.F.);
#8024=ORIENTED_EDGE('',*,*,#9531,.T.);
#8025=ORIENTED_EDGE('',*,*,#9549,.F.);
#8026=ORIENTED_EDGE('',*,*,#9548,.T.);
#8027=ORIENTED_EDGE('',*,*,#9549,.T.);
#8028=ORIENTED_EDGE('',*,*,#9550,.F.);
#8029=ORIENTED_EDGE('',*,*,#9550,.T.);
#8030=ORIENTED_EDGE('',*,*,#9551,.T.);
#8031=ORIENTED_EDGE('',*,*,#9552,.T.);
#8032=ORIENTED_EDGE('',*,*,#9551,.F.);
#8033=ORIENTED_EDGE('',*,*,#9552,.F.);
#8034=ORIENTED_EDGE('',*,*,#9553,.T.);
#8035=ORIENTED_EDGE('',*,*,#9553,.F.);
#8036=ORIENTED_EDGE('',*,*,#9554,.T.);
#8037=ORIENTED_EDGE('',*,*,#9554,.F.);
#8038=ORIENTED_EDGE('',*,*,#9555,.T.);
#8039=ORIENTED_EDGE('',*,*,#9555,.F.);
#8040=ORIENTED_EDGE('',*,*,#9556,.T.);
#8041=ORIENTED_EDGE('',*,*,#9557,.T.);
#8042=ORIENTED_EDGE('',*,*,#9558,.T.);
#8043=ORIENTED_EDGE('',*,*,#9559,.T.);
#8044=ORIENTED_EDGE('',*,*,#9560,.T.);
#8045=ORIENTED_EDGE('',*,*,#9561,.T.);
#8046=ORIENTED_EDGE('',*,*,#9562,.T.);
#8047=ORIENTED_EDGE('',*,*,#9563,.T.);
#8048=ORIENTED_EDGE('',*,*,#9564,.T.);
#8049=ORIENTED_EDGE('',*,*,#9565,.T.);
#8050=ORIENTED_EDGE('',*,*,#9566,.T.);
#8051=ORIENTED_EDGE('',*,*,#9567,.T.);
#8052=ORIENTED_EDGE('',*,*,#9568,.F.);
#8053=ORIENTED_EDGE('',*,*,#9556,.F.);
#8054=ORIENTED_EDGE('',*,*,#9569,.F.);
#8055=ORIENTED_EDGE('',*,*,#9570,.F.);
#8056=ORIENTED_EDGE('',*,*,#9568,.T.);
#8057=ORIENTED_EDGE('',*,*,#9571,.T.);
#8058=ORIENTED_EDGE('',*,*,#9557,.F.);
#8059=ORIENTED_EDGE('',*,*,#9570,.T.);
#8060=ORIENTED_EDGE('',*,*,#9572,.F.);
#8061=ORIENTED_EDGE('',*,*,#9558,.F.);
#8062=ORIENTED_EDGE('',*,*,#9571,.F.);
#8063=ORIENTED_EDGE('',*,*,#9573,.T.);
#8064=ORIENTED_EDGE('',*,*,#9574,.F.);
#8065=ORIENTED_EDGE('',*,*,#9559,.F.);
#8066=ORIENTED_EDGE('',*,*,#9572,.T.);
#8067=ORIENTED_EDGE('',*,*,#9575,.T.);
#8068=ORIENTED_EDGE('',*,*,#9560,.F.);
#8069=ORIENTED_EDGE('',*,*,#9574,.T.);
#8070=ORIENTED_EDGE('',*,*,#9575,.F.);
#8071=ORIENTED_EDGE('',*,*,#9573,.F.);
#8072=ORIENTED_EDGE('',*,*,#9576,.F.);
#8073=ORIENTED_EDGE('',*,*,#9561,.F.);
#8074=ORIENTED_EDGE('',*,*,#9577,.F.);
#8075=ORIENTED_EDGE('',*,*,#9562,.F.);
#8076=ORIENTED_EDGE('',*,*,#9576,.T.);
#8077=ORIENTED_EDGE('',*,*,#9578,.F.);
#8078=ORIENTED_EDGE('',*,*,#9577,.T.);
#8079=ORIENTED_EDGE('',*,*,#9579,.T.);
#8080=ORIENTED_EDGE('',*,*,#9563,.F.);
#8081=ORIENTED_EDGE('',*,*,#9578,.T.);
#8082=ORIENTED_EDGE('',*,*,#9580,.T.);
#8083=ORIENTED_EDGE('',*,*,#9564,.F.);
#8084=ORIENTED_EDGE('',*,*,#9579,.F.);
#8085=ORIENTED_EDGE('',*,*,#9581,.T.);
#8086=ORIENTED_EDGE('',*,*,#9582,.F.);
#8087=ORIENTED_EDGE('',*,*,#9565,.F.);
#8088=ORIENTED_EDGE('',*,*,#9580,.F.);
#8089=ORIENTED_EDGE('',*,*,#9583,.T.);
#8090=ORIENTED_EDGE('',*,*,#9566,.F.);
#8091=ORIENTED_EDGE('',*,*,#9582,.T.);
#8092=ORIENTED_EDGE('',*,*,#9583,.F.);
#8093=ORIENTED_EDGE('',*,*,#9581,.F.);
#8094=ORIENTED_EDGE('',*,*,#9569,.T.);
#8095=ORIENTED_EDGE('',*,*,#9567,.F.);
#8096=ORIENTED_EDGE('',*,*,#9584,.T.);
#8097=ORIENTED_EDGE('',*,*,#9585,.T.);
#8098=ORIENTED_EDGE('',*,*,#9586,.T.);
#8099=ORIENTED_EDGE('',*,*,#9587,.T.);
#8100=ORIENTED_EDGE('',*,*,#9588,.F.);
#8101=ORIENTED_EDGE('',*,*,#9589,.F.);
#8102=ORIENTED_EDGE('',*,*,#9590,.T.);
#8103=ORIENTED_EDGE('',*,*,#9591,.F.);
#8104=ORIENTED_EDGE('',*,*,#9592,.T.);
#8105=ORIENTED_EDGE('',*,*,#9593,.F.);
#8106=ORIENTED_EDGE('',*,*,#9594,.F.);
#8107=ORIENTED_EDGE('',*,*,#9595,.T.);
#8108=ORIENTED_EDGE('',*,*,#9584,.F.);
#8109=ORIENTED_EDGE('',*,*,#9585,.F.);
#8110=ORIENTED_EDGE('',*,*,#9595,.F.);
#8111=ORIENTED_EDGE('',*,*,#9596,.F.);
#8112=ORIENTED_EDGE('',*,*,#9597,.T.);
#8113=ORIENTED_EDGE('',*,*,#9598,.F.);
#8114=ORIENTED_EDGE('',*,*,#9586,.F.);
#8115=ORIENTED_EDGE('',*,*,#9597,.F.);
#8116=ORIENTED_EDGE('',*,*,#9599,.F.);
#8117=ORIENTED_EDGE('',*,*,#9593,.T.);
#8118=ORIENTED_EDGE('',*,*,#9592,.F.);
#8119=ORIENTED_EDGE('',*,*,#9600,.F.);
#8120=ORIENTED_EDGE('',*,*,#9601,.F.);
#8121=ORIENTED_EDGE('',*,*,#9602,.F.);
#8122=ORIENTED_EDGE('',*,*,#9603,.F.);
#8123=ORIENTED_EDGE('',*,*,#9604,.F.);
#8124=ORIENTED_EDGE('',*,*,#9605,.F.);
#8125=ORIENTED_EDGE('',*,*,#9606,.F.);
#8126=ORIENTED_EDGE('',*,*,#9607,.F.);
#8127=ORIENTED_EDGE('',*,*,#9608,.F.);
#8128=ORIENTED_EDGE('',*,*,#9609,.F.);
#8129=ORIENTED_EDGE('',*,*,#9610,.F.);
#8130=ORIENTED_EDGE('',*,*,#9611,.F.);
#8131=ORIENTED_EDGE('',*,*,#9612,.F.);
#8132=ORIENTED_EDGE('',*,*,#9587,.F.);
#8133=ORIENTED_EDGE('',*,*,#9598,.T.);
#8134=ORIENTED_EDGE('',*,*,#9613,.T.);
#8135=ORIENTED_EDGE('',*,*,#9614,.F.);
#8136=ORIENTED_EDGE('',*,*,#9615,.F.);
#8137=ORIENTED_EDGE('',*,*,#9612,.T.);
#8138=ORIENTED_EDGE('',*,*,#9616,.T.);
#8139=ORIENTED_EDGE('',*,*,#9617,.T.);
#8140=ORIENTED_EDGE('',*,*,#9588,.T.);
#8141=ORIENTED_EDGE('',*,*,#9618,.F.);
#8142=ORIENTED_EDGE('',*,*,#9589,.T.);
#8143=ORIENTED_EDGE('',*,*,#9617,.F.);
#8144=ORIENTED_EDGE('',*,*,#9619,.T.);
#8145=ORIENTED_EDGE('',*,*,#9620,.T.);
#8146=ORIENTED_EDGE('',*,*,#9621,.T.);
#8147=ORIENTED_EDGE('',*,*,#9590,.F.);
#8148=ORIENTED_EDGE('',*,*,#9618,.T.);
#8149=ORIENTED_EDGE('',*,*,#9622,.T.);
#8150=ORIENTED_EDGE('',*,*,#9623,.T.);
#8151=ORIENTED_EDGE('',*,*,#9600,.T.);
#8152=ORIENTED_EDGE('',*,*,#9591,.T.);
#8153=ORIENTED_EDGE('',*,*,#9624,.T.);
#8154=ORIENTED_EDGE('',*,*,#9625,.F.);
#8155=ORIENTED_EDGE('',*,*,#9613,.F.);
#8156=ORIENTED_EDGE('',*,*,#9599,.T.);
#8157=ORIENTED_EDGE('',*,*,#9596,.T.);
#8158=ORIENTED_EDGE('',*,*,#9594,.T.);
#8159=ORIENTED_EDGE('',*,*,#9626,.T.);
#8160=ORIENTED_EDGE('',*,*,#9627,.T.);
#8161=ORIENTED_EDGE('',*,*,#9628,.T.);
#8162=ORIENTED_EDGE('',*,*,#9629,.T.);
#8163=ORIENTED_EDGE('',*,*,#9630,.T.);
#8164=ORIENTED_EDGE('',*,*,#9631,.T.);
#8165=ORIENTED_EDGE('',*,*,#9632,.T.);
#8166=ORIENTED_EDGE('',*,*,#9633,.T.);
#8167=ORIENTED_EDGE('',*,*,#9634,.T.);
#8168=ORIENTED_EDGE('',*,*,#9635,.T.);
#8169=ORIENTED_EDGE('',*,*,#9636,.T.);
#8170=ORIENTED_EDGE('',*,*,#9601,.T.);
#8171=ORIENTED_EDGE('',*,*,#9625,.T.);
#8172=ORIENTED_EDGE('',*,*,#9637,.T.);
#8173=ORIENTED_EDGE('',*,*,#9638,.T.);
#8174=ORIENTED_EDGE('',*,*,#9639,.T.);
#8175=ORIENTED_EDGE('',*,*,#9602,.T.);
#8176=ORIENTED_EDGE('',*,*,#9636,.F.);
#8177=ORIENTED_EDGE('',*,*,#9640,.F.);
#8178=ORIENTED_EDGE('',*,*,#9641,.F.);
#8179=ORIENTED_EDGE('',*,*,#9603,.T.);
#8180=ORIENTED_EDGE('',*,*,#9641,.T.);
#8181=ORIENTED_EDGE('',*,*,#9642,.T.);
#8182=ORIENTED_EDGE('',*,*,#9643,.T.);
#8183=ORIENTED_EDGE('',*,*,#9644,.T.);
#8184=ORIENTED_EDGE('',*,*,#9645,.T.);
#8185=ORIENTED_EDGE('',*,*,#9646,.T.);
#8186=ORIENTED_EDGE('',*,*,#9647,.T.);
#8187=ORIENTED_EDGE('',*,*,#9648,.T.);
#8188=ORIENTED_EDGE('',*,*,#9649,.T.);
#8189=ORIENTED_EDGE('',*,*,#9650,.T.);
#8190=ORIENTED_EDGE('',*,*,#9651,.T.);
#8191=ORIENTED_EDGE('',*,*,#9652,.T.);
#8192=ORIENTED_EDGE('',*,*,#9653,.T.);
#8193=ORIENTED_EDGE('',*,*,#9654,.T.);
#8194=ORIENTED_EDGE('',*,*,#9655,.T.);
#8195=ORIENTED_EDGE('',*,*,#9656,.T.);
#8196=ORIENTED_EDGE('',*,*,#9657,.T.);
#8197=ORIENTED_EDGE('',*,*,#9604,.T.);
#8198=ORIENTED_EDGE('',*,*,#9657,.F.);
#8199=ORIENTED_EDGE('',*,*,#9658,.T.);
#8200=ORIENTED_EDGE('',*,*,#9659,.T.);
#8201=ORIENTED_EDGE('',*,*,#9605,.T.);
#8202=ORIENTED_EDGE('',*,*,#9659,.F.);
#8203=ORIENTED_EDGE('',*,*,#9660,.F.);
#8204=ORIENTED_EDGE('',*,*,#9661,.F.);
#8205=ORIENTED_EDGE('',*,*,#9662,.F.);
#8206=ORIENTED_EDGE('',*,*,#9663,.F.);
#8207=ORIENTED_EDGE('',*,*,#9664,.F.);
#8208=ORIENTED_EDGE('',*,*,#9665,.T.);
#8209=ORIENTED_EDGE('',*,*,#9666,.T.);
#8210=ORIENTED_EDGE('',*,*,#9667,.T.);
#8211=ORIENTED_EDGE('',*,*,#9668,.T.);
#8212=ORIENTED_EDGE('',*,*,#9669,.T.);
#8213=ORIENTED_EDGE('',*,*,#9670,.T.);
#8214=ORIENTED_EDGE('',*,*,#9671,.T.);
#8215=ORIENTED_EDGE('',*,*,#9672,.T.);
#8216=ORIENTED_EDGE('',*,*,#9673,.T.);
#8217=ORIENTED_EDGE('',*,*,#9674,.T.);
#8218=ORIENTED_EDGE('',*,*,#9675,.T.);
#8219=ORIENTED_EDGE('',*,*,#9606,.T.);
#8220=ORIENTED_EDGE('',*,*,#9675,.F.);
#8221=ORIENTED_EDGE('',*,*,#9676,.T.);
#8222=ORIENTED_EDGE('',*,*,#9677,.T.);
#8223=ORIENTED_EDGE('',*,*,#9607,.T.);
#8224=ORIENTED_EDGE('',*,*,#9677,.F.);
#8225=ORIENTED_EDGE('',*,*,#9678,.F.);
#8226=ORIENTED_EDGE('',*,*,#9679,.F.);
#8227=ORIENTED_EDGE('',*,*,#9680,.T.);
#8228=ORIENTED_EDGE('',*,*,#9608,.T.);
#8229=ORIENTED_EDGE('',*,*,#9680,.F.);
#8230=ORIENTED_EDGE('',*,*,#9681,.F.);
#8231=ORIENTED_EDGE('',*,*,#9672,.F.);
#8232=ORIENTED_EDGE('',*,*,#9682,.T.);
#8233=ORIENTED_EDGE('',*,*,#9683,.T.);
#8234=ORIENTED_EDGE('',*,*,#9684,.T.);
#8235=ORIENTED_EDGE('',*,*,#9685,.T.);
#8236=ORIENTED_EDGE('',*,*,#9686,.F.);
#8237=ORIENTED_EDGE('',*,*,#9609,.T.);
#8238=ORIENTED_EDGE('',*,*,#9686,.T.);
#8239=ORIENTED_EDGE('',*,*,#9687,.F.);
#8240=ORIENTED_EDGE('',*,*,#9688,.F.);
#8241=ORIENTED_EDGE('',*,*,#9689,.F.);
#8242=ORIENTED_EDGE('',*,*,#9690,.T.);
#8243=ORIENTED_EDGE('',*,*,#9691,.T.);
#8244=ORIENTED_EDGE('',*,*,#9692,.T.);
#8245=ORIENTED_EDGE('',*,*,#9693,.T.);
#8246=ORIENTED_EDGE('',*,*,#9694,.T.);
#8247=ORIENTED_EDGE('',*,*,#9695,.T.);
#8248=ORIENTED_EDGE('',*,*,#9696,.T.);
#8249=ORIENTED_EDGE('',*,*,#9610,.T.);
#8250=ORIENTED_EDGE('',*,*,#9696,.F.);
#8251=ORIENTED_EDGE('',*,*,#9697,.T.);
#8252=ORIENTED_EDGE('',*,*,#9698,.F.);
#8253=ORIENTED_EDGE('',*,*,#9699,.T.);
#8254=ORIENTED_EDGE('',*,*,#9700,.F.);
#8255=ORIENTED_EDGE('',*,*,#9701,.F.);
#8256=ORIENTED_EDGE('',*,*,#9702,.F.);
#8257=ORIENTED_EDGE('',*,*,#9619,.F.);
#8258=ORIENTED_EDGE('',*,*,#9616,.F.);
#8259=ORIENTED_EDGE('',*,*,#9611,.T.);
#8260=ORIENTED_EDGE('',*,*,#9698,.T.);
#8261=ORIENTED_EDGE('',*,*,#9703,.T.);
#8262=ORIENTED_EDGE('',*,*,#9704,.T.);
#8263=ORIENTED_EDGE('',*,*,#9705,.T.);
#8264=ORIENTED_EDGE('',*,*,#9706,.T.);
#8265=ORIENTED_EDGE('',*,*,#9614,.T.);
#8266=ORIENTED_EDGE('',*,*,#9707,.F.);
#8267=ORIENTED_EDGE('',*,*,#9615,.T.);
#8268=ORIENTED_EDGE('',*,*,#9708,.F.);
#8269=ORIENTED_EDGE('',*,*,#9620,.F.);
#8270=ORIENTED_EDGE('',*,*,#9702,.T.);
#8271=ORIENTED_EDGE('',*,*,#9709,.T.);
#8272=ORIENTED_EDGE('',*,*,#9710,.T.);
#8273=ORIENTED_EDGE('',*,*,#9622,.F.);
#8274=ORIENTED_EDGE('',*,*,#9621,.F.);
#8275=ORIENTED_EDGE('',*,*,#9710,.F.);
#8276=ORIENTED_EDGE('',*,*,#9711,.T.);
#8277=ORIENTED_EDGE('',*,*,#9712,.F.);
#8278=ORIENTED_EDGE('',*,*,#9713,.T.);
#8279=ORIENTED_EDGE('',*,*,#9624,.F.);
#8280=ORIENTED_EDGE('',*,*,#9623,.F.);
#8281=ORIENTED_EDGE('',*,*,#9691,.F.);
#8282=ORIENTED_EDGE('',*,*,#9714,.F.);
#8283=ORIENTED_EDGE('',*,*,#9715,.F.);
#8284=ORIENTED_EDGE('',*,*,#9716,.F.);
#8285=ORIENTED_EDGE('',*,*,#9665,.F.);
#8286=ORIENTED_EDGE('',*,*,#9717,.F.);
#8287=ORIENTED_EDGE('',*,*,#9651,.F.);
#8288=ORIENTED_EDGE('',*,*,#9718,.F.);
#8289=ORIENTED_EDGE('',*,*,#9626,.F.);
#8290=ORIENTED_EDGE('',*,*,#9719,.F.);
#8291=ORIENTED_EDGE('',*,*,#9720,.F.);
#8292=ORIENTED_EDGE('',*,*,#9721,.F.);
#8293=ORIENTED_EDGE('',*,*,#9699,.F.);
#8294=ORIENTED_EDGE('',*,*,#9722,.F.);
#8295=ORIENTED_EDGE('',*,*,#9723,.F.);
#8296=ORIENTED_EDGE('',*,*,#9724,.F.);
#8297=ORIENTED_EDGE('',*,*,#9718,.T.);
#8298=ORIENTED_EDGE('',*,*,#9650,.F.);
#8299=ORIENTED_EDGE('',*,*,#9725,.T.);
#8300=ORIENTED_EDGE('',*,*,#9627,.F.);
#8301=ORIENTED_EDGE('',*,*,#9628,.F.);
#8302=ORIENTED_EDGE('',*,*,#9725,.F.);
#8303=ORIENTED_EDGE('',*,*,#9649,.F.);
#8304=ORIENTED_EDGE('',*,*,#9726,.T.);
#8305=ORIENTED_EDGE('',*,*,#9629,.F.);
#8306=ORIENTED_EDGE('',*,*,#9726,.F.);
#8307=ORIENTED_EDGE('',*,*,#9648,.F.);
#8308=ORIENTED_EDGE('',*,*,#9727,.T.);
#8309=ORIENTED_EDGE('',*,*,#9630,.F.);
#8310=ORIENTED_EDGE('',*,*,#9727,.F.);
#8311=ORIENTED_EDGE('',*,*,#9647,.F.);
#8312=ORIENTED_EDGE('',*,*,#9728,.T.);
#8313=ORIENTED_EDGE('',*,*,#9631,.F.);
#8314=ORIENTED_EDGE('',*,*,#9728,.F.);
#8315=ORIENTED_EDGE('',*,*,#9646,.F.);
#8316=ORIENTED_EDGE('',*,*,#9729,.T.);
#8317=ORIENTED_EDGE('',*,*,#9632,.F.);
#8318=ORIENTED_EDGE('',*,*,#9729,.F.);
#8319=ORIENTED_EDGE('',*,*,#9645,.F.);
#8320=ORIENTED_EDGE('',*,*,#9730,.T.);
#8321=ORIENTED_EDGE('',*,*,#9633,.F.);
#8322=ORIENTED_EDGE('',*,*,#9730,.F.);
#8323=ORIENTED_EDGE('',*,*,#9644,.F.);
#8324=ORIENTED_EDGE('',*,*,#9731,.T.);
#8325=ORIENTED_EDGE('',*,*,#9634,.F.);
#8326=ORIENTED_EDGE('',*,*,#9731,.F.);
#8327=ORIENTED_EDGE('',*,*,#9643,.F.);
#8328=ORIENTED_EDGE('',*,*,#9732,.T.);
#8329=ORIENTED_EDGE('',*,*,#9635,.F.);
#8330=ORIENTED_EDGE('',*,*,#9732,.F.);
#8331=ORIENTED_EDGE('',*,*,#9642,.F.);
#8332=ORIENTED_EDGE('',*,*,#9640,.T.);
#8333=ORIENTED_EDGE('',*,*,#9713,.F.);
#8334=ORIENTED_EDGE('',*,*,#9712,.T.);
#8335=ORIENTED_EDGE('',*,*,#9733,.F.);
#8336=ORIENTED_EDGE('',*,*,#9637,.F.);
#8337=ORIENTED_EDGE('',*,*,#9734,.T.);
#8338=ORIENTED_EDGE('',*,*,#9735,.F.);
#8339=ORIENTED_EDGE('',*,*,#9638,.F.);
#8340=ORIENTED_EDGE('',*,*,#9733,.T.);
#8341=ORIENTED_EDGE('',*,*,#9719,.T.);
#8342=ORIENTED_EDGE('',*,*,#9639,.F.);
#8343=ORIENTED_EDGE('',*,*,#9735,.T.);
#8344=ORIENTED_EDGE('',*,*,#9736,.T.);
#8345=ORIENTED_EDGE('',*,*,#9717,.T.);
#8346=ORIENTED_EDGE('',*,*,#9664,.T.);
#8347=ORIENTED_EDGE('',*,*,#9737,.F.);
#8348=ORIENTED_EDGE('',*,*,#9652,.F.);
#8349=ORIENTED_EDGE('',*,*,#9737,.T.);
#8350=ORIENTED_EDGE('',*,*,#9663,.T.);
#8351=ORIENTED_EDGE('',*,*,#9738,.F.);
#8352=ORIENTED_EDGE('',*,*,#9653,.F.);
#8353=ORIENTED_EDGE('',*,*,#9738,.T.);
#8354=ORIENTED_EDGE('',*,*,#9662,.T.);
#8355=ORIENTED_EDGE('',*,*,#9739,.F.);
#8356=ORIENTED_EDGE('',*,*,#9654,.F.);
#8357=ORIENTED_EDGE('',*,*,#9739,.T.);
#8358=ORIENTED_EDGE('',*,*,#9661,.T.);
#8359=ORIENTED_EDGE('',*,*,#9740,.F.);
#8360=ORIENTED_EDGE('',*,*,#9655,.F.);
#8361=ORIENTED_EDGE('',*,*,#9740,.T.);
#8362=ORIENTED_EDGE('',*,*,#9660,.T.);
#8363=ORIENTED_EDGE('',*,*,#9658,.F.);
#8364=ORIENTED_EDGE('',*,*,#9656,.F.);
#8365=ORIENTED_EDGE('',*,*,#9716,.T.);
#8366=ORIENTED_EDGE('',*,*,#9741,.T.);
#8367=ORIENTED_EDGE('',*,*,#9742,.F.);
#8368=ORIENTED_EDGE('',*,*,#9666,.F.);
#8369=ORIENTED_EDGE('',*,*,#9743,.T.);
#8370=ORIENTED_EDGE('',*,*,#9667,.F.);
#8371=ORIENTED_EDGE('',*,*,#9742,.T.);
#8372=ORIENTED_EDGE('',*,*,#9744,.T.);
#8373=ORIENTED_EDGE('',*,*,#9714,.T.);
#8374=ORIENTED_EDGE('',*,*,#9690,.F.);
#8375=ORIENTED_EDGE('',*,*,#9745,.F.);
#8376=ORIENTED_EDGE('',*,*,#9746,.F.);
#8377=ORIENTED_EDGE('',*,*,#9747,.F.);
#8378=ORIENTED_EDGE('',*,*,#9748,.F.);
#8379=ORIENTED_EDGE('',*,*,#9668,.F.);
#8380=ORIENTED_EDGE('',*,*,#9743,.F.);
#8381=ORIENTED_EDGE('',*,*,#9749,.F.);
#8382=ORIENTED_EDGE('',*,*,#9669,.F.);
#8383=ORIENTED_EDGE('',*,*,#9748,.T.);
#8384=ORIENTED_EDGE('',*,*,#9750,.F.);
#8385=ORIENTED_EDGE('',*,*,#9751,.F.);
#8386=ORIENTED_EDGE('',*,*,#9670,.F.);
#8387=ORIENTED_EDGE('',*,*,#9751,.T.);
#8388=ORIENTED_EDGE('',*,*,#9752,.F.);
#8389=ORIENTED_EDGE('',*,*,#9753,.F.);
#8390=ORIENTED_EDGE('',*,*,#9671,.F.);
#8391=ORIENTED_EDGE('',*,*,#9753,.T.);
#8392=ORIENTED_EDGE('',*,*,#9754,.F.);
#8393=ORIENTED_EDGE('',*,*,#9682,.F.);
#8394=ORIENTED_EDGE('',*,*,#9681,.T.);
#8395=ORIENTED_EDGE('',*,*,#9679,.T.);
#8396=ORIENTED_EDGE('',*,*,#9755,.F.);
#8397=ORIENTED_EDGE('',*,*,#9673,.F.);
#8398=ORIENTED_EDGE('',*,*,#9674,.F.);
#8399=ORIENTED_EDGE('',*,*,#9755,.T.);
#8400=ORIENTED_EDGE('',*,*,#9678,.T.);
#8401=ORIENTED_EDGE('',*,*,#9676,.F.);
#8402=ORIENTED_EDGE('',*,*,#9754,.T.);
#8403=ORIENTED_EDGE('',*,*,#9756,.T.);
#8404=ORIENTED_EDGE('',*,*,#9757,.F.);
#8405=ORIENTED_EDGE('',*,*,#9683,.F.);
#8406=ORIENTED_EDGE('',*,*,#9757,.T.);
#8407=ORIENTED_EDGE('',*,*,#9758,.T.);
#8408=ORIENTED_EDGE('',*,*,#9759,.F.);
#8409=ORIENTED_EDGE('',*,*,#9684,.F.);
#8410=ORIENTED_EDGE('',*,*,#9687,.T.);
#8411=ORIENTED_EDGE('',*,*,#9685,.F.);
#8412=ORIENTED_EDGE('',*,*,#9759,.T.);
#8413=ORIENTED_EDGE('',*,*,#9760,.T.);
#8414=ORIENTED_EDGE('',*,*,#9688,.T.);
#8415=ORIENTED_EDGE('',*,*,#9760,.F.);
#8416=ORIENTED_EDGE('',*,*,#9761,.T.);
#8417=ORIENTED_EDGE('',*,*,#9762,.T.);
#8418=ORIENTED_EDGE('',*,*,#9689,.T.);
#8419=ORIENTED_EDGE('',*,*,#9762,.F.);
#8420=ORIENTED_EDGE('',*,*,#9763,.T.);
#8421=ORIENTED_EDGE('',*,*,#9745,.T.);
#8422=ORIENTED_EDGE('',*,*,#9722,.T.);
#8423=ORIENTED_EDGE('',*,*,#9706,.F.);
#8424=ORIENTED_EDGE('',*,*,#9764,.F.);
#8425=ORIENTED_EDGE('',*,*,#9692,.F.);
#8426=ORIENTED_EDGE('',*,*,#9765,.F.);
#8427=ORIENTED_EDGE('',*,*,#9766,.F.);
#8428=ORIENTED_EDGE('',*,*,#9767,.F.);
#8429=ORIENTED_EDGE('',*,*,#9768,.F.);
#8430=ORIENTED_EDGE('',*,*,#9693,.F.);
#8431=ORIENTED_EDGE('',*,*,#9764,.T.);
#8432=ORIENTED_EDGE('',*,*,#9705,.F.);
#8433=ORIENTED_EDGE('',*,*,#9769,.F.);
#8434=ORIENTED_EDGE('',*,*,#9770,.F.);
#8435=ORIENTED_EDGE('',*,*,#9771,.F.);
#8436=ORIENTED_EDGE('',*,*,#9694,.F.);
#8437=ORIENTED_EDGE('',*,*,#9768,.T.);
#8438=ORIENTED_EDGE('',*,*,#9772,.F.);
#8439=ORIENTED_EDGE('',*,*,#9773,.T.);
#8440=ORIENTED_EDGE('',*,*,#9703,.F.);
#8441=ORIENTED_EDGE('',*,*,#9697,.F.);
#8442=ORIENTED_EDGE('',*,*,#9695,.F.);
#8443=ORIENTED_EDGE('',*,*,#9771,.T.);
#8444=ORIENTED_EDGE('',*,*,#9774,.F.);
#8445=ORIENTED_EDGE('',*,*,#9775,.F.);
#8446=ORIENTED_EDGE('',*,*,#9721,.T.);
#8447=ORIENTED_EDGE('',*,*,#9776,.T.);
#8448=ORIENTED_EDGE('',*,*,#9777,.F.);
#8449=ORIENTED_EDGE('',*,*,#9700,.T.);
#8450=ORIENTED_EDGE('',*,*,#9778,.T.);
#8451=ORIENTED_EDGE('',*,*,#9709,.F.);
#8452=ORIENTED_EDGE('',*,*,#9701,.T.);
#8453=ORIENTED_EDGE('',*,*,#9777,.T.);
#8454=ORIENTED_EDGE('',*,*,#9779,.F.);
#8455=ORIENTED_EDGE('',*,*,#9769,.T.);
#8456=ORIENTED_EDGE('',*,*,#9704,.F.);
#8457=ORIENTED_EDGE('',*,*,#9773,.F.);
#8458=ORIENTED_EDGE('',*,*,#9707,.T.);
#8459=ORIENTED_EDGE('',*,*,#9708,.T.);
#8460=ORIENTED_EDGE('',*,*,#9734,.F.);
#8461=ORIENTED_EDGE('',*,*,#9711,.F.);
#8462=ORIENTED_EDGE('',*,*,#9778,.F.);
#8463=ORIENTED_EDGE('',*,*,#9780,.T.);
#8464=ORIENTED_EDGE('',*,*,#9715,.T.);
#8465=ORIENTED_EDGE('',*,*,#9749,.T.);
#8466=ORIENTED_EDGE('',*,*,#9744,.F.);
#8467=ORIENTED_EDGE('',*,*,#9741,.F.);
#8468=ORIENTED_EDGE('',*,*,#9720,.T.);
#8469=ORIENTED_EDGE('',*,*,#9736,.F.);
#8470=ORIENTED_EDGE('',*,*,#9780,.F.);
#8471=ORIENTED_EDGE('',*,*,#9776,.F.);
#8472=ORIENTED_EDGE('',*,*,#9723,.T.);
#8473=ORIENTED_EDGE('',*,*,#9781,.F.);
#8474=ORIENTED_EDGE('',*,*,#9724,.T.);
#8475=ORIENTED_EDGE('',*,*,#9782,.F.);
#8476=ORIENTED_EDGE('',*,*,#9783,.T.);
#8477=ORIENTED_EDGE('',*,*,#9746,.T.);
#8478=ORIENTED_EDGE('',*,*,#9763,.F.);
#8479=ORIENTED_EDGE('',*,*,#9784,.F.);
#8480=ORIENTED_EDGE('',*,*,#9750,.T.);
#8481=ORIENTED_EDGE('',*,*,#9747,.T.);
#8482=ORIENTED_EDGE('',*,*,#9783,.F.);
#8483=ORIENTED_EDGE('',*,*,#9785,.F.);
#8484=ORIENTED_EDGE('',*,*,#9752,.T.);
#8485=ORIENTED_EDGE('',*,*,#9785,.T.);
#8486=ORIENTED_EDGE('',*,*,#9786,.F.);
#8487=ORIENTED_EDGE('',*,*,#9756,.F.);
#8488=ORIENTED_EDGE('',*,*,#9786,.T.);
#8489=ORIENTED_EDGE('',*,*,#9784,.T.);
#8490=ORIENTED_EDGE('',*,*,#9761,.F.);
#8491=ORIENTED_EDGE('',*,*,#9758,.F.);
#8492=ORIENTED_EDGE('',*,*,#9772,.T.);
#8493=ORIENTED_EDGE('',*,*,#9787,.T.);
#8494=ORIENTED_EDGE('',*,*,#9765,.T.);
#8495=ORIENTED_EDGE('',*,*,#9779,.T.);
#8496=ORIENTED_EDGE('',*,*,#9775,.T.);
#8497=ORIENTED_EDGE('',*,*,#9788,.F.);
#8498=ORIENTED_EDGE('',*,*,#9766,.T.);
#8499=ORIENTED_EDGE('',*,*,#9787,.F.);
#8500=ORIENTED_EDGE('',*,*,#9774,.T.);
#8501=ORIENTED_EDGE('',*,*,#9770,.T.);
#8502=ORIENTED_EDGE('',*,*,#9767,.T.);
#8503=ORIENTED_EDGE('',*,*,#9788,.T.);
#8504=ORIENTED_EDGE('',*,*,#9781,.T.);
#8505=ORIENTED_EDGE('',*,*,#9782,.T.);
#8506=ORIENTED_EDGE('',*,*,#9789,.T.);
#8507=ORIENTED_EDGE('',*,*,#9790,.T.);
#8508=ORIENTED_EDGE('',*,*,#9791,.F.);
#8509=ORIENTED_EDGE('',*,*,#9792,.F.);
#8510=ORIENTED_EDGE('',*,*,#9793,.F.);
#8511=ORIENTED_EDGE('',*,*,#9794,.F.);
#8512=ORIENTED_EDGE('',*,*,#9795,.T.);
#8513=ORIENTED_EDGE('',*,*,#9796,.T.);
#8514=ORIENTED_EDGE('',*,*,#9797,.T.);
#8515=ORIENTED_EDGE('',*,*,#9798,.T.);
#8516=ORIENTED_EDGE('',*,*,#9799,.T.);
#8517=ORIENTED_EDGE('',*,*,#9800,.T.);
#8518=ORIENTED_EDGE('',*,*,#9795,.F.);
#8519=ORIENTED_EDGE('',*,*,#9801,.F.);
#8520=ORIENTED_EDGE('',*,*,#9802,.F.);
#8521=ORIENTED_EDGE('',*,*,#9803,.F.);
#8522=ORIENTED_EDGE('',*,*,#9804,.F.);
#8523=ORIENTED_EDGE('',*,*,#9805,.F.);
#8524=ORIENTED_EDGE('',*,*,#9806,.F.);
#8525=ORIENTED_EDGE('',*,*,#9807,.F.);
#8526=ORIENTED_EDGE('',*,*,#9808,.F.);
#8527=ORIENTED_EDGE('',*,*,#9809,.F.);
#8528=ORIENTED_EDGE('',*,*,#9810,.F.);
#8529=ORIENTED_EDGE('',*,*,#9811,.F.);
#8530=ORIENTED_EDGE('',*,*,#9812,.F.);
#8531=ORIENTED_EDGE('',*,*,#9813,.F.);
#8532=ORIENTED_EDGE('',*,*,#9790,.F.);
#8533=ORIENTED_EDGE('',*,*,#9814,.T.);
#8534=ORIENTED_EDGE('',*,*,#9815,.T.);
#8535=ORIENTED_EDGE('',*,*,#9799,.F.);
#8536=ORIENTED_EDGE('',*,*,#9816,.T.);
#8537=ORIENTED_EDGE('',*,*,#9817,.T.);
#8538=ORIENTED_EDGE('',*,*,#9818,.T.);
#8539=ORIENTED_EDGE('',*,*,#9800,.F.);
#8540=ORIENTED_EDGE('',*,*,#9818,.F.);
#8541=ORIENTED_EDGE('',*,*,#9819,.T.);
#8542=ORIENTED_EDGE('',*,*,#9796,.F.);
#8543=ORIENTED_EDGE('',*,*,#9797,.F.);
#8544=ORIENTED_EDGE('',*,*,#9819,.F.);
#8545=ORIENTED_EDGE('',*,*,#9817,.F.);
#8546=ORIENTED_EDGE('',*,*,#9820,.T.);
#8547=ORIENTED_EDGE('',*,*,#9798,.F.);
#8548=ORIENTED_EDGE('',*,*,#9789,.F.);
#8549=ORIENTED_EDGE('',*,*,#9820,.F.);
#8550=ORIENTED_EDGE('',*,*,#9816,.F.);
#8551=ORIENTED_EDGE('',*,*,#9813,.T.);
#8552=ORIENTED_EDGE('',*,*,#9821,.F.);
#8553=ORIENTED_EDGE('',*,*,#9822,.T.);
#8554=ORIENTED_EDGE('',*,*,#9791,.T.);
#8555=ORIENTED_EDGE('',*,*,#9823,.F.);
#8556=ORIENTED_EDGE('',*,*,#9824,.F.);
#8557=ORIENTED_EDGE('',*,*,#9825,.F.);
#8558=ORIENTED_EDGE('',*,*,#9792,.T.);
#8559=ORIENTED_EDGE('',*,*,#9826,.F.);
#8560=ORIENTED_EDGE('',*,*,#9827,.T.);
#8561=ORIENTED_EDGE('',*,*,#9828,.T.);
#8562=ORIENTED_EDGE('',*,*,#9793,.T.);
#8563=ORIENTED_EDGE('',*,*,#9825,.T.);
#8564=ORIENTED_EDGE('',*,*,#9829,.T.);
#8565=ORIENTED_EDGE('',*,*,#9801,.T.);
#8566=ORIENTED_EDGE('',*,*,#9794,.T.);
#8567=ORIENTED_EDGE('',*,*,#9828,.F.);
#8568=ORIENTED_EDGE('',*,*,#9830,.T.);
#8569=ORIENTED_EDGE('',*,*,#9831,.T.);
#8570=ORIENTED_EDGE('',*,*,#9832,.T.);
#8571=ORIENTED_EDGE('',*,*,#9833,.T.);
#8572=ORIENTED_EDGE('',*,*,#9834,.T.);
#8573=ORIENTED_EDGE('',*,*,#9835,.T.);
#8574=ORIENTED_EDGE('',*,*,#9836,.T.);
#8575=ORIENTED_EDGE('',*,*,#9802,.T.);
#8576=ORIENTED_EDGE('',*,*,#9830,.F.);
#8577=ORIENTED_EDGE('',*,*,#9827,.F.);
#8578=ORIENTED_EDGE('',*,*,#9837,.F.);
#8579=ORIENTED_EDGE('',*,*,#9838,.F.);
#8580=ORIENTED_EDGE('',*,*,#9839,.F.);
#8581=ORIENTED_EDGE('',*,*,#9803,.T.);
#8582=ORIENTED_EDGE('',*,*,#9836,.F.);
#8583=ORIENTED_EDGE('',*,*,#9840,.F.);
#8584=ORIENTED_EDGE('',*,*,#9841,.F.);
#8585=ORIENTED_EDGE('',*,*,#9804,.T.);
#8586=ORIENTED_EDGE('',*,*,#9841,.T.);
#8587=ORIENTED_EDGE('',*,*,#9842,.T.);
#8588=ORIENTED_EDGE('',*,*,#9843,.T.);
#8589=ORIENTED_EDGE('',*,*,#9844,.T.);
#8590=ORIENTED_EDGE('',*,*,#9845,.T.);
#8591=ORIENTED_EDGE('',*,*,#9846,.T.);
#8592=ORIENTED_EDGE('',*,*,#9847,.T.);
#8593=ORIENTED_EDGE('',*,*,#9848,.F.);
#8594=ORIENTED_EDGE('',*,*,#9849,.F.);
#8595=ORIENTED_EDGE('',*,*,#9850,.F.);
#8596=ORIENTED_EDGE('',*,*,#9851,.T.);
#8597=ORIENTED_EDGE('',*,*,#9805,.T.);
#8598=ORIENTED_EDGE('',*,*,#9851,.F.);
#8599=ORIENTED_EDGE('',*,*,#9852,.F.);
#8600=ORIENTED_EDGE('',*,*,#9853,.F.);
#8601=ORIENTED_EDGE('',*,*,#9854,.F.);
#8602=ORIENTED_EDGE('',*,*,#9855,.F.);
#8603=ORIENTED_EDGE('',*,*,#9856,.F.);
#8604=ORIENTED_EDGE('',*,*,#9857,.F.);
#8605=ORIENTED_EDGE('',*,*,#9858,.F.);
#8606=ORIENTED_EDGE('',*,*,#9806,.T.);
#8607=ORIENTED_EDGE('',*,*,#9858,.T.);
#8608=ORIENTED_EDGE('',*,*,#9859,.F.);
#8609=ORIENTED_EDGE('',*,*,#9860,.F.);
#8610=ORIENTED_EDGE('',*,*,#9861,.F.);
#8611=ORIENTED_EDGE('',*,*,#9807,.T.);
#8612=ORIENTED_EDGE('',*,*,#9861,.T.);
#8613=ORIENTED_EDGE('',*,*,#9862,.F.);
#8614=ORIENTED_EDGE('',*,*,#9863,.F.);
#8615=ORIENTED_EDGE('',*,*,#9808,.T.);
#8616=ORIENTED_EDGE('',*,*,#9863,.T.);
#8617=ORIENTED_EDGE('',*,*,#9864,.T.);
#8618=ORIENTED_EDGE('',*,*,#9865,.T.);
#8619=ORIENTED_EDGE('',*,*,#9856,.T.);
#8620=ORIENTED_EDGE('',*,*,#9866,.T.);
#8621=ORIENTED_EDGE('',*,*,#9867,.T.);
#8622=ORIENTED_EDGE('',*,*,#9868,.T.);
#8623=ORIENTED_EDGE('',*,*,#9869,.T.);
#8624=ORIENTED_EDGE('',*,*,#9870,.T.);
#8625=ORIENTED_EDGE('',*,*,#9871,.T.);
#8626=ORIENTED_EDGE('',*,*,#9872,.T.);
#8627=ORIENTED_EDGE('',*,*,#9873,.F.);
#8628=ORIENTED_EDGE('',*,*,#9874,.F.);
#8629=ORIENTED_EDGE('',*,*,#9875,.F.);
#8630=ORIENTED_EDGE('',*,*,#9876,.F.);
#8631=ORIENTED_EDGE('',*,*,#9877,.F.);
#8632=ORIENTED_EDGE('',*,*,#9878,.F.);
#8633=ORIENTED_EDGE('',*,*,#9809,.T.);
#8634=ORIENTED_EDGE('',*,*,#9878,.T.);
#8635=ORIENTED_EDGE('',*,*,#9879,.F.);
#8636=ORIENTED_EDGE('',*,*,#9880,.F.);
#8637=ORIENTED_EDGE('',*,*,#9810,.T.);
#8638=ORIENTED_EDGE('',*,*,#9880,.T.);
#8639=ORIENTED_EDGE('',*,*,#9881,.T.);
#8640=ORIENTED_EDGE('',*,*,#9882,.T.);
#8641=ORIENTED_EDGE('',*,*,#9883,.T.);
#8642=ORIENTED_EDGE('',*,*,#9884,.T.);
#8643=ORIENTED_EDGE('',*,*,#9885,.T.);
#8644=ORIENTED_EDGE('',*,*,#9886,.T.);
#8645=ORIENTED_EDGE('',*,*,#9887,.T.);
#8646=ORIENTED_EDGE('',*,*,#9888,.T.);
#8647=ORIENTED_EDGE('',*,*,#9889,.T.);
#8648=ORIENTED_EDGE('',*,*,#9890,.T.);
#8649=ORIENTED_EDGE('',*,*,#9891,.T.);
#8650=ORIENTED_EDGE('',*,*,#9892,.T.);
#8651=ORIENTED_EDGE('',*,*,#9893,.T.);
#8652=ORIENTED_EDGE('',*,*,#9894,.T.);
#8653=ORIENTED_EDGE('',*,*,#9895,.T.);
#8654=ORIENTED_EDGE('',*,*,#9896,.T.);
#8655=ORIENTED_EDGE('',*,*,#9811,.T.);
#8656=ORIENTED_EDGE('',*,*,#9896,.F.);
#8657=ORIENTED_EDGE('',*,*,#9897,.T.);
#8658=ORIENTED_EDGE('',*,*,#9898,.F.);
#8659=ORIENTED_EDGE('',*,*,#9899,.T.);
#8660=ORIENTED_EDGE('',*,*,#9900,.T.);
#8661=ORIENTED_EDGE('',*,*,#9901,.T.);
#8662=ORIENTED_EDGE('',*,*,#9902,.T.);
#8663=ORIENTED_EDGE('',*,*,#9821,.T.);
#8664=ORIENTED_EDGE('',*,*,#9812,.T.);
#8665=ORIENTED_EDGE('',*,*,#9898,.T.);
#8666=ORIENTED_EDGE('',*,*,#9903,.T.);
#8667=ORIENTED_EDGE('',*,*,#9904,.T.);
#8668=ORIENTED_EDGE('',*,*,#9905,.T.);
#8669=ORIENTED_EDGE('',*,*,#9906,.T.);
#8670=ORIENTED_EDGE('',*,*,#9907,.T.);
#8671=ORIENTED_EDGE('',*,*,#9908,.T.);
#8672=ORIENTED_EDGE('',*,*,#9909,.T.);
#8673=ORIENTED_EDGE('',*,*,#9910,.T.);
#8674=ORIENTED_EDGE('',*,*,#9911,.T.);
#8675=ORIENTED_EDGE('',*,*,#9814,.F.);
#8676=ORIENTED_EDGE('',*,*,#9912,.T.);
#8677=ORIENTED_EDGE('',*,*,#9815,.F.);
#8678=ORIENTED_EDGE('',*,*,#9913,.T.);
#8679=ORIENTED_EDGE('',*,*,#9823,.T.);
#8680=ORIENTED_EDGE('',*,*,#9822,.F.);
#8681=ORIENTED_EDGE('',*,*,#9914,.F.);
#8682=ORIENTED_EDGE('',*,*,#9915,.F.);
#8683=ORIENTED_EDGE('',*,*,#9916,.F.);
#8684=ORIENTED_EDGE('',*,*,#9917,.F.);
#8685=ORIENTED_EDGE('',*,*,#9829,.F.);
#8686=ORIENTED_EDGE('',*,*,#9824,.T.);
#8687=ORIENTED_EDGE('',*,*,#9826,.T.);
#8688=ORIENTED_EDGE('',*,*,#9917,.T.);
#8689=ORIENTED_EDGE('',*,*,#9918,.F.);
#8690=ORIENTED_EDGE('',*,*,#9837,.T.);
#8691=ORIENTED_EDGE('',*,*,#9846,.F.);
#8692=ORIENTED_EDGE('',*,*,#9919,.F.);
#8693=ORIENTED_EDGE('',*,*,#9831,.F.);
#8694=ORIENTED_EDGE('',*,*,#9920,.F.);
#8695=ORIENTED_EDGE('',*,*,#9921,.F.);
#8696=ORIENTED_EDGE('',*,*,#9922,.F.);
#8697=ORIENTED_EDGE('',*,*,#9899,.F.);
#8698=ORIENTED_EDGE('',*,*,#9923,.F.);
#8699=ORIENTED_EDGE('',*,*,#9886,.F.);
#8700=ORIENTED_EDGE('',*,*,#9924,.F.);
#8701=ORIENTED_EDGE('',*,*,#9872,.F.);
#8702=ORIENTED_EDGE('',*,*,#9925,.F.);
#8703=ORIENTED_EDGE('',*,*,#9926,.F.);
#8704=ORIENTED_EDGE('',*,*,#9927,.F.);
#8705=ORIENTED_EDGE('',*,*,#9928,.T.);
#8706=ORIENTED_EDGE('',*,*,#9929,.T.);
#8707=ORIENTED_EDGE('',*,*,#9919,.T.);
#8708=ORIENTED_EDGE('',*,*,#9845,.F.);
#8709=ORIENTED_EDGE('',*,*,#9930,.T.);
#8710=ORIENTED_EDGE('',*,*,#9832,.F.);
#8711=ORIENTED_EDGE('',*,*,#9931,.F.);
#8712=ORIENTED_EDGE('',*,*,#9932,.T.);
#8713=ORIENTED_EDGE('',*,*,#9833,.F.);
#8714=ORIENTED_EDGE('',*,*,#9930,.F.);
#8715=ORIENTED_EDGE('',*,*,#9844,.F.);
#8716=ORIENTED_EDGE('',*,*,#9933,.T.);
#8717=ORIENTED_EDGE('',*,*,#9934,.F.);
#8718=ORIENTED_EDGE('',*,*,#9935,.F.);
#8719=ORIENTED_EDGE('',*,*,#9936,.F.);
#8720=ORIENTED_EDGE('',*,*,#9937,.T.);
#8721=ORIENTED_EDGE('',*,*,#9834,.F.);
#8722=ORIENTED_EDGE('',*,*,#9932,.F.);
#8723=ORIENTED_EDGE('',*,*,#9938,.F.);
#8724=ORIENTED_EDGE('',*,*,#9939,.F.);
#8725=ORIENTED_EDGE('',*,*,#9940,.F.);
#8726=ORIENTED_EDGE('',*,*,#9941,.F.);
#8727=ORIENTED_EDGE('',*,*,#9842,.F.);
#8728=ORIENTED_EDGE('',*,*,#9840,.T.);
#8729=ORIENTED_EDGE('',*,*,#9835,.F.);
#8730=ORIENTED_EDGE('',*,*,#9937,.F.);
#8731=ORIENTED_EDGE('',*,*,#9942,.T.);
#8732=ORIENTED_EDGE('',*,*,#9943,.F.);
#8733=ORIENTED_EDGE('',*,*,#9838,.T.);
#8734=ORIENTED_EDGE('',*,*,#9918,.T.);
#8735=ORIENTED_EDGE('',*,*,#9920,.T.);
#8736=ORIENTED_EDGE('',*,*,#9839,.T.);
#8737=ORIENTED_EDGE('',*,*,#9943,.T.);
#8738=ORIENTED_EDGE('',*,*,#9944,.T.);
#8739=ORIENTED_EDGE('',*,*,#9945,.F.);
#8740=ORIENTED_EDGE('',*,*,#9933,.F.);
#8741=ORIENTED_EDGE('',*,*,#9843,.F.);
#8742=ORIENTED_EDGE('',*,*,#9941,.T.);
#8743=ORIENTED_EDGE('',*,*,#9927,.T.);
#8744=ORIENTED_EDGE('',*,*,#9946,.F.);
#8745=ORIENTED_EDGE('',*,*,#9947,.F.);
#8746=ORIENTED_EDGE('',*,*,#9869,.F.);
#8747=ORIENTED_EDGE('',*,*,#9948,.T.);
#8748=ORIENTED_EDGE('',*,*,#9949,.T.);
#8749=ORIENTED_EDGE('',*,*,#9950,.T.);
#8750=ORIENTED_EDGE('',*,*,#9951,.T.);
#8751=ORIENTED_EDGE('',*,*,#9847,.F.);
#8752=ORIENTED_EDGE('',*,*,#9848,.T.);
#8753=ORIENTED_EDGE('',*,*,#9951,.F.);
#8754=ORIENTED_EDGE('',*,*,#9952,.F.);
#8755=ORIENTED_EDGE('',*,*,#9953,.T.);
#8756=ORIENTED_EDGE('',*,*,#9849,.T.);
#8757=ORIENTED_EDGE('',*,*,#9953,.F.);
#8758=ORIENTED_EDGE('',*,*,#9954,.F.);
#8759=ORIENTED_EDGE('',*,*,#9955,.T.);
#8760=ORIENTED_EDGE('',*,*,#9850,.T.);
#8761=ORIENTED_EDGE('',*,*,#9955,.F.);
#8762=ORIENTED_EDGE('',*,*,#9956,.F.);
#8763=ORIENTED_EDGE('',*,*,#9852,.T.);
#8764=ORIENTED_EDGE('',*,*,#9853,.T.);
#8765=ORIENTED_EDGE('',*,*,#9956,.T.);
#8766=ORIENTED_EDGE('',*,*,#9957,.F.);
#8767=ORIENTED_EDGE('',*,*,#9958,.F.);
#8768=ORIENTED_EDGE('',*,*,#9854,.T.);
#8769=ORIENTED_EDGE('',*,*,#9958,.T.);
#8770=ORIENTED_EDGE('',*,*,#9959,.F.);
#8771=ORIENTED_EDGE('',*,*,#9960,.F.);
#8772=ORIENTED_EDGE('',*,*,#9866,.F.);
#8773=ORIENTED_EDGE('',*,*,#9855,.T.);
#8774=ORIENTED_EDGE('',*,*,#9960,.T.);
#8775=ORIENTED_EDGE('',*,*,#9961,.F.);
#8776=ORIENTED_EDGE('',*,*,#9857,.T.);
#8777=ORIENTED_EDGE('',*,*,#9865,.F.);
#8778=ORIENTED_EDGE('',*,*,#9962,.T.);
#8779=ORIENTED_EDGE('',*,*,#9859,.T.);
#8780=ORIENTED_EDGE('',*,*,#9864,.F.);
#8781=ORIENTED_EDGE('',*,*,#9862,.T.);
#8782=ORIENTED_EDGE('',*,*,#9860,.T.);
#8783=ORIENTED_EDGE('',*,*,#9962,.F.);
#8784=ORIENTED_EDGE('',*,*,#9867,.F.);
#8785=ORIENTED_EDGE('',*,*,#9961,.T.);
#8786=ORIENTED_EDGE('',*,*,#9963,.T.);
#8787=ORIENTED_EDGE('',*,*,#9964,.F.);
#8788=ORIENTED_EDGE('',*,*,#9868,.F.);
#8789=ORIENTED_EDGE('',*,*,#9964,.T.);
#8790=ORIENTED_EDGE('',*,*,#9965,.T.);
#8791=ORIENTED_EDGE('',*,*,#9948,.F.);
#8792=ORIENTED_EDGE('',*,*,#9947,.T.);
#8793=ORIENTED_EDGE('',*,*,#9966,.T.);
#8794=ORIENTED_EDGE('',*,*,#9967,.F.);
#8795=ORIENTED_EDGE('',*,*,#9870,.F.);
#8796=ORIENTED_EDGE('',*,*,#9925,.T.);
#8797=ORIENTED_EDGE('',*,*,#9871,.F.);
#8798=ORIENTED_EDGE('',*,*,#9967,.T.);
#8799=ORIENTED_EDGE('',*,*,#9968,.T.);
#8800=ORIENTED_EDGE('',*,*,#9924,.T.);
#8801=ORIENTED_EDGE('',*,*,#9885,.F.);
#8802=ORIENTED_EDGE('',*,*,#9969,.T.);
#8803=ORIENTED_EDGE('',*,*,#9873,.T.);
#8804=ORIENTED_EDGE('',*,*,#9970,.T.);
#8805=ORIENTED_EDGE('',*,*,#9874,.T.);
#8806=ORIENTED_EDGE('',*,*,#9969,.F.);
#8807=ORIENTED_EDGE('',*,*,#9884,.F.);
#8808=ORIENTED_EDGE('',*,*,#9971,.T.);
#8809=ORIENTED_EDGE('',*,*,#9875,.T.);
#8810=ORIENTED_EDGE('',*,*,#9970,.F.);
#8811=ORIENTED_EDGE('',*,*,#9883,.F.);
#8812=ORIENTED_EDGE('',*,*,#9972,.T.);
#8813=ORIENTED_EDGE('',*,*,#9876,.T.);
#8814=ORIENTED_EDGE('',*,*,#9971,.F.);
#8815=ORIENTED_EDGE('',*,*,#9882,.F.);
#8816=ORIENTED_EDGE('',*,*,#9879,.T.);
#8817=ORIENTED_EDGE('',*,*,#9877,.T.);
#8818=ORIENTED_EDGE('',*,*,#9972,.F.);
#8819=ORIENTED_EDGE('',*,*,#9881,.F.);
#8820=ORIENTED_EDGE('',*,*,#9923,.T.);
#8821=ORIENTED_EDGE('',*,*,#9911,.F.);
#8822=ORIENTED_EDGE('',*,*,#9973,.F.);
#8823=ORIENTED_EDGE('',*,*,#9887,.F.);
#8824=ORIENTED_EDGE('',*,*,#9910,.F.);
#8825=ORIENTED_EDGE('',*,*,#9974,.F.);
#8826=ORIENTED_EDGE('',*,*,#9888,.F.);
#8827=ORIENTED_EDGE('',*,*,#9973,.T.);
#8828=ORIENTED_EDGE('',*,*,#9909,.F.);
#8829=ORIENTED_EDGE('',*,*,#9975,.F.);
#8830=ORIENTED_EDGE('',*,*,#9889,.F.);
#8831=ORIENTED_EDGE('',*,*,#9974,.T.);
#8832=ORIENTED_EDGE('',*,*,#9908,.F.);
#8833=ORIENTED_EDGE('',*,*,#9976,.F.);
#8834=ORIENTED_EDGE('',*,*,#9890,.F.);
#8835=ORIENTED_EDGE('',*,*,#9975,.T.);
#8836=ORIENTED_EDGE('',*,*,#9907,.F.);
#8837=ORIENTED_EDGE('',*,*,#9977,.F.);
#8838=ORIENTED_EDGE('',*,*,#9891,.F.);
#8839=ORIENTED_EDGE('',*,*,#9976,.T.);
#8840=ORIENTED_EDGE('',*,*,#9906,.F.);
#8841=ORIENTED_EDGE('',*,*,#9978,.F.);
#8842=ORIENTED_EDGE('',*,*,#9892,.F.);
#8843=ORIENTED_EDGE('',*,*,#9977,.T.);
#8844=ORIENTED_EDGE('',*,*,#9905,.F.);
#8845=ORIENTED_EDGE('',*,*,#9979,.F.);
#8846=ORIENTED_EDGE('',*,*,#9893,.F.);
#8847=ORIENTED_EDGE('',*,*,#9978,.T.);
#8848=ORIENTED_EDGE('',*,*,#9904,.F.);
#8849=ORIENTED_EDGE('',*,*,#9980,.F.);
#8850=ORIENTED_EDGE('',*,*,#9894,.F.);
#8851=ORIENTED_EDGE('',*,*,#9979,.T.);
#8852=ORIENTED_EDGE('',*,*,#9903,.F.);
#8853=ORIENTED_EDGE('',*,*,#9897,.F.);
#8854=ORIENTED_EDGE('',*,*,#9895,.F.);
#8855=ORIENTED_EDGE('',*,*,#9980,.T.);
#8856=ORIENTED_EDGE('',*,*,#9922,.T.);
#8857=ORIENTED_EDGE('',*,*,#9981,.T.);
#8858=ORIENTED_EDGE('',*,*,#9982,.F.);
#8859=ORIENTED_EDGE('',*,*,#9900,.F.);
#8860=ORIENTED_EDGE('',*,*,#9983,.T.);
#8861=ORIENTED_EDGE('',*,*,#9984,.F.);
#8862=ORIENTED_EDGE('',*,*,#9901,.F.);
#8863=ORIENTED_EDGE('',*,*,#9982,.T.);
#8864=ORIENTED_EDGE('',*,*,#9915,.T.);
#8865=ORIENTED_EDGE('',*,*,#9914,.T.);
#8866=ORIENTED_EDGE('',*,*,#9902,.F.);
#8867=ORIENTED_EDGE('',*,*,#9984,.T.);
#8868=ORIENTED_EDGE('',*,*,#9912,.F.);
#8869=ORIENTED_EDGE('',*,*,#9985,.F.);
#8870=ORIENTED_EDGE('',*,*,#9913,.F.);
#8871=ORIENTED_EDGE('',*,*,#9986,.F.);
#8872=ORIENTED_EDGE('',*,*,#9983,.F.);
#8873=ORIENTED_EDGE('',*,*,#9987,.F.);
#8874=ORIENTED_EDGE('',*,*,#9942,.F.);
#8875=ORIENTED_EDGE('',*,*,#9916,.T.);
#8876=ORIENTED_EDGE('',*,*,#9921,.T.);
#8877=ORIENTED_EDGE('',*,*,#9944,.F.);
#8878=ORIENTED_EDGE('',*,*,#9987,.T.);
#8879=ORIENTED_EDGE('',*,*,#9981,.F.);
#8880=ORIENTED_EDGE('',*,*,#9926,.T.);
#8881=ORIENTED_EDGE('',*,*,#9968,.F.);
#8882=ORIENTED_EDGE('',*,*,#9966,.F.);
#8883=ORIENTED_EDGE('',*,*,#9946,.T.);
#8884=ORIENTED_EDGE('',*,*,#9928,.F.);
#8885=ORIENTED_EDGE('',*,*,#9988,.T.);
#8886=ORIENTED_EDGE('',*,*,#9929,.F.);
#8887=ORIENTED_EDGE('',*,*,#9989,.T.);
#8888=ORIENTED_EDGE('',*,*,#9938,.T.);
#8889=ORIENTED_EDGE('',*,*,#9936,.T.);
#8890=ORIENTED_EDGE('',*,*,#9931,.T.);
#8891=ORIENTED_EDGE('',*,*,#9990,.F.);
#8892=ORIENTED_EDGE('',*,*,#9940,.T.);
#8893=ORIENTED_EDGE('',*,*,#9991,.F.);
#8894=ORIENTED_EDGE('',*,*,#9934,.T.);
#8895=ORIENTED_EDGE('',*,*,#9945,.T.);
#8896=ORIENTED_EDGE('',*,*,#9939,.T.);
#8897=ORIENTED_EDGE('',*,*,#9990,.T.);
#8898=ORIENTED_EDGE('',*,*,#9935,.T.);
#8899=ORIENTED_EDGE('',*,*,#9991,.T.);
#8900=ORIENTED_EDGE('',*,*,#9992,.T.);
#8901=ORIENTED_EDGE('',*,*,#9993,.T.);
#8902=ORIENTED_EDGE('',*,*,#9949,.F.);
#8903=ORIENTED_EDGE('',*,*,#9965,.F.);
#8904=ORIENTED_EDGE('',*,*,#9994,.T.);
#8905=ORIENTED_EDGE('',*,*,#9952,.T.);
#8906=ORIENTED_EDGE('',*,*,#9950,.F.);
#8907=ORIENTED_EDGE('',*,*,#9993,.F.);
#8908=ORIENTED_EDGE('',*,*,#9957,.T.);
#8909=ORIENTED_EDGE('',*,*,#9954,.T.);
#8910=ORIENTED_EDGE('',*,*,#9994,.F.);
#8911=ORIENTED_EDGE('',*,*,#9995,.F.);
#8912=ORIENTED_EDGE('',*,*,#9959,.T.);
#8913=ORIENTED_EDGE('',*,*,#9995,.T.);
#8914=ORIENTED_EDGE('',*,*,#9992,.F.);
#8915=ORIENTED_EDGE('',*,*,#9963,.F.);
#8916=ORIENTED_EDGE('',*,*,#9985,.T.);
#8917=ORIENTED_EDGE('',*,*,#9986,.T.);
#8918=ORIENTED_EDGE('',*,*,#9988,.F.);
#8919=ORIENTED_EDGE('',*,*,#9996,.F.);
#8920=ORIENTED_EDGE('',*,*,#9989,.F.);
#8921=ORIENTED_EDGE('',*,*,#9997,.F.);
#8922=ORIENTED_EDGE('',*,*,#9996,.T.);
#8923=ORIENTED_EDGE('',*,*,#9997,.T.);
#8924=ORIENTED_EDGE('',*,*,#9998,.F.);
#8925=ORIENTED_EDGE('',*,*,#9999,.F.);
#8926=ORIENTED_EDGE('',*,*,#10000,.F.);
#8927=ORIENTED_EDGE('',*,*,#10001,.F.);
#8928=ORIENTED_EDGE('',*,*,#10002,.F.);
#8929=ORIENTED_EDGE('',*,*,#10003,.F.);
#8930=ORIENTED_EDGE('',*,*,#10004,.F.);
#8931=ORIENTED_EDGE('',*,*,#10005,.F.);
#8932=ORIENTED_EDGE('',*,*,#10006,.T.);
#8933=ORIENTED_EDGE('',*,*,#10007,.F.);
#8934=ORIENTED_EDGE('',*,*,#10008,.F.);
#8935=ORIENTED_EDGE('',*,*,#10009,.F.);
#8936=ORIENTED_EDGE('',*,*,#10010,.F.);
#8937=ORIENTED_EDGE('',*,*,#10003,.T.);
#8938=ORIENTED_EDGE('',*,*,#10011,.T.);
#8939=ORIENTED_EDGE('',*,*,#10012,.T.);
#8940=ORIENTED_EDGE('',*,*,#10013,.F.);
#8941=ORIENTED_EDGE('',*,*,#10014,.F.);
#8942=ORIENTED_EDGE('',*,*,#10015,.F.);
#8943=ORIENTED_EDGE('',*,*,#10016,.F.);
#8944=ORIENTED_EDGE('',*,*,#10017,.F.);
#8945=ORIENTED_EDGE('',*,*,#10018,.F.);
#8946=ORIENTED_EDGE('',*,*,#10019,.F.);
#8947=ORIENTED_EDGE('',*,*,#10020,.T.);
#8948=ORIENTED_EDGE('',*,*,#10021,.F.);
#8949=ORIENTED_EDGE('',*,*,#10022,.F.);
#8950=ORIENTED_EDGE('',*,*,#10023,.F.);
#8951=ORIENTED_EDGE('',*,*,#10024,.T.);
#8952=ORIENTED_EDGE('',*,*,#10025,.F.);
#8953=ORIENTED_EDGE('',*,*,#10026,.T.);
#8954=ORIENTED_EDGE('',*,*,#10027,.T.);
#8955=ORIENTED_EDGE('',*,*,#10005,.T.);
#8956=ORIENTED_EDGE('',*,*,#10028,.F.);
#8957=ORIENTED_EDGE('',*,*,#10009,.T.);
#8958=ORIENTED_EDGE('',*,*,#10029,.T.);
#8959=ORIENTED_EDGE('',*,*,#9999,.T.);
#8960=ORIENTED_EDGE('',*,*,#10010,.T.);
#8961=ORIENTED_EDGE('',*,*,#10030,.T.);
#8962=ORIENTED_EDGE('',*,*,#10031,.F.);
#8963=ORIENTED_EDGE('',*,*,#10032,.F.);
#8964=ORIENTED_EDGE('',*,*,#9998,.T.);
#8965=ORIENTED_EDGE('',*,*,#10032,.T.);
#8966=ORIENTED_EDGE('',*,*,#10033,.F.);
#8967=ORIENTED_EDGE('',*,*,#10034,.F.);
#8968=ORIENTED_EDGE('',*,*,#10028,.T.);
#8969=ORIENTED_EDGE('',*,*,#10034,.T.);
#8970=ORIENTED_EDGE('',*,*,#10035,.F.);
#8971=ORIENTED_EDGE('',*,*,#10036,.F.);
#8972=ORIENTED_EDGE('',*,*,#10004,.T.);
#8973=ORIENTED_EDGE('',*,*,#10036,.T.);
#8974=ORIENTED_EDGE('',*,*,#10037,.F.);
#8975=ORIENTED_EDGE('',*,*,#10030,.F.);
#8976=ORIENTED_EDGE('',*,*,#10000,.T.);
#8977=ORIENTED_EDGE('',*,*,#10029,.F.);
#8978=ORIENTED_EDGE('',*,*,#10008,.T.);
#8979=ORIENTED_EDGE('',*,*,#10038,.T.);
#8980=ORIENTED_EDGE('',*,*,#10001,.T.);
#8981=ORIENTED_EDGE('',*,*,#10038,.F.);
#8982=ORIENTED_EDGE('',*,*,#10007,.T.);
#8983=ORIENTED_EDGE('',*,*,#10039,.T.);
#8984=ORIENTED_EDGE('',*,*,#10040,.T.);
#8985=ORIENTED_EDGE('',*,*,#10041,.F.);
#8986=ORIENTED_EDGE('',*,*,#10042,.F.);
#8987=ORIENTED_EDGE('',*,*,#10043,.T.);
#8988=ORIENTED_EDGE('',*,*,#10044,.T.);
#8989=ORIENTED_EDGE('',*,*,#10045,.F.);
#8990=ORIENTED_EDGE('',*,*,#10046,.T.);
#8991=ORIENTED_EDGE('',*,*,#10047,.T.);
#8992=ORIENTED_EDGE('',*,*,#10011,.F.);
#8993=ORIENTED_EDGE('',*,*,#10002,.T.);
#8994=ORIENTED_EDGE('',*,*,#10047,.F.);
#8995=ORIENTED_EDGE('',*,*,#10048,.F.);
#8996=ORIENTED_EDGE('',*,*,#10027,.F.);
#8997=ORIENTED_EDGE('',*,*,#10049,.T.);
#8998=ORIENTED_EDGE('',*,*,#10039,.F.);
#8999=ORIENTED_EDGE('',*,*,#10006,.F.);
#9000=ORIENTED_EDGE('',*,*,#10012,.F.);
#9001=ORIENTED_EDGE('',*,*,#10048,.T.);
#9002=ORIENTED_EDGE('',*,*,#10046,.F.);
#9003=ORIENTED_EDGE('',*,*,#10050,.F.);
#9004=ORIENTED_EDGE('',*,*,#10051,.F.);
#9005=ORIENTED_EDGE('',*,*,#10051,.T.);
#9006=ORIENTED_EDGE('',*,*,#10052,.T.);
#9007=ORIENTED_EDGE('',*,*,#10053,.T.);
#9008=ORIENTED_EDGE('',*,*,#10054,.T.);
#9009=ORIENTED_EDGE('',*,*,#10055,.T.);
#9010=ORIENTED_EDGE('',*,*,#10056,.T.);
#9011=ORIENTED_EDGE('',*,*,#10057,.T.);
#9012=ORIENTED_EDGE('',*,*,#10058,.T.);
#9013=ORIENTED_EDGE('',*,*,#10059,.T.);
#9014=ORIENTED_EDGE('',*,*,#10025,.T.);
#9015=ORIENTED_EDGE('',*,*,#10060,.T.);
#9016=ORIENTED_EDGE('',*,*,#10061,.T.);
#9017=ORIENTED_EDGE('',*,*,#10062,.T.);
#9018=ORIENTED_EDGE('',*,*,#10063,.T.);
#9019=ORIENTED_EDGE('',*,*,#10064,.T.);
#9020=ORIENTED_EDGE('',*,*,#10013,.T.);
#9021=ORIENTED_EDGE('',*,*,#10065,.F.);
#9022=ORIENTED_EDGE('',*,*,#10066,.F.);
#9023=ORIENTED_EDGE('',*,*,#10067,.F.);
#9024=ORIENTED_EDGE('',*,*,#10068,.F.);
#9025=ORIENTED_EDGE('',*,*,#10018,.T.);
#9026=ORIENTED_EDGE('',*,*,#10069,.F.);
#9027=ORIENTED_EDGE('',*,*,#10070,.F.);
#9028=ORIENTED_EDGE('',*,*,#10071,.F.);
#9029=ORIENTED_EDGE('',*,*,#10014,.T.);
#9030=ORIENTED_EDGE('',*,*,#10064,.F.);
#9031=ORIENTED_EDGE('',*,*,#10072,.F.);
#9032=ORIENTED_EDGE('',*,*,#10073,.F.);
#9033=ORIENTED_EDGE('',*,*,#10015,.T.);
#9034=ORIENTED_EDGE('',*,*,#10071,.T.);
#9035=ORIENTED_EDGE('',*,*,#10074,.F.);
#9036=ORIENTED_EDGE('',*,*,#10075,.F.);
#9037=ORIENTED_EDGE('',*,*,#10016,.T.);
#9038=ORIENTED_EDGE('',*,*,#10075,.T.);
#9039=ORIENTED_EDGE('',*,*,#10076,.T.);
#9040=ORIENTED_EDGE('',*,*,#10077,.F.);
#9041=ORIENTED_EDGE('',*,*,#10017,.T.);
#9042=ORIENTED_EDGE('',*,*,#10077,.T.);
#9043=ORIENTED_EDGE('',*,*,#10078,.T.);
#9044=ORIENTED_EDGE('',*,*,#10069,.T.);
#9045=ORIENTED_EDGE('',*,*,#10079,.T.);
#9046=ORIENTED_EDGE('',*,*,#10019,.T.);
#9047=ORIENTED_EDGE('',*,*,#10068,.T.);
#9048=ORIENTED_EDGE('',*,*,#10080,.T.);
#9049=ORIENTED_EDGE('',*,*,#10081,.T.);
#9050=ORIENTED_EDGE('',*,*,#10082,.T.);
#9051=ORIENTED_EDGE('',*,*,#10083,.F.);
#9052=ORIENTED_EDGE('',*,*,#10084,.F.);
#9053=ORIENTED_EDGE('',*,*,#10085,.T.);
#9054=ORIENTED_EDGE('',*,*,#10060,.F.);
#9055=ORIENTED_EDGE('',*,*,#10024,.F.);
#9056=ORIENTED_EDGE('',*,*,#10086,.F.);
#9057=ORIENTED_EDGE('',*,*,#10087,.F.);
#9058=ORIENTED_EDGE('',*,*,#10088,.F.);
#9059=ORIENTED_EDGE('',*,*,#10020,.F.);
#9060=ORIENTED_EDGE('',*,*,#10079,.F.);
#9061=ORIENTED_EDGE('',*,*,#10089,.T.);
#9062=ORIENTED_EDGE('',*,*,#10090,.F.);
#9063=ORIENTED_EDGE('',*,*,#10021,.T.);
#9064=ORIENTED_EDGE('',*,*,#10088,.T.);
#9065=ORIENTED_EDGE('',*,*,#10091,.F.);
#9066=ORIENTED_EDGE('',*,*,#10092,.F.);
#9067=ORIENTED_EDGE('',*,*,#10022,.T.);
#9068=ORIENTED_EDGE('',*,*,#10092,.T.);
#9069=ORIENTED_EDGE('',*,*,#10093,.F.);
#9070=ORIENTED_EDGE('',*,*,#10094,.F.);
#9071=ORIENTED_EDGE('',*,*,#10023,.T.);
#9072=ORIENTED_EDGE('',*,*,#10094,.T.);
#9073=ORIENTED_EDGE('',*,*,#10095,.T.);
#9074=ORIENTED_EDGE('',*,*,#10086,.T.);
#9075=ORIENTED_EDGE('',*,*,#10026,.F.);
#9076=ORIENTED_EDGE('',*,*,#10059,.F.);
#9077=ORIENTED_EDGE('',*,*,#10096,.F.);
#9078=ORIENTED_EDGE('',*,*,#10040,.F.);
#9079=ORIENTED_EDGE('',*,*,#10049,.F.);
#9080=ORIENTED_EDGE('',*,*,#10037,.T.);
#9081=ORIENTED_EDGE('',*,*,#10035,.T.);
#9082=ORIENTED_EDGE('',*,*,#10033,.T.);
#9083=ORIENTED_EDGE('',*,*,#10031,.T.);
#9084=ORIENTED_EDGE('',*,*,#10096,.T.);
#9085=ORIENTED_EDGE('',*,*,#10058,.F.);
#9086=ORIENTED_EDGE('',*,*,#10097,.F.);
#9087=ORIENTED_EDGE('',*,*,#10041,.T.);
#9088=ORIENTED_EDGE('',*,*,#10098,.T.);
#9089=ORIENTED_EDGE('',*,*,#10042,.T.);
#9090=ORIENTED_EDGE('',*,*,#10099,.T.);
#9091=ORIENTED_EDGE('',*,*,#10100,.F.);
#9092=ORIENTED_EDGE('',*,*,#10101,.F.);
#9093=ORIENTED_EDGE('',*,*,#10102,.T.);
#9094=ORIENTED_EDGE('',*,*,#10103,.F.);
#9095=ORIENTED_EDGE('',*,*,#10043,.F.);
#9096=ORIENTED_EDGE('',*,*,#10104,.T.);
#9097=ORIENTED_EDGE('',*,*,#10044,.F.);
#9098=ORIENTED_EDGE('',*,*,#10105,.T.);
#9099=ORIENTED_EDGE('',*,*,#10106,.T.);
#9100=ORIENTED_EDGE('',*,*,#10050,.T.);
#9101=ORIENTED_EDGE('',*,*,#10045,.T.);
#9102=ORIENTED_EDGE('',*,*,#10107,.F.);
#9103=ORIENTED_EDGE('',*,*,#10052,.F.);
#9104=ORIENTED_EDGE('',*,*,#10108,.T.);
#9105=ORIENTED_EDGE('',*,*,#10109,.T.);
#9106=ORIENTED_EDGE('',*,*,#10053,.F.);
#9107=ORIENTED_EDGE('',*,*,#10110,.T.);
#9108=ORIENTED_EDGE('',*,*,#10111,.T.);
#9109=ORIENTED_EDGE('',*,*,#10112,.T.);
#9110=ORIENTED_EDGE('',*,*,#10054,.F.);
#9111=ORIENTED_EDGE('',*,*,#10109,.F.);
#9112=ORIENTED_EDGE('',*,*,#10113,.T.);
#9113=ORIENTED_EDGE('',*,*,#10114,.T.);
#9114=ORIENTED_EDGE('',*,*,#10055,.F.);
#9115=ORIENTED_EDGE('',*,*,#10112,.F.);
#9116=ORIENTED_EDGE('',*,*,#10115,.T.);
#9117=ORIENTED_EDGE('',*,*,#10116,.T.);
#9118=ORIENTED_EDGE('',*,*,#10056,.F.);
#9119=ORIENTED_EDGE('',*,*,#10114,.F.);
#9120=ORIENTED_EDGE('',*,*,#10117,.T.);
#9121=ORIENTED_EDGE('',*,*,#10057,.F.);
#9122=ORIENTED_EDGE('',*,*,#10116,.F.);
#9123=ORIENTED_EDGE('',*,*,#10118,.T.);
#9124=ORIENTED_EDGE('',*,*,#10119,.F.);
#9125=ORIENTED_EDGE('',*,*,#10120,.F.);
#9126=ORIENTED_EDGE('',*,*,#10089,.F.);
#9127=ORIENTED_EDGE('',*,*,#10082,.F.);
#9128=ORIENTED_EDGE('',*,*,#10121,.T.);
#9129=ORIENTED_EDGE('',*,*,#10061,.F.);
#9130=ORIENTED_EDGE('',*,*,#10085,.F.);
#9131=ORIENTED_EDGE('',*,*,#10122,.F.);
#9132=ORIENTED_EDGE('',*,*,#10081,.F.);
#9133=ORIENTED_EDGE('',*,*,#10123,.T.);
#9134=ORIENTED_EDGE('',*,*,#10062,.F.);
#9135=ORIENTED_EDGE('',*,*,#10121,.F.);
#9136=ORIENTED_EDGE('',*,*,#10124,.F.);
#9137=ORIENTED_EDGE('',*,*,#10125,.F.);
#9138=ORIENTED_EDGE('',*,*,#10072,.T.);
#9139=ORIENTED_EDGE('',*,*,#10063,.F.);
#9140=ORIENTED_EDGE('',*,*,#10123,.F.);
#9141=ORIENTED_EDGE('',*,*,#10080,.F.);
#9142=ORIENTED_EDGE('',*,*,#10067,.T.);
#9143=ORIENTED_EDGE('',*,*,#10126,.F.);
#9144=ORIENTED_EDGE('',*,*,#10065,.T.);
#9145=ORIENTED_EDGE('',*,*,#10127,.T.);
#9146=ORIENTED_EDGE('',*,*,#10128,.T.);
#9147=ORIENTED_EDGE('',*,*,#10129,.F.);
#9148=ORIENTED_EDGE('',*,*,#10066,.T.);
#9149=ORIENTED_EDGE('',*,*,#10129,.T.);
#9150=ORIENTED_EDGE('',*,*,#10130,.T.);
#9151=ORIENTED_EDGE('',*,*,#10126,.T.);
#9152=ORIENTED_EDGE('',*,*,#10070,.T.);
#9153=ORIENTED_EDGE('',*,*,#10078,.F.);
#9154=ORIENTED_EDGE('',*,*,#10076,.F.);
#9155=ORIENTED_EDGE('',*,*,#10074,.T.);
#9156=ORIENTED_EDGE('',*,*,#10073,.T.);
#9157=ORIENTED_EDGE('',*,*,#10125,.T.);
#9158=ORIENTED_EDGE('',*,*,#10131,.F.);
#9159=ORIENTED_EDGE('',*,*,#10127,.F.);
#9160=ORIENTED_EDGE('',*,*,#10083,.T.);
#9161=ORIENTED_EDGE('',*,*,#10132,.T.);
#9162=ORIENTED_EDGE('',*,*,#10133,.F.);
#9163=ORIENTED_EDGE('',*,*,#10134,.F.);
#9164=ORIENTED_EDGE('',*,*,#10084,.T.);
#9165=ORIENTED_EDGE('',*,*,#10134,.T.);
#9166=ORIENTED_EDGE('',*,*,#10135,.T.);
#9167=ORIENTED_EDGE('',*,*,#10122,.T.);
#9168=ORIENTED_EDGE('',*,*,#10087,.T.);
#9169=ORIENTED_EDGE('',*,*,#10095,.F.);
#9170=ORIENTED_EDGE('',*,*,#10093,.T.);
#9171=ORIENTED_EDGE('',*,*,#10091,.T.);
#9172=ORIENTED_EDGE('',*,*,#10090,.T.);
#9173=ORIENTED_EDGE('',*,*,#10120,.T.);
#9174=ORIENTED_EDGE('',*,*,#10136,.F.);
#9175=ORIENTED_EDGE('',*,*,#10132,.F.);
#9176=ORIENTED_EDGE('',*,*,#10097,.T.);
#9177=ORIENTED_EDGE('',*,*,#10117,.F.);
#9178=ORIENTED_EDGE('',*,*,#10099,.F.);
#9179=ORIENTED_EDGE('',*,*,#10101,.T.);
#9180=ORIENTED_EDGE('',*,*,#10098,.F.);
#9181=ORIENTED_EDGE('',*,*,#10137,.F.);
#9182=ORIENTED_EDGE('',*,*,#10138,.T.);
#9183=ORIENTED_EDGE('',*,*,#10100,.T.);
#9184=ORIENTED_EDGE('',*,*,#10118,.F.);
#9185=ORIENTED_EDGE('',*,*,#10139,.F.);
#9186=ORIENTED_EDGE('',*,*,#10140,.F.);
#9187=ORIENTED_EDGE('',*,*,#10141,.F.);
#9188=ORIENTED_EDGE('',*,*,#10142,.F.);
#9189=ORIENTED_EDGE('',*,*,#10143,.F.);
#9190=ORIENTED_EDGE('',*,*,#10144,.F.);
#9191=ORIENTED_EDGE('',*,*,#10102,.F.);
#9192=ORIENTED_EDGE('',*,*,#10103,.T.);
#9193=ORIENTED_EDGE('',*,*,#10145,.F.);
#9194=ORIENTED_EDGE('',*,*,#10105,.F.);
#9195=ORIENTED_EDGE('',*,*,#10107,.T.);
#9196=ORIENTED_EDGE('',*,*,#10104,.F.);
#9197=ORIENTED_EDGE('',*,*,#10110,.F.);
#9198=ORIENTED_EDGE('',*,*,#10108,.F.);
#9199=ORIENTED_EDGE('',*,*,#10106,.F.);
#9200=ORIENTED_EDGE('',*,*,#10146,.T.);
#9201=ORIENTED_EDGE('',*,*,#10147,.T.);
#9202=ORIENTED_EDGE('',*,*,#10111,.F.);
#9203=ORIENTED_EDGE('',*,*,#10147,.F.);
#9204=ORIENTED_EDGE('',*,*,#10148,.T.);
#9205=ORIENTED_EDGE('',*,*,#10149,.T.);
#9206=ORIENTED_EDGE('',*,*,#10113,.F.);
#9207=ORIENTED_EDGE('',*,*,#10149,.F.);
#9208=ORIENTED_EDGE('',*,*,#10150,.T.);
#9209=ORIENTED_EDGE('',*,*,#10151,.T.);
#9210=ORIENTED_EDGE('',*,*,#10152,.T.);
#9211=ORIENTED_EDGE('',*,*,#10139,.T.);
#9212=ORIENTED_EDGE('',*,*,#10115,.F.);
#9213=ORIENTED_EDGE('',*,*,#10151,.F.);
#9214=ORIENTED_EDGE('',*,*,#10119,.T.);
#9215=ORIENTED_EDGE('',*,*,#10135,.F.);
#9216=ORIENTED_EDGE('',*,*,#10133,.T.);
#9217=ORIENTED_EDGE('',*,*,#10136,.T.);
#9218=ORIENTED_EDGE('',*,*,#10124,.T.);
#9219=ORIENTED_EDGE('',*,*,#10130,.F.);
#9220=ORIENTED_EDGE('',*,*,#10128,.F.);
#9221=ORIENTED_EDGE('',*,*,#10131,.T.);
#9222=ORIENTED_EDGE('',*,*,#10138,.F.);
#9223=ORIENTED_EDGE('',*,*,#10153,.T.);
#9224=ORIENTED_EDGE('',*,*,#10140,.T.);
#9225=ORIENTED_EDGE('',*,*,#10137,.T.);
#9226=ORIENTED_EDGE('',*,*,#10152,.F.);
#9227=ORIENTED_EDGE('',*,*,#10154,.T.);
#9228=ORIENTED_EDGE('',*,*,#10141,.T.);
#9229=ORIENTED_EDGE('',*,*,#10153,.F.);
#9230=ORIENTED_EDGE('',*,*,#10154,.F.);
#9231=ORIENTED_EDGE('',*,*,#10150,.F.);
#9232=ORIENTED_EDGE('',*,*,#10155,.T.);
#9233=ORIENTED_EDGE('',*,*,#10142,.T.);
#9234=ORIENTED_EDGE('',*,*,#10148,.F.);
#9235=ORIENTED_EDGE('',*,*,#10156,.T.);
#9236=ORIENTED_EDGE('',*,*,#10143,.T.);
#9237=ORIENTED_EDGE('',*,*,#10155,.F.);
#9238=ORIENTED_EDGE('',*,*,#10145,.T.);
#9239=ORIENTED_EDGE('',*,*,#10144,.T.);
#9240=ORIENTED_EDGE('',*,*,#10156,.F.);
#9241=ORIENTED_EDGE('',*,*,#10146,.F.);
#9242=EDGE_CURVE('',#10157,#10158,#10159,.T.);
#9243=EDGE_CURVE('',#10160,#10157,#10161,.T.);
#9244=EDGE_CURVE('',#10162,#10160,#10163,.T.);
#9245=EDGE_CURVE('',#10164,#10162,#10165,.T.);
#9246=EDGE_CURVE('',#10166,#10164,#10167,.T.);
#9247=EDGE_CURVE('',#10168,#10166,#10169,.T.);
#9248=EDGE_CURVE('',#10170,#10168,#10171,.T.);
#9249=EDGE_CURVE('',#10172,#10170,#10173,.T.);
#9250=EDGE_CURVE('',#10174,#10172,#10175,.T.);
#9251=EDGE_CURVE('',#10176,#10174,#10177,.T.);
#9252=EDGE_CURVE('',#10178,#10176,#10179,.T.);
#9253=EDGE_CURVE('',#10180,#10178,#10181,.T.);
#9254=EDGE_CURVE('',#10182,#10180,#10183,.T.);
#9255=EDGE_CURVE('',#10184,#10182,#10185,.T.);
#9256=EDGE_CURVE('',#10186,#10184,#10187,.T.);
#9257=EDGE_CURVE('',#10188,#10186,#10189,.T.);
#9258=EDGE_CURVE('',#10190,#10188,#10191,.T.);
#9259=EDGE_CURVE('',#10192,#10190,#10193,.T.);
#9260=EDGE_CURVE('',#10194,#10192,#10195,.T.);
#9261=EDGE_CURVE('',#10196,#10194,#10197,.T.);
#9262=EDGE_CURVE('',#10198,#10196,#10199,.T.);
#9263=EDGE_CURVE('',#10158,#10198,#10200,.T.);
#9264=EDGE_CURVE('',#10201,#10201,#10202,.T.);
#9265=EDGE_CURVE('',#10203,#10203,#10204,.T.);
#9266=EDGE_CURVE('',#10205,#10205,#10206,.T.);
#9267=EDGE_CURVE('',#10207,#10207,#10208,.T.);
#9268=EDGE_CURVE('',#10209,#10209,#10210,.T.);
#9269=EDGE_CURVE('',#10211,#10211,#10212,.T.);
#9270=EDGE_CURVE('',#10213,#10213,#10214,.T.);
#9271=EDGE_CURVE('',#10215,#10215,#10216,.T.);
#9272=EDGE_CURVE('',#10217,#10217,#10218,.T.);
#9273=EDGE_CURVE('',#10219,#10220,#10221,.T.);
#9274=EDGE_CURVE('',#10220,#10222,#10223,.T.);
#9275=EDGE_CURVE('',#10222,#10224,#10225,.T.);
#9276=EDGE_CURVE('',#10224,#10226,#10227,.T.);
#9277=EDGE_CURVE('',#10226,#10228,#10229,.T.);
#9278=EDGE_CURVE('',#10228,#10230,#10231,.T.);
#9279=EDGE_CURVE('',#10230,#10232,#10233,.T.);
#9280=EDGE_CURVE('',#10232,#10234,#10235,.T.);
#9281=EDGE_CURVE('',#10234,#10236,#10237,.T.);
#9282=EDGE_CURVE('',#10236,#10238,#10239,.T.);
#9283=EDGE_CURVE('',#10238,#10240,#10241,.T.);
#9284=EDGE_CURVE('',#10240,#10242,#10243,.T.);
#9285=EDGE_CURVE('',#10242,#10244,#10245,.T.);
#9286=EDGE_CURVE('',#10244,#10246,#10247,.T.);
#9287=EDGE_CURVE('',#10246,#10248,#10249,.T.);
#9288=EDGE_CURVE('',#10248,#10250,#10251,.T.);
#9289=EDGE_CURVE('',#10250,#10252,#10253,.T.);
#9290=EDGE_CURVE('',#10252,#10254,#10255,.T.);
#9291=EDGE_CURVE('',#10254,#10256,#10257,.T.);
#9292=EDGE_CURVE('',#10256,#10258,#10259,.T.);
#9293=EDGE_CURVE('',#10258,#10260,#10261,.T.);
#9294=EDGE_CURVE('',#10260,#10219,#10262,.T.);
#9295=EDGE_CURVE('',#10263,#10263,#10264,.F.);
#9296=EDGE_CURVE('',#10265,#10265,#10266,.F.);
#9297=EDGE_CURVE('',#10267,#10267,#10268,.F.);
#9298=EDGE_CURVE('',#10269,#10269,#10270,.F.);
#9299=EDGE_CURVE('',#10271,#10271,#10272,.F.);
#9300=EDGE_CURVE('',#10273,#10273,#10274,.F.);
#9301=EDGE_CURVE('',#10275,#10275,#10276,.F.);
#9302=EDGE_CURVE('',#10277,#10277,#10278,.F.);
#9303=EDGE_CURVE('',#10279,#10279,#10280,.F.);
#9304=EDGE_CURVE('',#10158,#10219,#10281,.T.);
#9305=EDGE_CURVE('',#10157,#10260,#10282,.T.);
#9306=EDGE_CURVE('',#10160,#10258,#10283,.T.);
#9307=EDGE_CURVE('',#10162,#10256,#10284,.T.);
#9308=EDGE_CURVE('',#10164,#10254,#10285,.T.);
#9309=EDGE_CURVE('',#10166,#10252,#10286,.T.);
#9310=EDGE_CURVE('',#10168,#10250,#10287,.T.);
#9311=EDGE_CURVE('',#10170,#10248,#10288,.T.);
#9312=EDGE_CURVE('',#10172,#10246,#10289,.T.);
#9313=EDGE_CURVE('',#10174,#10244,#10290,.T.);
#9314=EDGE_CURVE('',#10176,#10242,#10291,.T.);
#9315=EDGE_CURVE('',#10178,#10240,#10292,.T.);
#9316=EDGE_CURVE('',#10180,#10238,#10293,.T.);
#9317=EDGE_CURVE('',#10182,#10236,#10294,.T.);
#9318=EDGE_CURVE('',#10184,#10234,#10295,.T.);
#9319=EDGE_CURVE('',#10186,#10232,#10296,.T.);
#9320=EDGE_CURVE('',#10188,#10230,#10297,.T.);
#9321=EDGE_CURVE('',#10190,#10228,#10298,.T.);
#9322=EDGE_CURVE('',#10192,#10226,#10299,.T.);
#9323=EDGE_CURVE('',#10194,#10224,#10300,.T.);
#9324=EDGE_CURVE('',#10196,#10222,#10301,.T.);
#9325=EDGE_CURVE('',#10198,#10220,#10302,.T.);
#9326=EDGE_CURVE('',#10303,#10304,#10305,.T.);
#9327=EDGE_CURVE('',#10306,#10303,#10307,.T.);
#9328=EDGE_CURVE('',#10308,#10306,#10309,.T.);
#9329=EDGE_CURVE('',#10310,#10308,#10311,.T.);
#9330=EDGE_CURVE('',#10312,#10310,#10313,.T.);
#9331=EDGE_CURVE('',#10314,#10312,#10315,.T.);
#9332=EDGE_CURVE('',#10316,#10314,#10317,.T.);
#9333=EDGE_CURVE('',#10318,#10316,#10319,.T.);
#9334=EDGE_CURVE('',#10320,#10318,#10321,.T.);
#9335=EDGE_CURVE('',#10304,#10320,#10322,.T.);
#9336=EDGE_CURVE('',#10323,#10323,#10324,.T.);
#9337=EDGE_CURVE('',#10325,#10325,#10326,.T.);
#9338=EDGE_CURVE('',#10327,#10327,#10328,.T.);
#9339=EDGE_CURVE('',#10329,#10329,#10330,.T.);
#9340=EDGE_CURVE('',#10331,#10331,#10332,.T.);
#9341=EDGE_CURVE('',#10333,#10333,#10334,.T.);
#9342=EDGE_CURVE('',#10335,#10335,#10336,.T.);
#9343=EDGE_CURVE('',#10337,#10337,#10338,.T.);
#9344=EDGE_CURVE('',#10339,#10339,#10340,.T.);
#9345=EDGE_CURVE('',#10341,#10342,#10343,.T.);
#9346=EDGE_CURVE('',#10342,#10344,#10345,.T.);
#9347=EDGE_CURVE('',#10344,#10346,#10347,.T.);
#9348=EDGE_CURVE('',#10346,#10348,#10349,.T.);
#9349=EDGE_CURVE('',#10348,#10350,#10351,.T.);
#9350=EDGE_CURVE('',#10350,#10352,#10353,.T.);
#9351=EDGE_CURVE('',#10352,#10354,#10355,.T.);
#9352=EDGE_CURVE('',#10354,#10356,#10357,.T.);
#9353=EDGE_CURVE('',#10356,#10358,#10359,.T.);
#9354=EDGE_CURVE('',#10358,#10341,#10360,.T.);
#9355=EDGE_CURVE('',#10361,#10361,#10362,.F.);
#9356=EDGE_CURVE('',#10363,#10363,#10364,.F.);
#9357=EDGE_CURVE('',#10365,#10365,#10366,.F.);
#9358=EDGE_CURVE('',#10367,#10367,#10368,.F.);
#9359=EDGE_CURVE('',#10369,#10369,#10370,.F.);
#9360=EDGE_CURVE('',#10371,#10371,#10372,.F.);
#9361=EDGE_CURVE('',#10373,#10373,#10374,.F.);
#9362=EDGE_CURVE('',#10375,#10375,#10376,.F.);
#9363=EDGE_CURVE('',#10377,#10377,#10378,.F.);
#9364=EDGE_CURVE('',#10304,#10341,#10379,.T.);
#9365=EDGE_CURVE('',#10303,#10358,#10380,.T.);
#9366=EDGE_CURVE('',#10306,#10356,#10381,.T.);
#9367=EDGE_CURVE('',#10308,#10354,#10382,.T.);
#9368=EDGE_CURVE('',#10310,#10352,#10383,.T.);
#9369=EDGE_CURVE('',#10312,#10350,#10384,.T.);
#9370=EDGE_CURVE('',#10314,#10348,#10385,.T.);
#9371=EDGE_CURVE('',#10316,#10346,#10386,.T.);
#9372=EDGE_CURVE('',#10318,#10344,#10387,.T.);
#9373=EDGE_CURVE('',#10320,#10342,#10388,.T.);
#9374=EDGE_CURVE('',#10389,#10389,#10390,.T.);
#9375=EDGE_CURVE('',#10391,#10391,#10392,.T.);
#9376=EDGE_CURVE('',#10393,#10393,#10394,.T.);
#9377=EDGE_CURVE('',#10395,#10395,#10396,.T.);
#9378=EDGE_CURVE('',#10397,#10397,#10398,.T.);
#9379=EDGE_CURVE('',#10399,#10399,#10400,.T.);
#9380=EDGE_CURVE('',#10401,#10401,#10402,.T.);
#9381=EDGE_CURVE('',#10403,#10403,#10404,.T.);
#9382=EDGE_CURVE('',#10405,#10405,#10406,.T.);
#9383=EDGE_CURVE('',#10407,#10407,#10408,.T.);
#9384=EDGE_CURVE('',#10409,#10409,#10410,.T.);
#9385=EDGE_CURVE('',#10411,#10411,#10412,.T.);
#9386=EDGE_CURVE('',#10413,#10413,#10414,.T.);
#9387=EDGE_CURVE('',#10415,#10416,#10417,.T.);
#9388=EDGE_CURVE('',#10416,#10418,#10419,.T.);
#9389=EDGE_CURVE('',#10418,#10420,#10421,.T.);
#9390=EDGE_CURVE('',#10420,#10422,#10423,.T.);
#9391=EDGE_CURVE('',#10422,#10424,#10425,.T.);
#9392=EDGE_CURVE('',#10424,#10426,#10427,.T.);
#9393=EDGE_CURVE('',#10426,#10428,#10429,.T.);
#9394=EDGE_CURVE('',#10428,#10430,#10431,.T.);
#9395=EDGE_CURVE('',#10430,#10432,#10433,.T.);
#9396=EDGE_CURVE('',#10432,#10434,#10435,.T.);
#9397=EDGE_CURVE('',#10434,#10436,#10437,.T.);
#9398=EDGE_CURVE('',#10436,#10415,#10438,.T.);
#9399=EDGE_CURVE('',#10439,#10439,#10440,.T.);
#9400=EDGE_CURVE('',#10441,#10442,#10443,.T.);
#9401=EDGE_CURVE('',#10416,#10442,#10444,.T.);
#9402=EDGE_CURVE('',#10441,#10415,#10445,.T.);
#9403=EDGE_CURVE('',#10442,#10418,#10446,.T.);
#9404=EDGE_CURVE('',#10420,#10441,#10447,.T.);
#9405=EDGE_CURVE('',#10448,#10441,#10449,.T.);
#9406=EDGE_CURVE('',#10422,#10448,#10450,.T.);
#9407=EDGE_CURVE('',#10448,#10424,#10451,.T.);
#9408=EDGE_CURVE('',#10426,#10441,#10452,.T.);
#9409=EDGE_CURVE('',#10441,#10453,#10454,.T.);
#9410=EDGE_CURVE('',#10428,#10453,#10455,.T.);
#9411=EDGE_CURVE('',#10453,#10430,#10456,.T.);
#9412=EDGE_CURVE('',#10441,#10432,#10457,.T.);
#9413=EDGE_CURVE('',#10458,#10441,#10459,.T.);
#9414=EDGE_CURVE('',#10434,#10458,#10460,.T.);
#9415=EDGE_CURVE('',#10458,#10436,#10461,.T.);
#9416=EDGE_CURVE('',#10462,#10462,#10463,.T.);
#9417=EDGE_CURVE('',#10464,#10464,#10465,.T.);
#9418=EDGE_CURVE('',#10466,#10466,#10467,.T.);
#9419=EDGE_CURVE('',#10468,#10468,#10469,.T.);
#9420=EDGE_CURVE('',#10470,#10471,#10472,.T.);
#9421=EDGE_CURVE('',#10471,#10473,#10474,.T.);
#9422=EDGE_CURVE('',#10473,#10475,#10476,.T.);
#9423=EDGE_CURVE('',#10475,#10477,#10478,.T.);
#9424=EDGE_CURVE('',#10477,#10479,#10480,.T.);
#9425=EDGE_CURVE('',#10479,#10481,#10482,.T.);
#9426=EDGE_CURVE('',#10481,#10483,#10484,.T.);
#9427=EDGE_CURVE('',#10483,#10485,#10486,.T.);
#9428=EDGE_CURVE('',#10485,#10487,#10488,.T.);
#9429=EDGE_CURVE('',#10487,#10489,#10490,.T.);
#9430=EDGE_CURVE('',#10489,#10491,#10492,.T.);
#9431=EDGE_CURVE('',#10491,#10470,#10493,.T.);
#9432=EDGE_CURVE('',#10494,#10494,#10495,.T.);
#9433=EDGE_CURVE('',#10496,#10497,#10498,.T.);
#9434=EDGE_CURVE('',#10471,#10497,#10499,.T.);
#9435=EDGE_CURVE('',#10496,#10470,#10500,.T.);
#9436=EDGE_CURVE('',#10497,#10473,#10501,.T.);
#9437=EDGE_CURVE('',#10475,#10496,#10502,.T.);
#9438=EDGE_CURVE('',#10503,#10496,#10504,.T.);
#9439=EDGE_CURVE('',#10477,#10503,#10505,.T.);
#9440=EDGE_CURVE('',#10503,#10479,#10506,.T.);
#9441=EDGE_CURVE('',#10481,#10496,#10507,.T.);
#9442=EDGE_CURVE('',#10496,#10508,#10509,.T.);
#9443=EDGE_CURVE('',#10483,#10508,#10510,.T.);
#9444=EDGE_CURVE('',#10508,#10485,#10511,.T.);
#9445=EDGE_CURVE('',#10496,#10487,#10512,.T.);
#9446=EDGE_CURVE('',#10513,#10496,#10514,.T.);
#9447=EDGE_CURVE('',#10489,#10513,#10515,.T.);
#9448=EDGE_CURVE('',#10513,#10491,#10516,.T.);
#9449=EDGE_CURVE('',#10517,#10517,#10518,.T.);
#9450=EDGE_CURVE('',#10519,#10519,#10520,.T.);
#9451=EDGE_CURVE('',#10521,#10521,#10522,.T.);
#9452=EDGE_CURVE('',#10523,#10523,#10524,.T.);
#9453=EDGE_CURVE('',#10525,#10526,#10527,.T.);
#9454=EDGE_CURVE('',#10526,#10528,#10529,.T.);
#9455=EDGE_CURVE('',#10528,#10530,#10531,.T.);
#9456=EDGE_CURVE('',#10530,#10532,#10533,.T.);
#9457=EDGE_CURVE('',#10532,#10534,#10535,.T.);
#9458=EDGE_CURVE('',#10534,#10536,#10537,.T.);
#9459=EDGE_CURVE('',#10536,#10538,#10539,.T.);
#9460=EDGE_CURVE('',#10538,#10540,#10541,.T.);
#9461=EDGE_CURVE('',#10540,#10542,#10543,.T.);
#9462=EDGE_CURVE('',#10542,#10544,#10545,.T.);
#9463=EDGE_CURVE('',#10544,#10546,#10547,.T.);
#9464=EDGE_CURVE('',#10546,#10525,#10548,.T.);
#9465=EDGE_CURVE('',#10549,#10549,#10550,.T.);
#9466=EDGE_CURVE('',#10551,#10552,#10553,.T.);
#9467=EDGE_CURVE('',#10526,#10552,#10554,.T.);
#9468=EDGE_CURVE('',#10551,#10525,#10555,.T.);
#9469=EDGE_CURVE('',#10552,#10528,#10556,.T.);
#9470=EDGE_CURVE('',#10530,#10551,#10557,.T.);
#9471=EDGE_CURVE('',#10532,#10558,#10559,.T.);
#9472=EDGE_CURVE('',#10558,#10551,#10560,.T.);
#9473=EDGE_CURVE('',#10558,#10534,#10561,.T.);
#9474=EDGE_CURVE('',#10536,#10551,#10562,.T.);
#9475=EDGE_CURVE('',#10551,#10563,#10564,.T.);
#9476=EDGE_CURVE('',#10538,#10563,#10565,.T.);
#9477=EDGE_CURVE('',#10563,#10540,#10566,.T.);
#9478=EDGE_CURVE('',#10551,#10542,#10567,.T.);
#9479=EDGE_CURVE('',#10544,#10568,#10569,.T.);
#9480=EDGE_CURVE('',#10568,#10551,#10570,.T.);
#9481=EDGE_CURVE('',#10568,#10546,#10571,.T.);
#9482=EDGE_CURVE('',#10572,#10572,#10573,.T.);
#9483=EDGE_CURVE('',#10574,#10574,#10575,.T.);
#9484=EDGE_CURVE('',#10576,#10576,#10577,.T.);
#9485=EDGE_CURVE('',#10578,#10578,#10579,.T.);
#9486=EDGE_CURVE('',#10580,#10581,#10582,.T.);
#9487=EDGE_CURVE('',#10581,#10583,#10584,.T.);
#9488=EDGE_CURVE('',#10583,#10585,#10586,.T.);
#9489=EDGE_CURVE('',#10585,#10587,#10588,.T.);
#9490=EDGE_CURVE('',#10587,#10589,#10590,.T.);
#9491=EDGE_CURVE('',#10589,#10591,#10592,.T.);
#9492=EDGE_CURVE('',#10591,#10593,#10594,.T.);
#9493=EDGE_CURVE('',#10593,#10595,#10596,.T.);
#9494=EDGE_CURVE('',#10595,#10597,#10598,.T.);
#9495=EDGE_CURVE('',#10597,#10599,#10600,.T.);
#9496=EDGE_CURVE('',#10599,#10601,#10602,.T.);
#9497=EDGE_CURVE('',#10601,#10580,#10603,.T.);
#9498=EDGE_CURVE('',#10604,#10604,#10605,.T.);
#9499=EDGE_CURVE('',#10606,#10607,#10608,.T.);
#9500=EDGE_CURVE('',#10581,#10607,#10609,.T.);
#9501=EDGE_CURVE('',#10606,#10580,#10610,.T.);
#9502=EDGE_CURVE('',#10607,#10583,#10611,.T.);
#9503=EDGE_CURVE('',#10585,#10606,#10612,.T.);
#9504=EDGE_CURVE('',#10587,#10613,#10614,.T.);
#9505=EDGE_CURVE('',#10613,#10606,#10615,.T.);
#9506=EDGE_CURVE('',#10613,#10589,#10616,.T.);
#9507=EDGE_CURVE('',#10591,#10606,#10617,.T.);
#9508=EDGE_CURVE('',#10606,#10618,#10619,.T.);
#9509=EDGE_CURVE('',#10593,#10618,#10620,.T.);
#9510=EDGE_CURVE('',#10618,#10595,#10621,.T.);
#9511=EDGE_CURVE('',#10606,#10597,#10622,.T.);
#9512=EDGE_CURVE('',#10623,#10606,#10624,.T.);
#9513=EDGE_CURVE('',#10599,#10623,#10625,.T.);
#9514=EDGE_CURVE('',#10623,#10601,#10626,.T.);
#9515=EDGE_CURVE('',#10627,#10627,#10628,.T.);
#9516=EDGE_CURVE('',#10629,#10629,#10630,.T.);
#9517=EDGE_CURVE('',#10631,#10631,#10632,.T.);
#9518=EDGE_CURVE('',#10633,#10633,#10634,.T.);
#9519=EDGE_CURVE('',#10635,#10636,#10637,.T.);
#9520=EDGE_CURVE('',#10636,#10638,#10639,.T.);
#9521=EDGE_CURVE('',#10638,#10640,#10641,.T.);
#9522=EDGE_CURVE('',#10640,#10642,#10643,.T.);
#9523=EDGE_CURVE('',#10642,#10644,#10645,.T.);
#9524=EDGE_CURVE('',#10644,#10646,#10647,.T.);
#9525=EDGE_CURVE('',#10646,#10648,#10649,.T.);
#9526=EDGE_CURVE('',#10648,#10650,#10651,.T.);
#9527=EDGE_CURVE('',#10650,#10652,#10653,.T.);
#9528=EDGE_CURVE('',#10652,#10654,#10655,.T.);
#9529=EDGE_CURVE('',#10654,#10656,#10657,.T.);
#9530=EDGE_CURVE('',#10656,#10635,#10658,.T.);
#9531=EDGE_CURVE('',#10659,#10659,#10660,.T.);
#9532=EDGE_CURVE('',#10661,#10662,#10663,.T.);
#9533=EDGE_CURVE('',#10636,#10662,#10664,.T.);
#9534=EDGE_CURVE('',#10661,#10635,#10665,.T.);
#9535=EDGE_CURVE('',#10662,#10638,#10666,.T.);
#9536=EDGE_CURVE('',#10640,#10661,#10667,.T.);
#9537=EDGE_CURVE('',#10642,#10668,#10669,.T.);
#9538=EDGE_CURVE('',#10668,#10661,#10670,.T.);
#9539=EDGE_CURVE('',#10668,#10644,#10671,.T.);
#9540=EDGE_CURVE('',#10646,#10661,#10672,.T.);
#9541=EDGE_CURVE('',#10661,#10673,#10674,.T.);
#9542=EDGE_CURVE('',#10648,#10673,#10675,.T.);
#9543=EDGE_CURVE('',#10673,#10650,#10676,.T.);
#9544=EDGE_CURVE('',#10661,#10652,#10677,.T.);
#9545=EDGE_CURVE('',#10678,#10661,#10679,.T.);
#9546=EDGE_CURVE('',#10654,#10678,#10680,.T.);
#9547=EDGE_CURVE('',#10678,#10656,#10681,.T.);
#9548=EDGE_CURVE('',#10682,#10682,#10683,.T.);
#9549=EDGE_CURVE('',#10684,#10684,#10685,.T.);
#9550=EDGE_CURVE('',#10686,#10686,#10687,.T.);
#9551=EDGE_CURVE('',#10688,#10688,#10689,.T.);
#9552=EDGE_CURVE('',#10690,#10690,#10691,.T.);
#9553=EDGE_CURVE('',#10692,#10692,#10693,.T.);
#9554=EDGE_CURVE('',#10694,#10694,#10695,.T.);
#9555=EDGE_CURVE('',#10696,#10696,#10697,.T.);
#9556=EDGE_CURVE('',#10698,#10699,#10700,.T.);
#9557=EDGE_CURVE('',#10699,#10701,#10702,.T.);
#9558=EDGE_CURVE('',#10701,#10703,#10704,.T.);
#9559=EDGE_CURVE('',#10703,#10705,#10706,.T.);
#9560=EDGE_CURVE('',#10705,#10707,#10708,.T.);
#9561=EDGE_CURVE('',#10707,#10709,#10710,.T.);
#9562=EDGE_CURVE('',#10709,#10711,#10712,.T.);
#9563=EDGE_CURVE('',#10711,#10713,#10714,.T.);
#9564=EDGE_CURVE('',#10713,#10715,#10716,.T.);
#9565=EDGE_CURVE('',#10715,#10717,#10718,.T.);
#9566=EDGE_CURVE('',#10717,#10719,#10720,.T.);
#9567=EDGE_CURVE('',#10719,#10698,#10721,.T.);
#9568=EDGE_CURVE('',#10699,#10722,#10723,.T.);
#9569=EDGE_CURVE('',#10724,#10698,#10725,.T.);
#9570=EDGE_CURVE('',#10722,#10724,#10726,.T.);
#9571=EDGE_CURVE('',#10722,#10701,#10727,.T.);
#9572=EDGE_CURVE('',#10703,#10724,#10728,.T.);
#9573=EDGE_CURVE('',#10724,#10729,#10730,.T.);
#9574=EDGE_CURVE('',#10705,#10729,#10731,.T.);
#9575=EDGE_CURVE('',#10729,#10707,#10732,.T.);
#9576=EDGE_CURVE('',#10709,#10724,#10733,.T.);
#9577=EDGE_CURVE('',#10711,#10734,#10735,.T.);
#9578=EDGE_CURVE('',#10734,#10724,#10736,.T.);
#9579=EDGE_CURVE('',#10734,#10713,#10737,.T.);
#9580=EDGE_CURVE('',#10724,#10715,#10738,.T.);
#9581=EDGE_CURVE('',#10724,#10739,#10740,.T.);
#9582=EDGE_CURVE('',#10717,#10739,#10741,.T.);
#9583=EDGE_CURVE('',#10739,#10719,#10742,.T.);
#9584=EDGE_CURVE('',#10743,#10744,#10745,.F.);
#9585=EDGE_CURVE('',#10744,#10746,#10747,.F.);
#9586=EDGE_CURVE('',#10746,#10748,#10749,.F.);
#9587=EDGE_CURVE('',#10748,#10750,#10751,.T.);
#9588=EDGE_CURVE('',#10752,#10750,#10753,.F.);
#9589=EDGE_CURVE('',#10754,#10752,#10755,.F.);
#9590=EDGE_CURVE('',#10754,#10756,#10757,.T.);
#9591=EDGE_CURVE('',#10758,#10756,#10759,.T.);
#9592=EDGE_CURVE('',#10758,#10743,#10760,.T.);
#9593=EDGE_CURVE('',#10761,#10743,#10762,.F.);
#9594=EDGE_CURVE('',#10763,#10761,#10764,.T.);
#9595=EDGE_CURVE('',#10763,#10744,#10765,.T.);
#9596=EDGE_CURVE('',#10766,#10763,#10767,.T.);
#9597=EDGE_CURVE('',#10766,#10746,#10768,.T.);
#9598=EDGE_CURVE('',#10748,#10769,#10770,.F.);
#9599=EDGE_CURVE('',#10769,#10766,#10771,.T.);
#9600=EDGE_CURVE('',#10772,#10758,#10773,.T.);
#9601=EDGE_CURVE('',#10774,#10772,#10775,.T.);
#9602=EDGE_CURVE('',#10776,#10774,#10777,.F.);
#9603=EDGE_CURVE('',#10778,#10776,#10779,.T.);
#9604=EDGE_CURVE('',#10780,#10778,#10781,.F.);
#9605=EDGE_CURVE('',#10782,#10780,#10783,.F.);
#9606=EDGE_CURVE('',#10784,#10782,#10785,.F.);
#9607=EDGE_CURVE('',#10786,#10784,#10787,.F.);
#9608=EDGE_CURVE('',#10788,#10786,#10789,.F.);
#9609=EDGE_CURVE('',#10790,#10788,#10791,.T.);
#9610=EDGE_CURVE('',#10792,#10790,#10793,.F.);
#9611=EDGE_CURVE('',#10794,#10792,#10795,.F.);
#9612=EDGE_CURVE('',#10750,#10794,#10796,.T.);
#9613=EDGE_CURVE('',#10769,#10761,#10797,.T.);
#9614=EDGE_CURVE('',#10798,#10798,#10799,.T.);
#9615=EDGE_CURVE('',#10800,#10800,#10801,.T.);
#9616=EDGE_CURVE('',#10794,#10802,#10803,.T.);
#9617=EDGE_CURVE('',#10802,#10752,#10804,.T.);
#9618=EDGE_CURVE('',#10754,#10805,#10806,.F.);
#9619=EDGE_CURVE('',#10802,#10807,#10808,.F.);
#9620=EDGE_CURVE('',#10807,#10809,#10810,.T.);
#9621=EDGE_CURVE('',#10809,#10805,#10811,.F.);
#9622=EDGE_CURVE('',#10805,#10812,#10813,.T.);
#9623=EDGE_CURVE('',#10812,#10756,#10814,.T.);
#9624=EDGE_CURVE('',#10756,#10815,#10816,.T.);
#9625=EDGE_CURVE('',#10772,#10815,#10817,.T.);
#9626=EDGE_CURVE('',#10818,#10819,#10820,.T.);
#9627=EDGE_CURVE('',#10819,#10821,#10822,.F.);
#9628=EDGE_CURVE('',#10821,#10823,#10824,.F.);
#9629=EDGE_CURVE('',#10823,#10825,#10826,.F.);
#9630=EDGE_CURVE('',#10825,#10827,#10828,.F.);
#9631=EDGE_CURVE('',#10827,#10829,#10830,.F.);
#9632=EDGE_CURVE('',#10829,#10831,#10832,.F.);
#9633=EDGE_CURVE('',#10831,#10833,#10834,.F.);
#9634=EDGE_CURVE('',#10833,#10835,#10836,.F.);
#9635=EDGE_CURVE('',#10835,#10837,#10838,.F.);
#9636=EDGE_CURVE('',#10837,#10774,#10839,.F.);
#9637=EDGE_CURVE('',#10815,#10840,#10841,.T.);
#9638=EDGE_CURVE('',#10840,#10842,#10843,.T.);
#9639=EDGE_CURVE('',#10842,#10818,#10844,.T.);
#9640=EDGE_CURVE('',#10845,#10837,#10846,.T.);
#9641=EDGE_CURVE('',#10776,#10845,#10847,.F.);
#9642=EDGE_CURVE('',#10845,#10848,#10849,.T.);
#9643=EDGE_CURVE('',#10848,#10850,#10851,.F.);
#9644=EDGE_CURVE('',#10850,#10852,#10853,.F.);
#9645=EDGE_CURVE('',#10852,#10854,#10855,.T.);
#9646=EDGE_CURVE('',#10854,#10856,#10857,.F.);
#9647=EDGE_CURVE('',#10856,#10858,#10859,.T.);
#9648=EDGE_CURVE('',#10858,#10860,#10861,.F.);
#9649=EDGE_CURVE('',#10860,#10862,#10863,.F.);
#9650=EDGE_CURVE('',#10862,#10864,#10865,.T.);
#9651=EDGE_CURVE('',#10864,#10866,#10867,.T.);
#9652=EDGE_CURVE('',#10866,#10868,#10869,.T.);
#9653=EDGE_CURVE('',#10868,#10870,#10871,.T.);
#9654=EDGE_CURVE('',#10870,#10872,#10873,.T.);
#9655=EDGE_CURVE('',#10872,#10874,#10875,.T.);
#9656=EDGE_CURVE('',#10874,#10876,#10877,.T.);
#9657=EDGE_CURVE('',#10876,#10778,#10878,.T.);
#9658=EDGE_CURVE('',#10876,#10879,#10880,.T.);
#9659=EDGE_CURVE('',#10879,#10780,#10881,.T.);
#9660=EDGE_CURVE('',#10882,#10879,#10883,.T.);
#9661=EDGE_CURVE('',#10884,#10882,#10885,.T.);
#9662=EDGE_CURVE('',#10886,#10884,#10887,.T.);
#9663=EDGE_CURVE('',#10888,#10886,#10889,.T.);
#9664=EDGE_CURVE('',#10890,#10888,#10891,.T.);
#9665=EDGE_CURVE('',#10890,#10892,#10893,.F.);
#9666=EDGE_CURVE('',#10892,#10894,#10895,.T.);
#9667=EDGE_CURVE('',#10894,#10896,#10897,.T.);
#9668=EDGE_CURVE('',#10896,#10898,#10899,.F.);
#9669=EDGE_CURVE('',#10898,#10900,#10901,.F.);
#9670=EDGE_CURVE('',#10900,#10902,#10903,.F.);
#9671=EDGE_CURVE('',#10902,#10904,#10905,.F.);
#9672=EDGE_CURVE('',#10904,#10906,#10907,.F.);
#9673=EDGE_CURVE('',#10906,#10908,#10909,.T.);
#9674=EDGE_CURVE('',#10908,#10910,#10911,.T.);
#9675=EDGE_CURVE('',#10910,#10782,#10912,.T.);
#9676=EDGE_CURVE('',#10910,#10913,#10914,.T.);
#9677=EDGE_CURVE('',#10913,#10784,#10915,.T.);
#9678=EDGE_CURVE('',#10916,#10913,#10917,.T.);
#9679=EDGE_CURVE('',#10918,#10916,#10919,.T.);
#9680=EDGE_CURVE('',#10918,#10786,#10920,.F.);
#9681=EDGE_CURVE('',#10906,#10918,#10921,.F.);
#9682=EDGE_CURVE('',#10904,#10922,#10923,.T.);
#9683=EDGE_CURVE('',#10922,#10924,#10925,.T.);
#9684=EDGE_CURVE('',#10924,#10926,#10927,.T.);
#9685=EDGE_CURVE('',#10926,#10928,#10929,.T.);
#9686=EDGE_CURVE('',#10788,#10928,#10930,.T.);
#9687=EDGE_CURVE('',#10931,#10928,#10932,.F.);
#9688=EDGE_CURVE('',#10933,#10931,#10934,.T.);
#9689=EDGE_CURVE('',#10935,#10933,#10936,.F.);
#9690=EDGE_CURVE('',#10935,#10937,#10938,.F.);
#9691=EDGE_CURVE('',#10937,#10939,#10940,.T.);
#9692=EDGE_CURVE('',#10939,#10941,#10942,.T.);
#9693=EDGE_CURVE('',#10941,#10943,#10944,.T.);
#9694=EDGE_CURVE('',#10943,#10945,#10946,.T.);
#9695=EDGE_CURVE('',#10945,#10947,#10948,.T.);
#9696=EDGE_CURVE('',#10947,#10790,#10949,.T.);
#9697=EDGE_CURVE('',#10947,#10950,#10951,.T.);
#9698=EDGE_CURVE('',#10792,#10950,#10952,.T.);
#9699=EDGE_CURVE('',#10953,#10954,#10955,.F.);
#9700=EDGE_CURVE('',#10956,#10954,#10957,.T.);
#9701=EDGE_CURVE('',#10958,#10956,#10959,.T.);
#9702=EDGE_CURVE('',#10807,#10958,#10960,.T.);
#9703=EDGE_CURVE('',#10950,#10961,#10962,.F.);
#9704=EDGE_CURVE('',#10961,#10963,#10964,.T.);
#9705=EDGE_CURVE('',#10963,#10965,#10966,.F.);
#9706=EDGE_CURVE('',#10965,#10953,#10967,.T.);
#9707=EDGE_CURVE('',#10968,#10968,#10969,.T.);
#9708=EDGE_CURVE('',#10970,#10970,#10971,.T.);
#9709=EDGE_CURVE('',#10958,#10972,#10973,.T.);
#9710=EDGE_CURVE('',#10972,#10809,#10974,.F.);
#9711=EDGE_CURVE('',#10972,#10975,#10976,.T.);
#9712=EDGE_CURVE('',#10812,#10975,#10977,.T.);
#9713=EDGE_CURVE('',#10812,#10815,#10978,.T.);
#9714=EDGE_CURVE('',#10979,#10937,#10980,.F.);
#9715=EDGE_CURVE('',#10981,#10979,#10982,.F.);
#9716=EDGE_CURVE('',#10892,#10981,#10983,.T.);
#9717=EDGE_CURVE('',#10866,#10890,#10984,.T.);
#9718=EDGE_CURVE('',#10819,#10864,#10985,.F.);
#9719=EDGE_CURVE('',#10986,#10818,#10987,.T.);
#9720=EDGE_CURVE('',#10988,#10986,#10989,.T.);
#9721=EDGE_CURVE('',#10954,#10988,#10990,.T.);
#9722=EDGE_CURVE('',#10939,#10953,#10991,.F.);
#9723=EDGE_CURVE('',#10992,#10992,#10993,.T.);
#9724=EDGE_CURVE('',#10994,#10994,#10995,.T.);
#9725=EDGE_CURVE('',#10862,#10821,#10996,.T.);
#9726=EDGE_CURVE('',#10860,#10823,#10997,.T.);
#9727=EDGE_CURVE('',#10858,#10825,#10998,.T.);
#9728=EDGE_CURVE('',#10856,#10827,#10999,.T.);
#9729=EDGE_CURVE('',#10854,#10829,#11000,.T.);
#9730=EDGE_CURVE('',#10852,#10831,#11001,.T.);
#9731=EDGE_CURVE('',#10850,#10833,#11002,.T.);
#9732=EDGE_CURVE('',#10848,#10835,#11003,.T.);
#9733=EDGE_CURVE('',#10840,#10975,#11004,.F.);
#9734=EDGE_CURVE('',#10975,#11005,#11006,.T.);
#9735=EDGE_CURVE('',#10842,#11005,#11007,.F.);
#9736=EDGE_CURVE('',#11005,#10986,#11008,.T.);
#9737=EDGE_CURVE('',#10868,#10888,#11009,.T.);
#9738=EDGE_CURVE('',#10870,#10886,#11010,.T.);
#9739=EDGE_CURVE('',#10872,#10884,#11011,.T.);
#9740=EDGE_CURVE('',#10874,#10882,#11012,.T.);
#9741=EDGE_CURVE('',#10981,#11013,#11014,.T.);
#9742=EDGE_CURVE('',#10894,#11013,#11015,.T.);
#9743=EDGE_CURVE('',#11016,#10896,#11017,.F.);
#9744=EDGE_CURVE('',#11013,#11016,#11018,.T.);
#9745=EDGE_CURVE('',#11019,#10935,#11020,.T.);
#9746=EDGE_CURVE('',#11021,#11019,#11022,.T.);
#9747=EDGE_CURVE('',#11023,#11021,#11024,.T.);
#9748=EDGE_CURVE('',#10898,#11023,#11025,.T.);
#9749=EDGE_CURVE('',#10979,#11016,#11026,.T.);
#9750=EDGE_CURVE('',#11027,#11023,#11028,.T.);
#9751=EDGE_CURVE('',#10900,#11027,#11029,.T.);
#9752=EDGE_CURVE('',#11030,#11027,#11031,.T.);
#9753=EDGE_CURVE('',#10902,#11030,#11032,.T.);
#9754=EDGE_CURVE('',#10922,#11030,#11033,.T.);
#9755=EDGE_CURVE('',#10908,#10916,#11034,.T.);
#9756=EDGE_CURVE('',#11030,#11035,#11036,.T.);
#9757=EDGE_CURVE('',#10924,#11035,#11037,.T.);
#9758=EDGE_CURVE('',#11035,#11038,#11039,.T.);
#9759=EDGE_CURVE('',#10926,#11038,#11040,.T.);
#9760=EDGE_CURVE('',#11038,#10931,#11041,.T.);
#9761=EDGE_CURVE('',#11038,#11042,#11043,.T.);
#9762=EDGE_CURVE('',#11042,#10933,#11044,.T.);
#9763=EDGE_CURVE('',#11042,#11019,#11045,.T.);
#9764=EDGE_CURVE('',#10941,#10965,#11046,.T.);
#9765=EDGE_CURVE('',#11047,#11048,#11049,.T.);
#9766=EDGE_CURVE('',#11050,#11047,#11051,.T.);
#9767=EDGE_CURVE('',#11052,#11050,#11053,.F.);
#9768=EDGE_CURVE('',#10943,#11052,#11054,.T.);
#9769=EDGE_CURVE('',#11048,#10963,#11055,.T.);
#9770=EDGE_CURVE('',#11056,#11052,#11057,.T.);
#9771=EDGE_CURVE('',#10945,#11056,#11058,.T.);
#9772=EDGE_CURVE('',#11059,#11060,#11061,.T.);
#9773=EDGE_CURVE('',#11059,#10961,#11062,.T.);
#9774=EDGE_CURVE('',#11063,#11056,#11064,.F.);
#9775=EDGE_CURVE('',#11060,#11063,#11065,.F.);
#9776=EDGE_CURVE('',#10988,#11066,#11067,.F.);
#9777=EDGE_CURVE('',#10956,#11066,#11068,.T.);
#9778=EDGE_CURVE('',#11066,#10972,#11069,.F.);
#9779=EDGE_CURVE('',#11048,#11059,#11070,.T.);
#9780=EDGE_CURVE('',#11066,#11005,#11071,.T.);
#9781=EDGE_CURVE('',#11072,#11072,#11073,.T.);
#9782=EDGE_CURVE('',#11074,#11074,#11075,.T.);
#9783=EDGE_CURVE('',#11076,#11021,#11077,.T.);
#9784=EDGE_CURVE('',#11076,#11042,#11078,.T.);
#9785=EDGE_CURVE('',#11027,#11076,#11079,.T.);
#9786=EDGE_CURVE('',#11035,#11076,#11080,.T.);
#9787=EDGE_CURVE('',#11060,#11047,#11081,.T.);
#9788=EDGE_CURVE('',#11050,#11063,#11082,.T.);
#9789=EDGE_CURVE('',#11083,#11084,#11085,.F.);
#9790=EDGE_CURVE('',#11084,#11086,#11087,.F.);
#9791=EDGE_CURVE('',#11088,#11086,#11089,.T.);
#9792=EDGE_CURVE('',#11090,#11088,#11091,.T.);
#9793=EDGE_CURVE('',#11092,#11090,#11093,.F.);
#9794=EDGE_CURVE('',#11094,#11092,#11095,.F.);
#9795=EDGE_CURVE('',#11094,#11096,#11097,.F.);
#9796=EDGE_CURVE('',#11096,#11098,#11099,.F.);
#9797=EDGE_CURVE('',#11098,#11083,#11100,.F.);
#9798=EDGE_CURVE('',#11084,#11101,#11102,.T.);
#9799=EDGE_CURVE('',#11101,#11103,#11104,.F.);
#9800=EDGE_CURVE('',#11103,#11096,#11105,.T.);
#9801=EDGE_CURVE('',#11106,#11094,#11107,.F.);
#9802=EDGE_CURVE('',#11108,#11106,#11109,.T.);
#9803=EDGE_CURVE('',#11110,#11108,#11111,.T.);
#9804=EDGE_CURVE('',#11112,#11110,#11113,.F.);
#9805=EDGE_CURVE('',#11114,#11112,#11115,.T.);
#9806=EDGE_CURVE('',#11116,#11114,#11117,.T.);
#9807=EDGE_CURVE('',#11118,#11116,#11119,.T.);
#9808=EDGE_CURVE('',#11120,#11118,#11121,.T.);
#9809=EDGE_CURVE('',#11122,#11120,#11123,.T.);
#9810=EDGE_CURVE('',#11124,#11122,#11125,.F.);
#9811=EDGE_CURVE('',#11126,#11124,#11127,.T.);
#9812=EDGE_CURVE('',#11128,#11126,#11129,.F.);
#9813=EDGE_CURVE('',#11086,#11128,#11130,.F.);
#9814=EDGE_CURVE('',#11131,#11131,#11132,.F.);
#9815=EDGE_CURVE('',#11133,#11133,#11134,.F.);
#9816=EDGE_CURVE('',#11101,#11135,#11136,.T.);
#9817=EDGE_CURVE('',#11135,#11137,#11138,.T.);
#9818=EDGE_CURVE('',#11137,#11103,#11139,.T.);
#9819=EDGE_CURVE('',#11137,#11098,#11140,.T.);
#9820=EDGE_CURVE('',#11135,#11083,#11141,.T.);
#9821=EDGE_CURVE('',#11142,#11128,#11143,.T.);
#9822=EDGE_CURVE('',#11142,#11088,#11144,.T.);
#9823=EDGE_CURVE('',#11145,#11088,#11146,.T.);
#9824=EDGE_CURVE('',#11147,#11145,#11148,.T.);
#9825=EDGE_CURVE('',#11090,#11147,#11149,.F.);
#9826=EDGE_CURVE('',#11150,#11151,#11152,.T.);
#9827=EDGE_CURVE('',#11150,#11153,#11154,.F.);
#9828=EDGE_CURVE('',#11153,#11092,#11155,.T.);
#9829=EDGE_CURVE('',#11147,#11151,#11156,.F.);
#9830=EDGE_CURVE('',#11153,#11106,#11157,.T.);
#9831=EDGE_CURVE('',#11158,#11159,#11160,.T.);
#9832=EDGE_CURVE('',#11159,#11161,#11162,.T.);
#9833=EDGE_CURVE('',#11161,#11163,#11164,.F.);
#9834=EDGE_CURVE('',#11163,#11165,#11166,.T.);
#9835=EDGE_CURVE('',#11165,#11167,#11168,.F.);
#9836=EDGE_CURVE('',#11167,#11108,#11169,.T.);
#9837=EDGE_CURVE('',#11170,#11150,#11171,.T.);
#9838=EDGE_CURVE('',#11172,#11170,#11173,.T.);
#9839=EDGE_CURVE('',#11158,#11172,#11174,.T.);
#9840=EDGE_CURVE('',#11175,#11167,#11176,.T.);
#9841=EDGE_CURVE('',#11110,#11175,#11177,.T.);
#9842=EDGE_CURVE('',#11175,#11178,#11179,.T.);
#9843=EDGE_CURVE('',#11178,#11180,#11181,.T.);
#9844=EDGE_CURVE('',#11180,#11182,#11183,.T.);
#9845=EDGE_CURVE('',#11182,#11184,#11185,.T.);
#9846=EDGE_CURVE('',#11184,#11186,#11187,.F.);
#9847=EDGE_CURVE('',#11186,#11188,#11189,.F.);
#9848=EDGE_CURVE('',#11190,#11188,#11191,.T.);
#9849=EDGE_CURVE('',#11192,#11190,#11193,.F.);
#9850=EDGE_CURVE('',#11194,#11192,#11195,.T.);
#9851=EDGE_CURVE('',#11194,#11112,#11196,.T.);
#9852=EDGE_CURVE('',#11197,#11194,#11198,.T.);
#9853=EDGE_CURVE('',#11199,#11197,#11200,.T.);
#9854=EDGE_CURVE('',#11201,#11199,#11202,.T.);
#9855=EDGE_CURVE('',#11203,#11201,#11204,.T.);
#9856=EDGE_CURVE('',#11205,#11203,#11206,.T.);
#9857=EDGE_CURVE('',#11207,#11205,#11208,.T.);
#9858=EDGE_CURVE('',#11114,#11207,#11209,.F.);
#9859=EDGE_CURVE('',#11210,#11207,#11211,.T.);
#9860=EDGE_CURVE('',#11212,#11210,#11213,.T.);
#9861=EDGE_CURVE('',#11116,#11212,#11214,.T.);
#9862=EDGE_CURVE('',#11215,#11212,#11216,.T.);
#9863=EDGE_CURVE('',#11118,#11215,#11217,.T.);
#9864=EDGE_CURVE('',#11215,#11218,#11219,.T.);
#9865=EDGE_CURVE('',#11218,#11205,#11220,.T.);
#9866=EDGE_CURVE('',#11203,#11221,#11222,.T.);
#9867=EDGE_CURVE('',#11221,#11223,#11224,.T.);
#9868=EDGE_CURVE('',#11223,#11225,#11226,.T.);
#9869=EDGE_CURVE('',#11225,#11227,#11228,.T.);
#9870=EDGE_CURVE('',#11227,#11229,#11230,.T.);
#9871=EDGE_CURVE('',#11229,#11231,#11232,.T.);
#9872=EDGE_CURVE('',#11231,#11233,#11234,.T.);
#9873=EDGE_CURVE('',#11235,#11233,#11236,.T.);
#9874=EDGE_CURVE('',#11237,#11235,#11238,.T.);
#9875=EDGE_CURVE('',#11239,#11237,#11240,.T.);
#9876=EDGE_CURVE('',#11241,#11239,#11242,.T.);
#9877=EDGE_CURVE('',#11243,#11241,#11244,.T.);
#9878=EDGE_CURVE('',#11120,#11243,#11245,.T.);
#9879=EDGE_CURVE('',#11246,#11243,#11247,.T.);
#9880=EDGE_CURVE('',#11122,#11246,#11248,.T.);
#9881=EDGE_CURVE('',#11246,#11249,#11250,.T.);
#9882=EDGE_CURVE('',#11249,#11251,#11252,.T.);
#9883=EDGE_CURVE('',#11251,#11253,#11254,.T.);
#9884=EDGE_CURVE('',#11253,#11255,#11256,.T.);
#9885=EDGE_CURVE('',#11255,#11257,#11258,.T.);
#9886=EDGE_CURVE('',#11257,#11259,#11260,.F.);
#9887=EDGE_CURVE('',#11259,#11261,#11262,.T.);
#9888=EDGE_CURVE('',#11261,#11263,#11264,.F.);
#9889=EDGE_CURVE('',#11263,#11265,#11266,.F.);
#9890=EDGE_CURVE('',#11265,#11267,#11268,.T.);
#9891=EDGE_CURVE('',#11267,#11269,#11270,.F.);
#9892=EDGE_CURVE('',#11269,#11271,#11272,.T.);
#9893=EDGE_CURVE('',#11271,#11273,#11274,.F.);
#9894=EDGE_CURVE('',#11273,#11275,#11276,.F.);
#9895=EDGE_CURVE('',#11275,#11277,#11278,.T.);
#9896=EDGE_CURVE('',#11277,#11124,#11279,.F.);
#9897=EDGE_CURVE('',#11277,#11280,#11281,.T.);
#9898=EDGE_CURVE('',#11126,#11280,#11282,.F.);
#9899=EDGE_CURVE('',#11283,#11284,#11285,.F.);
#9900=EDGE_CURVE('',#11284,#11286,#11287,.T.);
#9901=EDGE_CURVE('',#11286,#11288,#11289,.T.);
#9902=EDGE_CURVE('',#11288,#11142,#11290,.T.);
#9903=EDGE_CURVE('',#11280,#11291,#11292,.F.);
#9904=EDGE_CURVE('',#11291,#11293,#11294,.F.);
#9905=EDGE_CURVE('',#11293,#11295,#11296,.F.);
#9906=EDGE_CURVE('',#11295,#11297,#11298,.F.);
#9907=EDGE_CURVE('',#11297,#11299,#11300,.F.);
#9908=EDGE_CURVE('',#11299,#11301,#11302,.F.);
#9909=EDGE_CURVE('',#11301,#11303,#11304,.F.);
#9910=EDGE_CURVE('',#11303,#11305,#11306,.F.);
#9911=EDGE_CURVE('',#11305,#11283,#11307,.F.);
#9912=EDGE_CURVE('',#11308,#11308,#11309,.F.);
#9913=EDGE_CURVE('',#11310,#11310,#11311,.F.);
#9914=EDGE_CURVE('',#11145,#11142,#11312,.T.);
#9915=EDGE_CURVE('',#11313,#11145,#11314,.T.);
#9916=EDGE_CURVE('',#11315,#11313,#11316,.T.);
#9917=EDGE_CURVE('',#11151,#11315,#11317,.F.);
#9918=EDGE_CURVE('',#11170,#11315,#11318,.T.);
#9919=EDGE_CURVE('',#11159,#11184,#11319,.T.);
#9920=EDGE_CURVE('',#11320,#11158,#11321,.F.);
#9921=EDGE_CURVE('',#11322,#11320,#11323,.F.);
#9922=EDGE_CURVE('',#11284,#11322,#11324,.F.);
#9923=EDGE_CURVE('',#11259,#11283,#11325,.T.);
#9924=EDGE_CURVE('',#11233,#11257,#11326,.F.);
#9925=EDGE_CURVE('',#11327,#11231,#11328,.F.);
#9926=EDGE_CURVE('',#11329,#11327,#11330,.T.);
#9927=EDGE_CURVE('',#11186,#11329,#11331,.T.);
#9928=EDGE_CURVE('',#11332,#11332,#11333,.F.);
#9929=EDGE_CURVE('',#11334,#11334,#11335,.F.);
#9930=EDGE_CURVE('',#11182,#11161,#11336,.T.);
#9931=EDGE_CURVE('',#11337,#11338,#11339,.T.);
#9932=EDGE_CURVE('',#11337,#11163,#11340,.T.);
#9933=EDGE_CURVE('',#11180,#11341,#11342,.T.);
#9934=EDGE_CURVE('',#11343,#11341,#11344,.F.);
#9935=EDGE_CURVE('',#11338,#11343,#11345,.F.);
#9936=EDGE_CURVE('',#11346,#11337,#11347,.F.);
#9937=EDGE_CURVE('',#11346,#11165,#11348,.T.);
#9938=EDGE_CURVE('',#11349,#11346,#11350,.T.);
#9939=EDGE_CURVE('',#11351,#11349,#11352,.T.);
#9940=EDGE_CURVE('',#11353,#11351,#11354,.F.);
#9941=EDGE_CURVE('',#11178,#11353,#11355,.T.);
#9942=EDGE_CURVE('',#11315,#11356,#11357,.F.);
#9943=EDGE_CURVE('',#11172,#11356,#11358,.T.);
#9944=EDGE_CURVE('',#11356,#11320,#11359,.F.);
#9945=EDGE_CURVE('',#11341,#11353,#11360,.F.);
#9946=EDGE_CURVE('',#11361,#11329,#11362,.T.);
#9947=EDGE_CURVE('',#11227,#11361,#11363,.T.);
#9948=EDGE_CURVE('',#11225,#11364,#11365,.T.);
#9949=EDGE_CURVE('',#11364,#11366,#11367,.T.);
#9950=EDGE_CURVE('',#11366,#11368,#11369,.T.);
#9951=EDGE_CURVE('',#11368,#11188,#11370,.T.);
#9952=EDGE_CURVE('',#11371,#11368,#11372,.T.);
#9953=EDGE_CURVE('',#11371,#11190,#11373,.T.);
#9954=EDGE_CURVE('',#11374,#11371,#11375,.T.);
#9955=EDGE_CURVE('',#11374,#11192,#11376,.T.);
#9956=EDGE_CURVE('',#11197,#11374,#11377,.T.);
#9957=EDGE_CURVE('',#11378,#11374,#11379,.T.);
#9958=EDGE_CURVE('',#11199,#11378,#11380,.T.);
#9959=EDGE_CURVE('',#11381,#11378,#11382,.T.);
#9960=EDGE_CURVE('',#11201,#11381,#11383,.T.);
#9961=EDGE_CURVE('',#11221,#11381,#11384,.T.);
#9962=EDGE_CURVE('',#11218,#11210,#11385,.T.);
#9963=EDGE_CURVE('',#11381,#11386,#11387,.T.);
#9964=EDGE_CURVE('',#11223,#11386,#11388,.T.);
#9965=EDGE_CURVE('',#11386,#11364,#11389,.T.);
#9966=EDGE_CURVE('',#11361,#11390,#11391,.T.);
#9967=EDGE_CURVE('',#11229,#11390,#11392,.T.);
#9968=EDGE_CURVE('',#11390,#11327,#11393,.T.);
#9969=EDGE_CURVE('',#11255,#11235,#11394,.T.);
#9970=EDGE_CURVE('',#11253,#11237,#11395,.T.);
#9971=EDGE_CURVE('',#11251,#11239,#11396,.T.);
#9972=EDGE_CURVE('',#11249,#11241,#11397,.T.);
#9973=EDGE_CURVE('',#11261,#11305,#11398,.T.);
#9974=EDGE_CURVE('',#11263,#11303,#11399,.T.);
#9975=EDGE_CURVE('',#11265,#11301,#11400,.T.);
#9976=EDGE_CURVE('',#11267,#11299,#11401,.T.);
#9977=EDGE_CURVE('',#11269,#11297,#11402,.T.);
#9978=EDGE_CURVE('',#11271,#11295,#11403,.T.);
#9979=EDGE_CURVE('',#11273,#11293,#11404,.T.);
#9980=EDGE_CURVE('',#11275,#11291,#11405,.T.);
#9981=EDGE_CURVE('',#11322,#11406,#11407,.T.);
#9982=EDGE_CURVE('',#11286,#11406,#11408,.F.);
#9983=EDGE_CURVE('',#11406,#11313,#11409,.T.);
#9984=EDGE_CURVE('',#11288,#11313,#11410,.F.);
#9985=EDGE_CURVE('',#11411,#11411,#11412,.T.);
#9986=EDGE_CURVE('',#11413,#11413,#11414,.T.);
#9987=EDGE_CURVE('',#11356,#11406,#11415,.T.);
#9988=EDGE_CURVE('',#11416,#11416,#11417,.F.);
#9989=EDGE_CURVE('',#11418,#11418,#11419,.F.);
#9990=EDGE_CURVE('',#11349,#11338,#11420,.T.);
#9991=EDGE_CURVE('',#11343,#11351,#11421,.T.);
#9992=EDGE_CURVE('',#11386,#11422,#11423,.T.);
#9993=EDGE_CURVE('',#11422,#11366,#11424,.T.);
#9994=EDGE_CURVE('',#11422,#11371,#11425,.T.);
#9995=EDGE_CURVE('',#11378,#11422,#11426,.T.);
#9996=EDGE_CURVE('',#11427,#11427,#11428,.T.);
#9997=EDGE_CURVE('',#11429,#11429,#11430,.T.);
#9998=EDGE_CURVE('',#11431,#11432,#11433,.T.);
#9999=EDGE_CURVE('',#11434,#11431,#11435,.F.);
#10000=EDGE_CURVE('',#11436,#11434,#11437,.F.);
#10001=EDGE_CURVE('',#11438,#11436,#11439,.F.);
#10002=EDGE_CURVE('',#11440,#11438,#11441,.T.);
#10003=EDGE_CURVE('',#11432,#11440,#11442,.F.);
#10004=EDGE_CURVE('',#11443,#11444,#11445,.T.);
#10005=EDGE_CURVE('',#11446,#11443,#11447,.F.);
#10006=EDGE_CURVE('',#11446,#11448,#11449,.T.);
#10007=EDGE_CURVE('',#11450,#11448,#11451,.F.);
#10008=EDGE_CURVE('',#11452,#11450,#11453,.F.);
#10009=EDGE_CURVE('',#11444,#11452,#11454,.F.);
#10010=EDGE_CURVE('',#11432,#11443,#11455,.T.);
#10011=EDGE_CURVE('',#11440,#11456,#11457,.F.);
#10012=EDGE_CURVE('',#11456,#11458,#11459,.F.);
#10013=EDGE_CURVE('',#11460,#11458,#11461,.T.);
#10014=EDGE_CURVE('',#11462,#11460,#11463,.T.);
#10015=EDGE_CURVE('',#11464,#11462,#11465,.F.);
#10016=EDGE_CURVE('',#11466,#11464,#11467,.T.);
#10017=EDGE_CURVE('',#11468,#11466,#11469,.T.);
#10018=EDGE_CURVE('',#11470,#11468,#11471,.T.);
#10019=EDGE_CURVE('',#11472,#11470,#11473,.F.);
#10020=EDGE_CURVE('',#11472,#11474,#11475,.T.);
#10021=EDGE_CURVE('',#11476,#11474,#11477,.F.);
#10022=EDGE_CURVE('',#11478,#11476,#11479,.F.);
#10023=EDGE_CURVE('',#11480,#11478,#11481,.T.);
#10024=EDGE_CURVE('',#11480,#11482,#11483,.T.);
#10025=EDGE_CURVE('',#11484,#11482,#11485,.T.);
#10026=EDGE_CURVE('',#11484,#11486,#11487,.F.);
#10027=EDGE_CURVE('',#11486,#11446,#11488,.F.);
#10028=EDGE_CURVE('',#11444,#11431,#11489,.F.);
#10029=EDGE_CURVE('',#11452,#11434,#11490,.T.);
#10030=EDGE_CURVE('',#11443,#11491,#11492,.T.);
#10031=EDGE_CURVE('',#11493,#11491,#11494,.T.);
#10032=EDGE_CURVE('',#11432,#11493,#11495,.T.);
#10033=EDGE_CURVE('',#11496,#11493,#11497,.T.);
#10034=EDGE_CURVE('',#11431,#11496,#11498,.T.);
#10035=EDGE_CURVE('',#11499,#11496,#11500,.T.);
#10036=EDGE_CURVE('',#11444,#11499,#11501,.T.);
#10037=EDGE_CURVE('',#11491,#11499,#11502,.T.);
#10038=EDGE_CURVE('',#11450,#11436,#11503,.T.);
#10039=EDGE_CURVE('',#11448,#11504,#11505,.F.);
#10040=EDGE_CURVE('',#11504,#11506,#11507,.F.);
#10041=EDGE_CURVE('',#11508,#11506,#11509,.T.);
#10042=EDGE_CURVE('',#11510,#11508,#11511,.T.);
#10043=EDGE_CURVE('',#11510,#11512,#11513,.T.);
#10044=EDGE_CURVE('',#11512,#11514,#11515,.T.);
#10045=EDGE_CURVE('',#11516,#11514,#11517,.T.);
#10046=EDGE_CURVE('',#11516,#11518,#11519,.F.);
#10047=EDGE_CURVE('',#11518,#11438,#11520,.F.);
#10048=EDGE_CURVE('',#11456,#11518,#11521,.T.);
#10049=EDGE_CURVE('',#11486,#11504,#11522,.T.);
#10050=EDGE_CURVE('',#11523,#11516,#11524,.F.);
#10051=EDGE_CURVE('',#11458,#11523,#11525,.F.);
#10052=EDGE_CURVE('',#11523,#11526,#11527,.T.);
#10053=EDGE_CURVE('',#11526,#11528,#11529,.T.);
#10054=EDGE_CURVE('',#11528,#11530,#11531,.T.);
#10055=EDGE_CURVE('',#11530,#11532,#11533,.T.);
#10056=EDGE_CURVE('',#11532,#11534,#11535,.T.);
#10057=EDGE_CURVE('',#11534,#11536,#11537,.T.);
#10058=EDGE_CURVE('',#11536,#11538,#11539,.T.);
#10059=EDGE_CURVE('',#11538,#11484,#11540,.F.);
#10060=EDGE_CURVE('',#11482,#11541,#11542,.T.);
#10061=EDGE_CURVE('',#11541,#11543,#11544,.T.);
#10062=EDGE_CURVE('',#11543,#11545,#11546,.T.);
#10063=EDGE_CURVE('',#11545,#11547,#11548,.T.);
#10064=EDGE_CURVE('',#11547,#11460,#11549,.T.);
#10065=EDGE_CURVE('',#11550,#11551,#11552,.T.);
#10066=EDGE_CURVE('',#11553,#11550,#11554,.T.);
#10067=EDGE_CURVE('',#11555,#11553,#11556,.T.);
#10068=EDGE_CURVE('',#11470,#11555,#11557,.F.);
#10069=EDGE_CURVE('',#11558,#11468,#11559,.T.);
#10070=EDGE_CURVE('',#11560,#11558,#11561,.T.);
#10071=EDGE_CURVE('',#11462,#11560,#11562,.F.);
#10072=EDGE_CURVE('',#11563,#11547,#11564,.T.);
#10073=EDGE_CURVE('',#11551,#11563,#11565,.F.);
#10074=EDGE_CURVE('',#11566,#11560,#11567,.T.);
#10075=EDGE_CURVE('',#11464,#11566,#11568,.T.);
#10076=EDGE_CURVE('',#11566,#11569,#11570,.T.);
#10077=EDGE_CURVE('',#11466,#11569,#11571,.T.);
#10078=EDGE_CURVE('',#11569,#11558,#11572,.T.);
#10079=EDGE_CURVE('',#11573,#11472,#11574,.F.);
#10080=EDGE_CURVE('',#11555,#11575,#11576,.F.);
#10081=EDGE_CURVE('',#11575,#11577,#11578,.F.);
#10082=EDGE_CURVE('',#11577,#11573,#11579,.F.);
#10083=EDGE_CURVE('',#11580,#11581,#11582,.F.);
#10084=EDGE_CURVE('',#11583,#11580,#11584,.T.);
#10085=EDGE_CURVE('',#11583,#11541,#11585,.T.);
#10086=EDGE_CURVE('',#11586,#11480,#11587,.T.);
#10087=EDGE_CURVE('',#11588,#11586,#11589,.F.);
#10088=EDGE_CURVE('',#11474,#11588,#11590,.F.);
#10089=EDGE_CURVE('',#11573,#11591,#11592,.T.);
#10090=EDGE_CURVE('',#11581,#11591,#11593,.F.);
#10091=EDGE_CURVE('',#11594,#11588,#11595,.T.);
#10092=EDGE_CURVE('',#11476,#11594,#11596,.T.);
#10093=EDGE_CURVE('',#11597,#11594,#11598,.T.);
#10094=EDGE_CURVE('',#11478,#11597,#11599,.T.);
#10095=EDGE_CURVE('',#11597,#11586,#11600,.T.);
#10096=EDGE_CURVE('',#11506,#11538,#11601,.F.);
#10097=EDGE_CURVE('',#11508,#11536,#11602,.T.);
#10098=EDGE_CURVE('',#11603,#11510,#11604,.T.);
#10099=EDGE_CURVE('',#11508,#11605,#11606,.T.);
#10100=EDGE_CURVE('',#11603,#11605,#11607,.T.);
#10101=EDGE_CURVE('',#11608,#11510,#11609,.T.);
#10102=EDGE_CURVE('',#11608,#11610,#11611,.T.);
#10103=EDGE_CURVE('',#11512,#11610,#11612,.T.);
#10104=EDGE_CURVE('',#11613,#11514,#11614,.T.);
#10105=EDGE_CURVE('',#11512,#11615,#11616,.T.);
#10106=EDGE_CURVE('',#11615,#11613,#11617,.T.);
#10107=EDGE_CURVE('',#11526,#11514,#11618,.T.);
#10108=EDGE_CURVE('',#11613,#11619,#11620,.T.);
#10109=EDGE_CURVE('',#11619,#11528,#11621,.T.);
#10110=EDGE_CURVE('',#11526,#11613,#11622,.T.);
#10111=EDGE_CURVE('',#11619,#11623,#11624,.T.);
#10112=EDGE_CURVE('',#11623,#11530,#11625,.T.);
#10113=EDGE_CURVE('',#11623,#11626,#11627,.T.);
#10114=EDGE_CURVE('',#11626,#11532,#11628,.T.);
#10115=EDGE_CURVE('',#11626,#11629,#11630,.T.);
#10116=EDGE_CURVE('',#11629,#11534,#11631,.T.);
#10117=EDGE_CURVE('',#11605,#11536,#11632,.T.);
#10118=EDGE_CURVE('',#11629,#11605,#11633,.T.);
#10119=EDGE_CURVE('',#11634,#11635,#11636,.F.);
#10120=EDGE_CURVE('',#11591,#11634,#11637,.F.);
#10121=EDGE_CURVE('',#11577,#11543,#11638,.T.);
#10122=EDGE_CURVE('',#11635,#11583,#11639,.T.);
#10123=EDGE_CURVE('',#11575,#11545,#11640,.T.);
#10124=EDGE_CURVE('',#11641,#11642,#11643,.T.);
#10125=EDGE_CURVE('',#11563,#11641,#11644,.F.);
#10126=EDGE_CURVE('',#11642,#11553,#11645,.T.);
#10127=EDGE_CURVE('',#11551,#11646,#11647,.T.);
#10128=EDGE_CURVE('',#11646,#11648,#11649,.T.);
#10129=EDGE_CURVE('',#11550,#11648,#11650,.T.);
#10130=EDGE_CURVE('',#11648,#11642,#11651,.T.);
#10131=EDGE_CURVE('',#11646,#11641,#11652,.T.);
#10132=EDGE_CURVE('',#11581,#11653,#11654,.T.);
#10133=EDGE_CURVE('',#11655,#11653,#11656,.T.);
#10134=EDGE_CURVE('',#11580,#11655,#11657,.T.);
#10135=EDGE_CURVE('',#11655,#11635,#11658,.T.);
#10136=EDGE_CURVE('',#11653,#11634,#11659,.T.);
#10137=EDGE_CURVE('',#11608,#11603,#11660,.T.);
#10138=EDGE_CURVE('',#11661,#11603,#11662,.T.);
#10139=EDGE_CURVE('',#11661,#11629,#11663,.T.);
#10140=EDGE_CURVE('',#11664,#11608,#11665,.T.);
#10141=EDGE_CURVE('',#11666,#11664,#11667,.T.);
#10142=EDGE_CURVE('',#11668,#11666,#11669,.T.);
#10143=EDGE_CURVE('',#11670,#11668,#11671,.T.);
#10144=EDGE_CURVE('',#11610,#11670,#11672,.T.);
#10145=EDGE_CURVE('',#11615,#11610,#11673,.T.);
#10146=EDGE_CURVE('',#11615,#11674,#11675,.T.);
#10147=EDGE_CURVE('',#11674,#11619,#11676,.T.);
#10148=EDGE_CURVE('',#11674,#11677,#11678,.T.);
#10149=EDGE_CURVE('',#11677,#11623,#11679,.T.);
#10150=EDGE_CURVE('',#11677,#11680,#11681,.T.);
#10151=EDGE_CURVE('',#11680,#11626,#11682,.T.);
#10152=EDGE_CURVE('',#11680,#11661,#11683,.T.);
#10153=EDGE_CURVE('',#11661,#11664,#11684,.T.);
#10154=EDGE_CURVE('',#11680,#11666,#11685,.F.);
#10155=EDGE_CURVE('',#11677,#11668,#11686,.T.);
#10156=EDGE_CURVE('',#11674,#11670,#11687,.T.);
#10157=VERTEX_POINT('',#11688);
#10158=VERTEX_POINT('',#11689);
#10159=LINE('',#11690,#11691);
#10160=VERTEX_POINT('',#11693);
#10161=LINE('',#11694,#11695);
#10162=VERTEX_POINT('',#11697);
#10163=CIRCLE('',#11698,0.6);
#10164=VERTEX_POINT('',#11702);
#10165=LINE('',#11703,#11704);
#10166=VERTEX_POINT('',#11706);
#10167=CIRCLE('',#11707,0.6);
#10168=VERTEX_POINT('',#11711);
#10169=LINE('',#11712,#11713);
#10170=VERTEX_POINT('',#11715);
#10171=LINE('',#11716,#11717);
#10172=VERTEX_POINT('',#11719);
#10173=LINE('',#11720,#11721);
#10174=VERTEX_POINT('',#11723);
#10175=CIRCLE('',#11724,1.95649980408616);
#10176=VERTEX_POINT('',#11728);
#10177=LINE('',#11729,#11730);
#10178=VERTEX_POINT('',#11732);
#10179=LINE('',#11733,#11734);
#10180=VERTEX_POINT('',#11736);
#10181=LINE('',#11737,#11738);
#10182=VERTEX_POINT('',#11740);
#10183=CIRCLE('',#11741,0.6);
#10184=VERTEX_POINT('',#11745);
#10185=LINE('',#11746,#11747);
#10186=VERTEX_POINT('',#11749);
#10187=CIRCLE('',#11750,0.6);
#10188=VERTEX_POINT('',#11754);
#10189=LINE('',#11755,#11756);
#10190=VERTEX_POINT('',#11758);
#10191=LINE('',#11759,#11760);
#10192=VERTEX_POINT('',#11762);
#10193=LINE('',#11763,#11764);
#10194=VERTEX_POINT('',#11766);
#10195=CIRCLE('',#11767,1.95599961999999);
#10196=VERTEX_POINT('',#11771);
#10197=LINE('',#11772,#11773);
#10198=VERTEX_POINT('',#11775);
#10199=CIRCLE('',#11776,1.95599961999999);
#10200=LINE('',#11780,#11781);
#10201=VERTEX_POINT('',#11783);
#10202=CIRCLE('',#11784,0.425);
#10203=VERTEX_POINT('',#11788);
#10204=CIRCLE('',#11789,0.425);
#10205=VERTEX_POINT('',#11793);
#10206=CIRCLE('',#11794,0.425);
#10207=VERTEX_POINT('',#11798);
#10208=CIRCLE('',#11799,0.375);
#10209=VERTEX_POINT('',#11803);
#10210=CIRCLE('',#11804,0.375);
#10211=VERTEX_POINT('',#11808);
#10212=CIRCLE('',#11809,0.375);
#10213=VERTEX_POINT('',#11813);
#10214=CIRCLE('',#11814,0.375);
#10215=VERTEX_POINT('',#11818);
#10216=CIRCLE('',#11819,0.375);
#10217=VERTEX_POINT('',#11823);
#10218=CIRCLE('',#11824,0.375);
#10219=VERTEX_POINT('',#11828);
#10220=VERTEX_POINT('',#11829);
#10221=LINE('',#11830,#11831);
#10222=VERTEX_POINT('',#11833);
#10223=CIRCLE('',#11834,1.95599961999999);
#10224=VERTEX_POINT('',#11838);
#10225=LINE('',#11839,#11840);
#10226=VERTEX_POINT('',#11842);
#10227=CIRCLE('',#11843,1.95599961999999);
#10228=VERTEX_POINT('',#11847);
#10229=LINE('',#11848,#11849);
#10230=VERTEX_POINT('',#11851);
#10231=LINE('',#11852,#11853);
#10232=VERTEX_POINT('',#11855);
#10233=LINE('',#11856,#11857);
#10234=VERTEX_POINT('',#11859);
#10235=CIRCLE('',#11860,0.6);
#10236=VERTEX_POINT('',#11864);
#10237=LINE('',#11865,#11866);
#10238=VERTEX_POINT('',#11868);
#10239=CIRCLE('',#11869,0.6);
#10240=VERTEX_POINT('',#11873);
#10241=LINE('',#11874,#11875);
#10242=VERTEX_POINT('',#11877);
#10243=LINE('',#11878,#11879);
#10244=VERTEX_POINT('',#11881);
#10245=LINE('',#11882,#11883);
#10246=VERTEX_POINT('',#11885);
#10247=CIRCLE('',#11886,1.95649980408616);
#10248=VERTEX_POINT('',#11890);
#10249=LINE('',#11891,#11892);
#10250=VERTEX_POINT('',#11894);
#10251=LINE('',#11895,#11896);
#10252=VERTEX_POINT('',#11898);
#10253=LINE('',#11899,#11900);
#10254=VERTEX_POINT('',#11902);
#10255=CIRCLE('',#11903,0.6);
#10256=VERTEX_POINT('',#11907);
#10257=LINE('',#11908,#11909);
#10258=VERTEX_POINT('',#11911);
#10259=CIRCLE('',#11912,0.6);
#10260=VERTEX_POINT('',#11916);
#10261=LINE('',#11917,#11918);
#10262=LINE('',#11920,#11921);
#10263=VERTEX_POINT('',#11923);
#10264=CIRCLE('',#11924,0.425);
#10265=VERTEX_POINT('',#11928);
#10266=CIRCLE('',#11929,0.425);
#10267=VERTEX_POINT('',#11933);
#10268=CIRCLE('',#11934,0.425);
#10269=VERTEX_POINT('',#11938);
#10270=CIRCLE('',#11939,0.375);
#10271=VERTEX_POINT('',#11943);
#10272=CIRCLE('',#11944,0.375);
#10273=VERTEX_POINT('',#11948);
#10274=CIRCLE('',#11949,0.375);
#10275=VERTEX_POINT('',#11953);
#10276=CIRCLE('',#11954,0.375);
#10277=VERTEX_POINT('',#11958);
#10278=CIRCLE('',#11959,0.375);
#10279=VERTEX_POINT('',#11963);
#10280=CIRCLE('',#11964,0.375);
#10281=LINE('',#11968,#11969);
#10282=LINE('',#11971,#11972);
#10283=LINE('',#11974,#11975);
#10284=LINE('',#11977,#11978);
#10285=LINE('',#11980,#11981);
#10286=LINE('',#11983,#11984);
#10287=LINE('',#11986,#11987);
#10288=LINE('',#11989,#11990);
#10289=LINE('',#11992,#11993);
#10290=LINE('',#11995,#11996);
#10291=LINE('',#11998,#11999);
#10292=LINE('',#12001,#12002);
#10293=LINE('',#12004,#12005);
#10294=LINE('',#12007,#12008);
#10295=LINE('',#12010,#12011);
#10296=LINE('',#12013,#12014);
#10297=LINE('',#12016,#12017);
#10298=LINE('',#12019,#12020);
#10299=LINE('',#12022,#12023);
#10300=LINE('',#12025,#12026);
#10301=LINE('',#12028,#12029);
#10302=LINE('',#12031,#12032);
#10303=VERTEX_POINT('',#12034);
#10304=VERTEX_POINT('',#12035);
#10305=CIRCLE('',#12036,1.20599962);
#10306=VERTEX_POINT('',#12040);
#10307=LINE('',#12041,#12042);
#10308=VERTEX_POINT('',#12044);
#10309=CIRCLE('',#12045,1.20599783408821);
#10310=VERTEX_POINT('',#12049);
#10311=LINE('',#12050,#12051);
#10312=VERTEX_POINT('',#12053);
#10313=CIRCLE('',#12054,1.20649980408666);
#10314=VERTEX_POINT('',#12058);
#10315=LINE('',#12059,#12060);
#10316=VERTEX_POINT('',#12062);
#10317=CIRCLE('',#12063,1.20599783408821);
#10318=VERTEX_POINT('',#12067);
#10319=LINE('',#12068,#12069);
#10320=VERTEX_POINT('',#12071);
#10321=CIRCLE('',#12072,1.20599962);
#10322=LINE('',#12076,#12077);
#10323=VERTEX_POINT('',#12079);
#10324=CIRCLE('',#12080,0.425);
#10325=VERTEX_POINT('',#12084);
#10326=CIRCLE('',#12085,0.425);
#10327=VERTEX_POINT('',#12089);
#10328=CIRCLE('',#12090,0.425);
#10329=VERTEX_POINT('',#12094);
#10330=CIRCLE('',#12095,0.375);
#10331=VERTEX_POINT('',#12099);
#10332=CIRCLE('',#12100,0.375);
#10333=VERTEX_POINT('',#12104);
#10334=CIRCLE('',#12105,0.375);
#10335=VERTEX_POINT('',#12109);
#10336=CIRCLE('',#12110,0.375);
#10337=VERTEX_POINT('',#12114);
#10338=CIRCLE('',#12115,0.375);
#10339=VERTEX_POINT('',#12119);
#10340=CIRCLE('',#12120,0.375);
#10341=VERTEX_POINT('',#12124);
#10342=VERTEX_POINT('',#12125);
#10343=LINE('',#12126,#12127);
#10344=VERTEX_POINT('',#12129);
#10345=CIRCLE('',#12130,1.20599962);
#10346=VERTEX_POINT('',#12134);
#10347=LINE('',#12135,#12136);
#10348=VERTEX_POINT('',#12138);
#10349=CIRCLE('',#12139,1.20599783408821);
#10350=VERTEX_POINT('',#12143);
#10351=LINE('',#12144,#12145);
#10352=VERTEX_POINT('',#12147);
#10353=CIRCLE('',#12148,1.20649980408666);
#10354=VERTEX_POINT('',#12152);
#10355=LINE('',#12153,#12154);
#10356=VERTEX_POINT('',#12156);
#10357=CIRCLE('',#12157,1.20599783408821);
#10358=VERTEX_POINT('',#12161);
#10359=LINE('',#12162,#12163);
#10360=CIRCLE('',#12165,1.20599962);
#10361=VERTEX_POINT('',#12169);
#10362=CIRCLE('',#12170,0.425);
#10363=VERTEX_POINT('',#12174);
#10364=CIRCLE('',#12175,0.425);
#10365=VERTEX_POINT('',#12179);
#10366=CIRCLE('',#12180,0.425);
#10367=VERTEX_POINT('',#12184);
#10368=CIRCLE('',#12185,0.375);
#10369=VERTEX_POINT('',#12189);
#10370=CIRCLE('',#12190,0.375);
#10371=VERTEX_POINT('',#12194);
#10372=CIRCLE('',#12195,0.375);
#10373=VERTEX_POINT('',#12199);
#10374=CIRCLE('',#12200,0.375);
#10375=VERTEX_POINT('',#12204);
#10376=CIRCLE('',#12205,0.375);
#10377=VERTEX_POINT('',#12209);
#10378=CIRCLE('',#12210,0.375);
#10379=LINE('',#12214,#12215);
#10380=LINE('',#12217,#12218);
#10381=LINE('',#12220,#12221);
#10382=LINE('',#12223,#12224);
#10383=LINE('',#12226,#12227);
#10384=LINE('',#12229,#12230);
#10385=LINE('',#12232,#12233);
#10386=LINE('',#12235,#12236);
#10387=LINE('',#12238,#12239);
#10388=LINE('',#12241,#12242);
#10389=VERTEX_POINT('',#12244);
#10390=CIRCLE('',#12245,0.4);
#10391=VERTEX_POINT('',#12249);
#10392=CIRCLE('',#12250,0.4);
#10393=VERTEX_POINT('',#12254);
#10394=CIRCLE('',#12255,0.1);
#10395=VERTEX_POINT('',#12259);
#10396=CIRCLE('',#12260,0.1);
#10397=VERTEX_POINT('',#12264);
#10398=CIRCLE('',#12265,0.4);
#10399=VERTEX_POINT('',#12269);
#10400=CIRCLE('',#12270,0.4);
#10401=VERTEX_POINT('',#12274);
#10402=CIRCLE('',#12275,0.1);
#10403=VERTEX_POINT('',#12279);
#10404=CIRCLE('',#12280,0.1);
#10405=VERTEX_POINT('',#12284);
#10406=CIRCLE('',#12285,0.4);
#10407=VERTEX_POINT('',#12289);
#10408=CIRCLE('',#12290,0.4);
#10409=VERTEX_POINT('',#12294);
#10410=CIRCLE('',#12295,0.1);
#10411=VERTEX_POINT('',#12299);
#10412=CIRCLE('',#12300,0.1);
#10413=VERTEX_POINT('',#12304);
#10414=CIRCLE('',#12305,0.26);
#10415=VERTEX_POINT('',#12309);
#10416=VERTEX_POINT('',#12310);
#10417=(BOUNDED_CURVE()B_SPLINE_CURVE(3,
(#12311,#12312,#12313,#12314),
.UNSPECIFIED.,.F.,.F.)B_SPLINE_CURVE_WITH_KNOTS((4,4),
(0.,1.),
.UNSPECIFIED.)CURVE()GEOMETRIC_REPRESENTATION_ITEM()RATIONAL_B_SPLINE_CURVE((1.,
0.955082207550243,0.955082207550243,1.))REPRESENTATION_ITEM(''));
#10418=VERTEX_POINT('',#12315);
#10419=CIRCLE('',#12316,0.26);
#10420=VERTEX_POINT('',#12320);
#10421=(BOUNDED_CURVE()B_SPLINE_CURVE(3,
(#12321,#12322,#12323,#12324),
.UNSPECIFIED.,.F.,.F.)B_SPLINE_CURVE_WITH_KNOTS((4,4),
(0.,1.),
.UNSPECIFIED.)CURVE()GEOMETRIC_REPRESENTATION_ITEM()RATIONAL_B_SPLINE_CURVE((1.,
0.955082207550243,0.955082207550243,1.))REPRESENTATION_ITEM(''));
#10422=VERTEX_POINT('',#12325);
#10423=(BOUNDED_CURVE()B_SPLINE_CURVE(3,
(#12326,#12327,#12328,#12329),
.UNSPECIFIED.,.F.,.F.)B_SPLINE_CURVE_WITH_KNOTS((4,4),
(0.,1.),
.UNSPECIFIED.)CURVE()GEOMETRIC_REPRESENTATION_ITEM()RATIONAL_B_SPLINE_CURVE((1.,
0.955082207550243,0.955082207550243,1.))REPRESENTATION_ITEM(''));
#10424=VERTEX_POINT('',#12330);
#10425=CIRCLE('',#12331,0.26);
#10426=VERTEX_POINT('',#12335);
#10427=(BOUNDED_CURVE()B_SPLINE_CURVE(3,
(#12336,#12337,#12338,#12339),
.UNSPECIFIED.,.F.,.F.)B_SPLINE_CURVE_WITH_KNOTS((4,4),
(0.,1.),
.UNSPECIFIED.)CURVE()GEOMETRIC_REPRESENTATION_ITEM()RATIONAL_B_SPLINE_CURVE((1.,
0.955082207550243,0.955082207550243,1.))REPRESENTATION_ITEM(''));
#10428=VERTEX_POINT('',#12340);
#10429=(BOUNDED_CURVE()B_SPLINE_CURVE(3,
(#12341,#12342,#12343,#12344),
.UNSPECIFIED.,.F.,.F.)B_SPLINE_CURVE_WITH_KNOTS((4,4),
(0.,1.),
.UNSPECIFIED.)CURVE()GEOMETRIC_REPRESENTATION_ITEM()RATIONAL_B_SPLINE_CURVE((1.,
0.955082207550243,0.955082207550243,1.))REPRESENTATION_ITEM(''));
#10430=VERTEX_POINT('',#12345);
#10431=CIRCLE('',#12346,0.26);
#10432=VERTEX_POINT('',#12350);
#10433=(BOUNDED_CURVE()B_SPLINE_CURVE(3,
(#12351,#12352,#12353,#12354),
.UNSPECIFIED.,.F.,.F.)B_SPLINE_CURVE_WITH_KNOTS((4,4),
(0.,1.),
.UNSPECIFIED.)CURVE()GEOMETRIC_REPRESENTATION_ITEM()RATIONAL_B_SPLINE_CURVE((1.,
0.955082207550243,0.955082207550243,1.))REPRESENTATION_ITEM(''));
#10434=VERTEX_POINT('',#12355);
#10435=(BOUNDED_CURVE()B_SPLINE_CURVE(3,
(#12356,#12357,#12358,#12359),
.UNSPECIFIED.,.F.,.F.)B_SPLINE_CURVE_WITH_KNOTS((4,4),
(0.,1.),
.UNSPECIFIED.)CURVE()GEOMETRIC_REPRESENTATION_ITEM()RATIONAL_B_SPLINE_CURVE((1.,
0.955082207550243,0.955082207550243,1.))REPRESENTATION_ITEM(''));
#10436=VERTEX_POINT('',#12360);
#10437=CIRCLE('',#12361,0.26);
#10438=(BOUNDED_CURVE()B_SPLINE_CURVE(3,
(#12365,#12366,#12367,#12368),
.UNSPECIFIED.,.F.,.F.)B_SPLINE_CURVE_WITH_KNOTS((4,4),
(0.,1.),
.UNSPECIFIED.)CURVE()GEOMETRIC_REPRESENTATION_ITEM()RATIONAL_B_SPLINE_CURVE((1.,
0.955082207550243,0.955082207550243,1.))REPRESENTATION_ITEM(''));
#10439=VERTEX_POINT('',#12369);
#10440=CIRCLE('',#12370,0.29);
#10441=VERTEX_POINT('',#12374);
#10442=VERTEX_POINT('',#12375);
#10443=LINE('',#12376,#12377);
#10444=LINE('',#12379,#12380);
#10445=LINE('',#12382,#12383);
#10446=LINE('',#12385,#12386);
#10447=LINE('',#12388,#12389);
#10448=VERTEX_POINT('',#12391);
#10449=LINE('',#12392,#12393);
#10450=LINE('',#12395,#12396);
#10451=LINE('',#12398,#12399);
#10452=LINE('',#12401,#12402);
#10453=VERTEX_POINT('',#12404);
#10454=LINE('',#12405,#12406);
#10455=LINE('',#12408,#12409);
#10456=LINE('',#12411,#12412);
#10457=LINE('',#12414,#12415);
#10458=VERTEX_POINT('',#12417);
#10459=LINE('',#12418,#12419);
#10460=LINE('',#12421,#12422);
#10461=LINE('',#12424,#12425);
#10462=VERTEX_POINT('',#12427);
#10463=CIRCLE('',#12428,0.35);
#10464=VERTEX_POINT('',#12432);
#10465=CIRCLE('',#12433,0.35);
#10466=VERTEX_POINT('',#12437);
#10467=CIRCLE('',#12438,0.15);
#10468=VERTEX_POINT('',#12442);
#10469=CIRCLE('',#12443,0.26);
#10470=VERTEX_POINT('',#12447);
#10471=VERTEX_POINT('',#12448);
#10472=(BOUNDED_CURVE()B_SPLINE_CURVE(3,
(#12449,#12450,#12451,#12452),
.UNSPECIFIED.,.F.,.F.)B_SPLINE_CURVE_WITH_KNOTS((4,4),
(0.,1.),
.UNSPECIFIED.)CURVE()GEOMETRIC_REPRESENTATION_ITEM()RATIONAL_B_SPLINE_CURVE((1.,
0.955082207550243,0.955082207550243,1.))REPRESENTATION_ITEM(''));
#10473=VERTEX_POINT('',#12453);
#10474=CIRCLE('',#12454,0.26);
#10475=VERTEX_POINT('',#12458);
#10476=(BOUNDED_CURVE()B_SPLINE_CURVE(3,
(#12459,#12460,#12461,#12462),
.UNSPECIFIED.,.F.,.F.)B_SPLINE_CURVE_WITH_KNOTS((4,4),
(0.,1.),
.UNSPECIFIED.)CURVE()GEOMETRIC_REPRESENTATION_ITEM()RATIONAL_B_SPLINE_CURVE((1.,
0.955082207550243,0.955082207550243,1.))REPRESENTATION_ITEM(''));
#10477=VERTEX_POINT('',#12463);
#10478=(BOUNDED_CURVE()B_SPLINE_CURVE(3,
(#12464,#12465,#12466,#12467),
.UNSPECIFIED.,.F.,.F.)B_SPLINE_CURVE_WITH_KNOTS((4,4),
(0.,1.),
.UNSPECIFIED.)CURVE()GEOMETRIC_REPRESENTATION_ITEM()RATIONAL_B_SPLINE_CURVE((1.,
0.955082207550243,0.955082207550243,1.))REPRESENTATION_ITEM(''));
#10479=VERTEX_POINT('',#12468);
#10480=CIRCLE('',#12469,0.26);
#10481=VERTEX_POINT('',#12473);
#10482=(BOUNDED_CURVE()B_SPLINE_CURVE(3,
(#12474,#12475,#12476,#12477),
.UNSPECIFIED.,.F.,.F.)B_SPLINE_CURVE_WITH_KNOTS((4,4),
(0.,1.),
.UNSPECIFIED.)CURVE()GEOMETRIC_REPRESENTATION_ITEM()RATIONAL_B_SPLINE_CURVE((1.,
0.955082207550243,0.955082207550243,1.))REPRESENTATION_ITEM(''));
#10483=VERTEX_POINT('',#12478);
#10484=(BOUNDED_CURVE()B_SPLINE_CURVE(3,
(#12479,#12480,#12481,#12482),
.UNSPECIFIED.,.F.,.F.)B_SPLINE_CURVE_WITH_KNOTS((4,4),
(0.,1.),
.UNSPECIFIED.)CURVE()GEOMETRIC_REPRESENTATION_ITEM()RATIONAL_B_SPLINE_CURVE((1.,
0.955082207550243,0.955082207550243,1.))REPRESENTATION_ITEM(''));
#10485=VERTEX_POINT('',#12483);
#10486=CIRCLE('',#12484,0.26);
#10487=VERTEX_POINT('',#12488);
#10488=(BOUNDED_CURVE()B_SPLINE_CURVE(3,
(#12489,#12490,#12491,#12492),
.UNSPECIFIED.,.F.,.F.)B_SPLINE_CURVE_WITH_KNOTS((4,4),
(0.,1.),
.UNSPECIFIED.)CURVE()GEOMETRIC_REPRESENTATION_ITEM()RATIONAL_B_SPLINE_CURVE((1.,
0.955082207550243,0.955082207550243,1.))REPRESENTATION_ITEM(''));
#10489=VERTEX_POINT('',#12493);
#10490=(BOUNDED_CURVE()B_SPLINE_CURVE(3,
(#12494,#12495,#12496,#12497),
.UNSPECIFIED.,.F.,.F.)B_SPLINE_CURVE_WITH_KNOTS((4,4),
(0.,1.),
.UNSPECIFIED.)CURVE()GEOMETRIC_REPRESENTATION_ITEM()RATIONAL_B_SPLINE_CURVE((1.,
0.955082207550243,0.955082207550243,1.))REPRESENTATION_ITEM(''));
#10491=VERTEX_POINT('',#12498);
#10492=CIRCLE('',#12499,0.26);
#10493=(BOUNDED_CURVE()B_SPLINE_CURVE(3,
(#12503,#12504,#12505,#12506),
.UNSPECIFIED.,.F.,.F.)B_SPLINE_CURVE_WITH_KNOTS((4,4),
(0.,1.),
.UNSPECIFIED.)CURVE()GEOMETRIC_REPRESENTATION_ITEM()RATIONAL_B_SPLINE_CURVE((1.,
0.955082207550243,0.955082207550243,1.))REPRESENTATION_ITEM(''));
#10494=VERTEX_POINT('',#12507);
#10495=CIRCLE('',#12508,0.29);
#10496=VERTEX_POINT('',#12512);
#10497=VERTEX_POINT('',#12513);
#10498=LINE('',#12514,#12515);
#10499=LINE('',#12517,#12518);
#10500=LINE('',#12520,#12521);
#10501=LINE('',#12523,#12524);
#10502=LINE('',#12526,#12527);
#10503=VERTEX_POINT('',#12529);
#10504=LINE('',#12530,#12531);
#10505=LINE('',#12533,#12534);
#10506=LINE('',#12536,#12537);
#10507=LINE('',#12539,#12540);
#10508=VERTEX_POINT('',#12542);
#10509=LINE('',#12543,#12544);
#10510=LINE('',#12546,#12547);
#10511=LINE('',#12549,#12550);
#10512=LINE('',#12552,#12553);
#10513=VERTEX_POINT('',#12555);
#10514=LINE('',#12556,#12557);
#10515=LINE('',#12559,#12560);
#10516=LINE('',#12562,#12563);
#10517=VERTEX_POINT('',#12565);
#10518=CIRCLE('',#12566,0.35);
#10519=VERTEX_POINT('',#12570);
#10520=CIRCLE('',#12571,0.35);
#10521=VERTEX_POINT('',#12575);
#10522=CIRCLE('',#12576,0.15);
#10523=VERTEX_POINT('',#12580);
#10524=CIRCLE('',#12581,0.26);
#10525=VERTEX_POINT('',#12585);
#10526=VERTEX_POINT('',#12586);
#10527=(BOUNDED_CURVE()B_SPLINE_CURVE(3,
(#12587,#12588,#12589,#12590),
.UNSPECIFIED.,.F.,.F.)B_SPLINE_CURVE_WITH_KNOTS((4,4),
(0.,1.),
.UNSPECIFIED.)CURVE()GEOMETRIC_REPRESENTATION_ITEM()RATIONAL_B_SPLINE_CURVE((1.,
0.955082207550243,0.955082207550243,1.))REPRESENTATION_ITEM(''));
#10528=VERTEX_POINT('',#12591);
#10529=CIRCLE('',#12592,0.26);
#10530=VERTEX_POINT('',#12596);
#10531=(BOUNDED_CURVE()B_SPLINE_CURVE(3,
(#12597,#12598,#12599,#12600),
.UNSPECIFIED.,.F.,.F.)B_SPLINE_CURVE_WITH_KNOTS((4,4),
(0.,1.),
.UNSPECIFIED.)CURVE()GEOMETRIC_REPRESENTATION_ITEM()RATIONAL_B_SPLINE_CURVE((1.,
0.955082207550243,0.955082207550243,1.))REPRESENTATION_ITEM(''));
#10532=VERTEX_POINT('',#12601);
#10533=(BOUNDED_CURVE()B_SPLINE_CURVE(3,
(#12602,#12603,#12604,#12605),
.UNSPECIFIED.,.F.,.F.)B_SPLINE_CURVE_WITH_KNOTS((4,4),
(0.,1.),
.UNSPECIFIED.)CURVE()GEOMETRIC_REPRESENTATION_ITEM()RATIONAL_B_SPLINE_CURVE((1.,
0.955082207550243,0.955082207550243,1.))REPRESENTATION_ITEM(''));
#10534=VERTEX_POINT('',#12606);
#10535=CIRCLE('',#12607,0.26);
#10536=VERTEX_POINT('',#12611);
#10537=(BOUNDED_CURVE()B_SPLINE_CURVE(3,
(#12612,#12613,#12614,#12615),
.UNSPECIFIED.,.F.,.F.)B_SPLINE_CURVE_WITH_KNOTS((4,4),
(0.,1.),
.UNSPECIFIED.)CURVE()GEOMETRIC_REPRESENTATION_ITEM()RATIONAL_B_SPLINE_CURVE((1.,
0.955082207550243,0.955082207550243,1.))REPRESENTATION_ITEM(''));
#10538=VERTEX_POINT('',#12616);
#10539=(BOUNDED_CURVE()B_SPLINE_CURVE(3,
(#12617,#12618,#12619,#12620),
.UNSPECIFIED.,.F.,.F.)B_SPLINE_CURVE_WITH_KNOTS((4,4),
(0.,1.),
.UNSPECIFIED.)CURVE()GEOMETRIC_REPRESENTATION_ITEM()RATIONAL_B_SPLINE_CURVE((1.,
0.955082207550243,0.955082207550243,1.))REPRESENTATION_ITEM(''));
#10540=VERTEX_POINT('',#12621);
#10541=CIRCLE('',#12622,0.26);
#10542=VERTEX_POINT('',#12626);
#10543=(BOUNDED_CURVE()B_SPLINE_CURVE(3,
(#12627,#12628,#12629,#12630),
.UNSPECIFIED.,.F.,.F.)B_SPLINE_CURVE_WITH_KNOTS((4,4),
(0.,1.),
.UNSPECIFIED.)CURVE()GEOMETRIC_REPRESENTATION_ITEM()RATIONAL_B_SPLINE_CURVE((1.,
0.955082207550243,0.955082207550243,1.))REPRESENTATION_ITEM(''));
#10544=VERTEX_POINT('',#12631);
#10545=(BOUNDED_CURVE()B_SPLINE_CURVE(3,
(#12632,#12633,#12634,#12635),
.UNSPECIFIED.,.F.,.F.)B_SPLINE_CURVE_WITH_KNOTS((4,4),
(0.,1.),
.UNSPECIFIED.)CURVE()GEOMETRIC_REPRESENTATION_ITEM()RATIONAL_B_SPLINE_CURVE((1.,
0.955082207550243,0.955082207550243,1.))REPRESENTATION_ITEM(''));
#10546=VERTEX_POINT('',#12636);
#10547=CIRCLE('',#12637,0.26);
#10548=(BOUNDED_CURVE()B_SPLINE_CURVE(3,
(#12641,#12642,#12643,#12644),
.UNSPECIFIED.,.F.,.F.)B_SPLINE_CURVE_WITH_KNOTS((4,4),
(0.,1.),
.UNSPECIFIED.)CURVE()GEOMETRIC_REPRESENTATION_ITEM()RATIONAL_B_SPLINE_CURVE((1.,
0.955082207550243,0.955082207550243,1.))REPRESENTATION_ITEM(''));
#10549=VERTEX_POINT('',#12645);
#10550=CIRCLE('',#12646,0.29);
#10551=VERTEX_POINT('',#12650);
#10552=VERTEX_POINT('',#12651);
#10553=LINE('',#12652,#12653);
#10554=LINE('',#12655,#12656);
#10555=LINE('',#12658,#12659);
#10556=LINE('',#12661,#12662);
#10557=LINE('',#12664,#12665);
#10558=VERTEX_POINT('',#12667);
#10559=LINE('',#12668,#12669);
#10560=LINE('',#12671,#12672);
#10561=LINE('',#12674,#12675);
#10562=LINE('',#12677,#12678);
#10563=VERTEX_POINT('',#12680);
#10564=LINE('',#12681,#12682);
#10565=LINE('',#12684,#12685);
#10566=LINE('',#12687,#12688);
#10567=LINE('',#12690,#12691);
#10568=VERTEX_POINT('',#12693);
#10569=LINE('',#12694,#12695);
#10570=LINE('',#12697,#12698);
#10571=LINE('',#12700,#12701);
#10572=VERTEX_POINT('',#12703);
#10573=CIRCLE('',#12704,0.35);
#10574=VERTEX_POINT('',#12708);
#10575=CIRCLE('',#12709,0.35);
#10576=VERTEX_POINT('',#12713);
#10577=CIRCLE('',#12714,0.15);
#10578=VERTEX_POINT('',#12718);
#10579=CIRCLE('',#12719,0.26);
#10580=VERTEX_POINT('',#12723);
#10581=VERTEX_POINT('',#12724);
#10582=(BOUNDED_CURVE()B_SPLINE_CURVE(3,
(#12725,#12726,#12727,#12728),
.UNSPECIFIED.,.F.,.F.)B_SPLINE_CURVE_WITH_KNOTS((4,4),
(0.,1.),
.UNSPECIFIED.)CURVE()GEOMETRIC_REPRESENTATION_ITEM()RATIONAL_B_SPLINE_CURVE((1.,
0.955082207550243,0.955082207550243,1.))REPRESENTATION_ITEM(''));
#10583=VERTEX_POINT('',#12729);
#10584=CIRCLE('',#12730,0.26);
#10585=VERTEX_POINT('',#12734);
#10586=(BOUNDED_CURVE()B_SPLINE_CURVE(3,
(#12735,#12736,#12737,#12738),
.UNSPECIFIED.,.F.,.F.)B_SPLINE_CURVE_WITH_KNOTS((4,4),
(0.,1.),
.UNSPECIFIED.)CURVE()GEOMETRIC_REPRESENTATION_ITEM()RATIONAL_B_SPLINE_CURVE((1.,
0.955082207550243,0.955082207550243,1.))REPRESENTATION_ITEM(''));
#10587=VERTEX_POINT('',#12739);
#10588=(BOUNDED_CURVE()B_SPLINE_CURVE(3,
(#12740,#12741,#12742,#12743),
.UNSPECIFIED.,.F.,.F.)B_SPLINE_CURVE_WITH_KNOTS((4,4),
(0.,1.),
.UNSPECIFIED.)CURVE()GEOMETRIC_REPRESENTATION_ITEM()RATIONAL_B_SPLINE_CURVE((1.,
0.955082207550243,0.955082207550243,1.))REPRESENTATION_ITEM(''));
#10589=VERTEX_POINT('',#12744);
#10590=CIRCLE('',#12745,0.26);
#10591=VERTEX_POINT('',#12749);
#10592=(BOUNDED_CURVE()B_SPLINE_CURVE(3,
(#12750,#12751,#12752,#12753),
.UNSPECIFIED.,.F.,.F.)B_SPLINE_CURVE_WITH_KNOTS((4,4),
(0.,1.),
.UNSPECIFIED.)CURVE()GEOMETRIC_REPRESENTATION_ITEM()RATIONAL_B_SPLINE_CURVE((1.,
0.955082207550243,0.955082207550243,1.))REPRESENTATION_ITEM(''));
#10593=VERTEX_POINT('',#12754);
#10594=(BOUNDED_CURVE()B_SPLINE_CURVE(3,
(#12755,#12756,#12757,#12758),
.UNSPECIFIED.,.F.,.F.)B_SPLINE_CURVE_WITH_KNOTS((4,4),
(0.,1.),
.UNSPECIFIED.)CURVE()GEOMETRIC_REPRESENTATION_ITEM()RATIONAL_B_SPLINE_CURVE((1.,
0.955082207550243,0.955082207550243,1.))REPRESENTATION_ITEM(''));
#10595=VERTEX_POINT('',#12759);
#10596=CIRCLE('',#12760,0.26);
#10597=VERTEX_POINT('',#12764);
#10598=(BOUNDED_CURVE()B_SPLINE_CURVE(3,
(#12765,#12766,#12767,#12768),
.UNSPECIFIED.,.F.,.F.)B_SPLINE_CURVE_WITH_KNOTS((4,4),
(0.,1.),
.UNSPECIFIED.)CURVE()GEOMETRIC_REPRESENTATION_ITEM()RATIONAL_B_SPLINE_CURVE((1.,
0.955082207550243,0.955082207550243,1.))REPRESENTATION_ITEM(''));
#10599=VERTEX_POINT('',#12769);
#10600=(BOUNDED_CURVE()B_SPLINE_CURVE(3,
(#12770,#12771,#12772,#12773),
.UNSPECIFIED.,.F.,.F.)B_SPLINE_CURVE_WITH_KNOTS((4,4),
(0.,1.),
.UNSPECIFIED.)CURVE()GEOMETRIC_REPRESENTATION_ITEM()RATIONAL_B_SPLINE_CURVE((1.,
0.955082207550243,0.955082207550243,1.))REPRESENTATION_ITEM(''));
#10601=VERTEX_POINT('',#12774);
#10602=CIRCLE('',#12775,0.26);
#10603=(BOUNDED_CURVE()B_SPLINE_CURVE(3,
(#12779,#12780,#12781,#12782),
.UNSPECIFIED.,.F.,.F.)B_SPLINE_CURVE_WITH_KNOTS((4,4),
(0.,1.),
.UNSPECIFIED.)CURVE()GEOMETRIC_REPRESENTATION_ITEM()RATIONAL_B_SPLINE_CURVE((1.,
0.955082207550243,0.955082207550243,1.))REPRESENTATION_ITEM(''));
#10604=VERTEX_POINT('',#12783);
#10605=CIRCLE('',#12784,0.29);
#10606=VERTEX_POINT('',#12788);
#10607=VERTEX_POINT('',#12789);
#10608=LINE('',#12790,#12791);
#10609=LINE('',#12793,#12794);
#10610=LINE('',#12796,#12797);
#10611=LINE('',#12799,#12800);
#10612=LINE('',#12802,#12803);
#10613=VERTEX_POINT('',#12805);
#10614=LINE('',#12806,#12807);
#10615=LINE('',#12809,#12810);
#10616=LINE('',#12812,#12813);
#10617=LINE('',#12815,#12816);
#10618=VERTEX_POINT('',#12818);
#10619=LINE('',#12819,#12820);
#10620=LINE('',#12822,#12823);
#10621=LINE('',#12825,#12826);
#10622=LINE('',#12828,#12829);
#10623=VERTEX_POINT('',#12831);
#10624=LINE('',#12832,#12833);
#10625=LINE('',#12835,#12836);
#10626=LINE('',#12838,#12839);
#10627=VERTEX_POINT('',#12841);
#10628=CIRCLE('',#12842,0.35);
#10629=VERTEX_POINT('',#12846);
#10630=CIRCLE('',#12847,0.35);
#10631=VERTEX_POINT('',#12851);
#10632=CIRCLE('',#12852,0.15);
#10633=VERTEX_POINT('',#12856);
#10634=CIRCLE('',#12857,0.26);
#10635=VERTEX_POINT('',#12861);
#10636=VERTEX_POINT('',#12862);
#10637=(BOUNDED_CURVE()B_SPLINE_CURVE(3,
(#12863,#12864,#12865,#12866),
.UNSPECIFIED.,.F.,.F.)B_SPLINE_CURVE_WITH_KNOTS((4,4),
(0.,1.),
.UNSPECIFIED.)CURVE()GEOMETRIC_REPRESENTATION_ITEM()RATIONAL_B_SPLINE_CURVE((1.,
0.955082207550243,0.955082207550243,1.))REPRESENTATION_ITEM(''));
#10638=VERTEX_POINT('',#12867);
#10639=CIRCLE('',#12868,0.26);
#10640=VERTEX_POINT('',#12872);
#10641=(BOUNDED_CURVE()B_SPLINE_CURVE(3,
(#12873,#12874,#12875,#12876),
.UNSPECIFIED.,.F.,.F.)B_SPLINE_CURVE_WITH_KNOTS((4,4),
(0.,1.),
.UNSPECIFIED.)CURVE()GEOMETRIC_REPRESENTATION_ITEM()RATIONAL_B_SPLINE_CURVE((1.,
0.955082207550243,0.955082207550243,1.))REPRESENTATION_ITEM(''));
#10642=VERTEX_POINT('',#12877);
#10643=(BOUNDED_CURVE()B_SPLINE_CURVE(3,
(#12878,#12879,#12880,#12881),
.UNSPECIFIED.,.F.,.F.)B_SPLINE_CURVE_WITH_KNOTS((4,4),
(0.,1.),
.UNSPECIFIED.)CURVE()GEOMETRIC_REPRESENTATION_ITEM()RATIONAL_B_SPLINE_CURVE((1.,
0.955082207550243,0.955082207550243,1.))REPRESENTATION_ITEM(''));
#10644=VERTEX_POINT('',#12882);
#10645=CIRCLE('',#12883,0.26);
#10646=VERTEX_POINT('',#12887);
#10647=(BOUNDED_CURVE()B_SPLINE_CURVE(3,
(#12888,#12889,#12890,#12891),
.UNSPECIFIED.,.F.,.F.)B_SPLINE_CURVE_WITH_KNOTS((4,4),
(0.,1.),
.UNSPECIFIED.)CURVE()GEOMETRIC_REPRESENTATION_ITEM()RATIONAL_B_SPLINE_CURVE((1.,
0.955082207550243,0.955082207550243,1.))REPRESENTATION_ITEM(''));
#10648=VERTEX_POINT('',#12892);
#10649=(BOUNDED_CURVE()B_SPLINE_CURVE(3,
(#12893,#12894,#12895,#12896),
.UNSPECIFIED.,.F.,.F.)B_SPLINE_CURVE_WITH_KNOTS((4,4),
(0.,1.),
.UNSPECIFIED.)CURVE()GEOMETRIC_REPRESENTATION_ITEM()RATIONAL_B_SPLINE_CURVE((1.,
0.955082207550243,0.955082207550243,1.))REPRESENTATION_ITEM(''));
#10650=VERTEX_POINT('',#12897);
#10651=CIRCLE('',#12898,0.26);
#10652=VERTEX_POINT('',#12902);
#10653=(BOUNDED_CURVE()B_SPLINE_CURVE(3,
(#12903,#12904,#12905,#12906),
.UNSPECIFIED.,.F.,.F.)B_SPLINE_CURVE_WITH_KNOTS((4,4),
(0.,1.),
.UNSPECIFIED.)CURVE()GEOMETRIC_REPRESENTATION_ITEM()RATIONAL_B_SPLINE_CURVE((1.,
0.955082207550243,0.955082207550243,1.))REPRESENTATION_ITEM(''));
#10654=VERTEX_POINT('',#12907);
#10655=(BOUNDED_CURVE()B_SPLINE_CURVE(3,
(#12908,#12909,#12910,#12911),
.UNSPECIFIED.,.F.,.F.)B_SPLINE_CURVE_WITH_KNOTS((4,4),
(0.,1.),
.UNSPECIFIED.)CURVE()GEOMETRIC_REPRESENTATION_ITEM()RATIONAL_B_SPLINE_CURVE((1.,
0.955082207550243,0.955082207550243,1.))REPRESENTATION_ITEM(''));
#10656=VERTEX_POINT('',#12912);
#10657=CIRCLE('',#12913,0.26);
#10658=(BOUNDED_CURVE()B_SPLINE_CURVE(3,
(#12917,#12918,#12919,#12920),
.UNSPECIFIED.,.F.,.F.)B_SPLINE_CURVE_WITH_KNOTS((4,4),
(0.,1.),
.UNSPECIFIED.)CURVE()GEOMETRIC_REPRESENTATION_ITEM()RATIONAL_B_SPLINE_CURVE((1.,
0.955082207550243,0.955082207550243,1.))REPRESENTATION_ITEM(''));
#10659=VERTEX_POINT('',#12921);
#10660=CIRCLE('',#12922,0.29);
#10661=VERTEX_POINT('',#12926);
#10662=VERTEX_POINT('',#12927);
#10663=LINE('',#12928,#12929);
#10664=LINE('',#12931,#12932);
#10665=LINE('',#12934,#12935);
#10666=LINE('',#12937,#12938);
#10667=LINE('',#12940,#12941);
#10668=VERTEX_POINT('',#12943);
#10669=LINE('',#12944,#12945);
#10670=LINE('',#12947,#12948);
#10671=LINE('',#12950,#12951);
#10672=LINE('',#12953,#12954);
#10673=VERTEX_POINT('',#12956);
#10674=LINE('',#12957,#12958);
#10675=LINE('',#12960,#12961);
#10676=LINE('',#12963,#12964);
#10677=LINE('',#12966,#12967);
#10678=VERTEX_POINT('',#12969);
#10679=LINE('',#12970,#12971);
#10680=LINE('',#12973,#12974);
#10681=LINE('',#12976,#12977);
#10682=VERTEX_POINT('',#12979);
#10683=CIRCLE('',#12980,0.35);
#10684=VERTEX_POINT('',#12984);
#10685=CIRCLE('',#12985,0.35);
#10686=VERTEX_POINT('',#12989);
#10687=CIRCLE('',#12990,0.15);
#10688=VERTEX_POINT('',#12994);
#10689=CIRCLE('',#12995,0.15);
#10690=VERTEX_POINT('',#12999);
#10691=CIRCLE('',#13000,0.35);
#10692=VERTEX_POINT('',#13004);
#10693=CIRCLE('',#13005,0.35);
#10694=VERTEX_POINT('',#13009);
#10695=CIRCLE('',#13010,0.29);
#10696=VERTEX_POINT('',#13014);
#10697=CIRCLE('',#13015,0.26);
#10698=VERTEX_POINT('',#13019);
#10699=VERTEX_POINT('',#13020);
#10700=(BOUNDED_CURVE()B_SPLINE_CURVE(3,
(#13021,#13022,#13023,#13024),
.UNSPECIFIED.,.F.,.F.)B_SPLINE_CURVE_WITH_KNOTS((4,4),
(0.,1.),
.UNSPECIFIED.)CURVE()GEOMETRIC_REPRESENTATION_ITEM()RATIONAL_B_SPLINE_CURVE((1.,
0.955082207550243,0.955082207550243,1.))REPRESENTATION_ITEM(''));
#10701=VERTEX_POINT('',#13025);
#10702=CIRCLE('',#13026,0.26);
#10703=VERTEX_POINT('',#13030);
#10704=(BOUNDED_CURVE()B_SPLINE_CURVE(3,
(#13031,#13032,#13033,#13034),
.UNSPECIFIED.,.F.,.F.)B_SPLINE_CURVE_WITH_KNOTS((4,4),
(0.,1.),
.UNSPECIFIED.)CURVE()GEOMETRIC_REPRESENTATION_ITEM()RATIONAL_B_SPLINE_CURVE((1.,
0.955082207550243,0.955082207550243,1.))REPRESENTATION_ITEM(''));
#10705=VERTEX_POINT('',#13035);
#10706=(BOUNDED_CURVE()B_SPLINE_CURVE(3,
(#13036,#13037,#13038,#13039),
.UNSPECIFIED.,.F.,.F.)B_SPLINE_CURVE_WITH_KNOTS((4,4),
(0.,1.),
.UNSPECIFIED.)CURVE()GEOMETRIC_REPRESENTATION_ITEM()RATIONAL_B_SPLINE_CURVE((1.,
0.955082207550243,0.955082207550243,1.))REPRESENTATION_ITEM(''));
#10707=VERTEX_POINT('',#13040);
#10708=CIRCLE('',#13041,0.26);
#10709=VERTEX_POINT('',#13045);
#10710=(BOUNDED_CURVE()B_SPLINE_CURVE(3,
(#13046,#13047,#13048,#13049),
.UNSPECIFIED.,.F.,.F.)B_SPLINE_CURVE_WITH_KNOTS((4,4),
(0.,1.),
.UNSPECIFIED.)CURVE()GEOMETRIC_REPRESENTATION_ITEM()RATIONAL_B_SPLINE_CURVE((1.,
0.955082207550243,0.955082207550243,1.))REPRESENTATION_ITEM(''));
#10711=VERTEX_POINT('',#13050);
#10712=(BOUNDED_CURVE()B_SPLINE_CURVE(3,
(#13051,#13052,#13053,#13054),
.UNSPECIFIED.,.F.,.F.)B_SPLINE_CURVE_WITH_KNOTS((4,4),
(0.,1.),
.UNSPECIFIED.)CURVE()GEOMETRIC_REPRESENTATION_ITEM()RATIONAL_B_SPLINE_CURVE((1.,
0.955082207550243,0.955082207550243,1.))REPRESENTATION_ITEM(''));
#10713=VERTEX_POINT('',#13055);
#10714=CIRCLE('',#13056,0.26);
#10715=VERTEX_POINT('',#13060);
#10716=(BOUNDED_CURVE()B_SPLINE_CURVE(3,
(#13061,#13062,#13063,#13064),
.UNSPECIFIED.,.F.,.F.)B_SPLINE_CURVE_WITH_KNOTS((4,4),
(0.,1.),
.UNSPECIFIED.)CURVE()GEOMETRIC_REPRESENTATION_ITEM()RATIONAL_B_SPLINE_CURVE((1.,
0.955082207550243,0.955082207550243,1.))REPRESENTATION_ITEM(''));
#10717=VERTEX_POINT('',#13065);
#10718=(BOUNDED_CURVE()B_SPLINE_CURVE(3,
(#13066,#13067,#13068,#13069),
.UNSPECIFIED.,.F.,.F.)B_SPLINE_CURVE_WITH_KNOTS((4,4),
(0.,1.),
.UNSPECIFIED.)CURVE()GEOMETRIC_REPRESENTATION_ITEM()RATIONAL_B_SPLINE_CURVE((1.,
0.955082207550243,0.955082207550243,1.))REPRESENTATION_ITEM(''));
#10719=VERTEX_POINT('',#13070);
#10720=CIRCLE('',#13071,0.26);
#10721=(BOUNDED_CURVE()B_SPLINE_CURVE(3,
(#13075,#13076,#13077,#13078),
.UNSPECIFIED.,.F.,.F.)B_SPLINE_CURVE_WITH_KNOTS((4,4),
(0.,1.),
.UNSPECIFIED.)CURVE()GEOMETRIC_REPRESENTATION_ITEM()RATIONAL_B_SPLINE_CURVE((1.,
0.955082207550243,0.955082207550243,1.))REPRESENTATION_ITEM(''));
#10722=VERTEX_POINT('',#13079);
#10723=LINE('',#13080,#13081);
#10724=VERTEX_POINT('',#13083);
#10725=LINE('',#13084,#13085);
#10726=LINE('',#13087,#13088);
#10727=LINE('',#13090,#13091);
#10728=LINE('',#13093,#13094);
#10729=VERTEX_POINT('',#13096);
#10730=LINE('',#13097,#13098);
#10731=LINE('',#13100,#13101);
#10732=LINE('',#13103,#13104);
#10733=LINE('',#13106,#13107);
#10734=VERTEX_POINT('',#13109);
#10735=LINE('',#13110,#13111);
#10736=LINE('',#13113,#13114);
#10737=LINE('',#13116,#13117);
#10738=LINE('',#13119,#13120);
#10739=VERTEX_POINT('',#13122);
#10740=LINE('',#13123,#13124);
#10741=LINE('',#13126,#13127);
#10742=LINE('',#13129,#13130);
#10743=VERTEX_POINT('',#13132);
#10744=VERTEX_POINT('',#13133);
#10745=LINE('',#13134,#13135);
#10746=VERTEX_POINT('',#13137);
#10747=LINE('',#13138,#13139);
#10748=VERTEX_POINT('',#13141);
#10749=LINE('',#13142,#13143);
#10750=VERTEX_POINT('',#13145);
#10751=LINE('',#13146,#13147);
#10752=VERTEX_POINT('',#13149);
#10753=LINE('',#13150,#13151);
#10754=VERTEX_POINT('',#13153);
#10755=LINE('',#13154,#13155);
#10756=VERTEX_POINT('',#13157);
#10757=LINE('',#13158,#13159);
#10758=VERTEX_POINT('',#13161);
#10759=LINE('',#13162,#13163);
#10760=LINE('',#13165,#13166);
#10761=VERTEX_POINT('',#13168);
#10762=LINE('',#13169,#13170);
#10763=VERTEX_POINT('',#13172);
#10764=LINE('',#13173,#13174);
#10765=LINE('',#13176,#13177);
#10766=VERTEX_POINT('',#13179);
#10767=LINE('',#13180,#13181);
#10768=LINE('',#13183,#13184);
#10769=VERTEX_POINT('',#13186);
#10770=LINE('',#13187,#13188);
#10771=LINE('',#13190,#13191);
#10772=VERTEX_POINT('',#13193);
#10773=LINE('',#13194,#13195);
#10774=VERTEX_POINT('',#13197);
#10775=LINE('',#13198,#13199);
#10776=VERTEX_POINT('',#13201);
#10777=LINE('',#13202,#13203);
#10778=VERTEX_POINT('',#13205);
#10779=LINE('',#13206,#13207);
#10780=VERTEX_POINT('',#13209);
#10781=LINE('',#13210,#13211);
#10782=VERTEX_POINT('',#13213);
#10783=LINE('',#13214,#13215);
#10784=VERTEX_POINT('',#13217);
#10785=LINE('',#13218,#13219);
#10786=VERTEX_POINT('',#13221);
#10787=LINE('',#13222,#13223);
#10788=VERTEX_POINT('',#13225);
#10789=LINE('',#13226,#13227);
#10790=VERTEX_POINT('',#13229);
#10791=LINE('',#13230,#13231);
#10792=VERTEX_POINT('',#13233);
#10793=LINE('',#13234,#13235);
#10794=VERTEX_POINT('',#13237);
#10795=LINE('',#13238,#13239);
#10796=LINE('',#13241,#13242);
#10797=LINE('',#13244,#13245);
#10798=VERTEX_POINT('',#13247);
#10799=CIRCLE('',#13248,0.65);
#10800=VERTEX_POINT('',#13252);
#10801=CIRCLE('',#13253,0.65);
#10802=VERTEX_POINT('',#13257);
#10803=LINE('',#13258,#13259);
#10804=LINE('',#13261,#13262);
#10805=VERTEX_POINT('',#13264);
#10806=LINE('',#13265,#13266);
#10807=VERTEX_POINT('',#13268);
#10808=LINE('',#13269,#13270);
#10809=VERTEX_POINT('',#13272);
#10810=LINE('',#13273,#13274);
#10811=LINE('',#13276,#13277);
#10812=VERTEX_POINT('',#13279);
#10813=LINE('',#13280,#13281);
#10814=LINE('',#13283,#13284);
#10815=VERTEX_POINT('',#13286);
#10816=LINE('',#13287,#13288);
#10817=LINE('',#13290,#13291);
#10818=VERTEX_POINT('',#13293);
#10819=VERTEX_POINT('',#13294);
#10820=LINE('',#13295,#13296);
#10821=VERTEX_POINT('',#13298);
#10822=CIRCLE('',#13299,0.4875);
#10823=VERTEX_POINT('',#13303);
#10824=LINE('',#13304,#13305);
#10825=VERTEX_POINT('',#13307);
#10826=LINE('',#13308,#13309);
#10827=VERTEX_POINT('',#13311);
#10828=CIRCLE('',#13312,0.6);
#10829=VERTEX_POINT('',#13316);
#10830=LINE('',#13317,#13318);
#10831=VERTEX_POINT('',#13320);
#10832=CIRCLE('',#13321,0.6);
#10833=VERTEX_POINT('',#13325);
#10834=LINE('',#13326,#13327);
#10835=VERTEX_POINT('',#13329);
#10836=LINE('',#13330,#13331);
#10837=VERTEX_POINT('',#13333);
#10838=CIRCLE('',#13334,0.4875);
#10839=LINE('',#13338,#13339);
#10840=VERTEX_POINT('',#13341);
#10841=LINE('',#13342,#13343);
#10842=VERTEX_POINT('',#13345);
#10843=LINE('',#13346,#13347);
#10844=LINE('',#13349,#13350);
#10845=VERTEX_POINT('',#13352);
#10846=LINE('',#13353,#13354);
#10847=LINE('',#13356,#13357);
#10848=VERTEX_POINT('',#13359);
#10849=CIRCLE('',#13360,0.4875);
#10850=VERTEX_POINT('',#13364);
#10851=LINE('',#13365,#13366);
#10852=VERTEX_POINT('',#13368);
#10853=LINE('',#13369,#13370);
#10854=VERTEX_POINT('',#13372);
#10855=CIRCLE('',#13373,0.6);
#10856=VERTEX_POINT('',#13377);
#10857=LINE('',#13378,#13379);
#10858=VERTEX_POINT('',#13381);
#10859=CIRCLE('',#13382,0.6);
#10860=VERTEX_POINT('',#13386);
#10861=LINE('',#13387,#13388);
#10862=VERTEX_POINT('',#13390);
#10863=LINE('',#13391,#13392);
#10864=VERTEX_POINT('',#13394);
#10865=CIRCLE('',#13395,0.4875);
#10866=VERTEX_POINT('',#13399);
#10867=LINE('',#13400,#13401);
#10868=VERTEX_POINT('',#13403);
#10869=CIRCLE('',#13404,2.10649980408616);
#10870=VERTEX_POINT('',#13408);
#10871=LINE('',#13409,#13410);
#10872=VERTEX_POINT('',#13412);
#10873=CIRCLE('',#13413,1.5828963363164);
#10874=VERTEX_POINT('',#13417);
#10875=LINE('',#13418,#13419);
#10876=VERTEX_POINT('',#13421);
#10877=CIRCLE('',#13422,2.10599961999999);
#10878=LINE('',#13426,#13427);
#10879=VERTEX_POINT('',#13429);
#10880=LINE('',#13430,#13431);
#10881=LINE('',#13433,#13434);
#10882=VERTEX_POINT('',#13436);
#10883=CIRCLE('',#13437,2.10599961999999);
#10884=VERTEX_POINT('',#13441);
#10885=LINE('',#13442,#13443);
#10886=VERTEX_POINT('',#13445);
#10887=CIRCLE('',#13446,1.5828963363164);
#10888=VERTEX_POINT('',#13450);
#10889=LINE('',#13451,#13452);
#10890=VERTEX_POINT('',#13454);
#10891=CIRCLE('',#13455,2.10649980408616);
#10892=VERTEX_POINT('',#13459);
#10893=LINE('',#13460,#13461);
#10894=VERTEX_POINT('',#13463);
#10895=CIRCLE('',#13464,0.9);
#10896=VERTEX_POINT('',#13468);
#10897=LINE('',#13469,#13470);
#10898=VERTEX_POINT('',#13472);
#10899=LINE('',#13473,#13474);
#10900=VERTEX_POINT('',#13476);
#10901=CIRCLE('',#13477,0.6);
#10902=VERTEX_POINT('',#13481);
#10903=LINE('',#13482,#13483);
#10904=VERTEX_POINT('',#13485);
#10905=CIRCLE('',#13486,0.6);
#10906=VERTEX_POINT('',#13490);
#10907=LINE('',#13491,#13492);
#10908=VERTEX_POINT('',#13494);
#10909=LINE('',#13495,#13496);
#10910=VERTEX_POINT('',#13498);
#10911=CIRCLE('',#13499,0.9);
#10912=LINE('',#13503,#13504);
#10913=VERTEX_POINT('',#13506);
#10914=LINE('',#13507,#13508);
#10915=LINE('',#13510,#13511);
#10916=VERTEX_POINT('',#13513);
#10917=CIRCLE('',#13514,0.9);
#10918=VERTEX_POINT('',#13518);
#10919=LINE('',#13519,#13520);
#10920=LINE('',#13522,#13523);
#10921=LINE('',#13525,#13526);
#10922=VERTEX_POINT('',#13528);
#10923=LINE('',#13529,#13530);
#10924=VERTEX_POINT('',#13532);
#10925=CIRCLE('',#13533,3.15000000000102);
#10926=VERTEX_POINT('',#13537);
#10927=CIRCLE('',#13538,2.85000000070366);
#10928=VERTEX_POINT('',#13542);
#10929=LINE('',#13543,#13544);
#10930=LINE('',#13546,#13547);
#10931=VERTEX_POINT('',#13549);
#10932=CIRCLE('',#13550,0.6);
#10933=VERTEX_POINT('',#13554);
#10934=LINE('',#13555,#13556);
#10935=VERTEX_POINT('',#13558);
#10936=CIRCLE('',#13559,0.6);
#10937=VERTEX_POINT('',#13563);
#10938=LINE('',#13564,#13565);
#10939=VERTEX_POINT('',#13567);
#10940=LINE('',#13568,#13569);
#10941=VERTEX_POINT('',#13571);
#10942=LINE('',#13572,#13573);
#10943=VERTEX_POINT('',#13575);
#10944=CIRCLE('',#13576,0.8);
#10945=VERTEX_POINT('',#13580);
#10946=LINE('',#13581,#13582);
#10947=VERTEX_POINT('',#13584);
#10948=CIRCLE('',#13585,0.8);
#10949=LINE('',#13589,#13590);
#10950=VERTEX_POINT('',#13592);
#10951=LINE('',#13593,#13594);
#10952=LINE('',#13596,#13597);
#10953=VERTEX_POINT('',#13599);
#10954=VERTEX_POINT('',#13600);
#10955=LINE('',#13601,#13602);
#10956=VERTEX_POINT('',#13604);
#10957=LINE('',#13605,#13606);
#10958=VERTEX_POINT('',#13608);
#10959=LINE('',#13609,#13610);
#10960=LINE('',#13612,#13613);
#10961=VERTEX_POINT('',#13615);
#10962=CIRCLE('',#13616,0.8);
#10963=VERTEX_POINT('',#13620);
#10964=LINE('',#13621,#13622);
#10965=VERTEX_POINT('',#13624);
#10966=CIRCLE('',#13625,0.8);
#10967=LINE('',#13629,#13630);
#10968=VERTEX_POINT('',#13632);
#10969=CIRCLE('',#13633,0.580009069179261);
#10970=VERTEX_POINT('',#13637);
#10971=CIRCLE('',#13638,0.580009069179261);
#10972=VERTEX_POINT('',#13642);
#10973=LINE('',#13643,#13644);
#10974=LINE('',#13646,#13647);
#10975=VERTEX_POINT('',#13649);
#10976=LINE('',#13650,#13651);
#10977=LINE('',#13653,#13654);
#10978=LINE('',#13656,#13657);
#10979=VERTEX_POINT('',#13659);
#10980=LINE('',#13660,#13661);
#10981=VERTEX_POINT('',#13663);
#10982=LINE('',#13664,#13665);
#10983=LINE('',#13667,#13668);
#10984=LINE('',#13670,#13671);
#10985=LINE('',#13673,#13674);
#10986=VERTEX_POINT('',#13676);
#10987=LINE('',#13677,#13678);
#10988=VERTEX_POINT('',#13680);
#10989=LINE('',#13681,#13682);
#10990=LINE('',#13684,#13685);
#10991=LINE('',#13687,#13688);
#10992=VERTEX_POINT('',#13690);
#10993=CIRCLE('',#13691,0.65);
#10994=VERTEX_POINT('',#13695);
#10995=CIRCLE('',#13696,0.65);
#10996=LINE('',#13700,#13701);
#10997=LINE('',#13703,#13704);
#10998=LINE('',#13706,#13707);
#10999=LINE('',#13709,#13710);
#11000=LINE('',#13712,#13713);
#11001=LINE('',#13715,#13716);
#11002=LINE('',#13718,#13719);
#11003=LINE('',#13721,#13722);
#11004=LINE('',#13724,#13725);
#11005=VERTEX_POINT('',#13727);
#11006=LINE('',#13728,#13729);
#11007=LINE('',#13731,#13732);
#11008=LINE('',#13734,#13735);
#11009=LINE('',#13737,#13738);
#11010=LINE('',#13740,#13741);
#11011=LINE('',#13743,#13744);
#11012=LINE('',#13746,#13747);
#11013=VERTEX_POINT('',#13749);
#11014=CIRCLE('',#13750,0.9);
#11015=LINE('',#13754,#13755);
#11016=VERTEX_POINT('',#13757);
#11017=LINE('',#13758,#13759);
#11018=LINE('',#13761,#13762);
#11019=VERTEX_POINT('',#13764);
#11020=LINE('',#13765,#13766);
#11021=VERTEX_POINT('',#13768);
#11022=CIRCLE('',#13769,2.85000000070366);
#11023=VERTEX_POINT('',#13773);
#11024=CIRCLE('',#13774,3.15000000000102);
#11025=LINE('',#13778,#13779);
#11026=LINE('',#13781,#13782);
#11027=VERTEX_POINT('',#13784);
#11028=CIRCLE('',#13785,0.6);
#11029=LINE('',#13789,#13790);
#11030=VERTEX_POINT('',#13792);
#11031=LINE('',#13793,#13794);
#11032=LINE('',#13796,#13797);
#11033=CIRCLE('',#13799,0.6);
#11034=LINE('',#13803,#13804);
#11035=VERTEX_POINT('',#13806);
#11036=CIRCLE('',#13807,3.75000000000102);
#11037=CIRCLE('',#13811,0.6);
#11038=VERTEX_POINT('',#13815);
#11039=CIRCLE('',#13816,2.25000000070366);
#11040=CIRCLE('',#13820,0.6);
#11041=LINE('',#13824,#13825);
#11042=VERTEX_POINT('',#13827);
#11043=LINE('',#13828,#13829);
#11044=LINE('',#13831,#13832);
#11045=CIRCLE('',#13834,0.6);
#11046=LINE('',#13838,#13839);
#11047=VERTEX_POINT('',#13841);
#11048=VERTEX_POINT('',#13842);
#11049=(BOUNDED_CURVE()B_SPLINE_CURVE(3,
(#13843,#13844,#13845,#13846),
.UNSPECIFIED.,.F.,.F.)B_SPLINE_CURVE_WITH_KNOTS((4,4),
(0.,1.),
.UNSPECIFIED.)CURVE()GEOMETRIC_REPRESENTATION_ITEM()RATIONAL_B_SPLINE_CURVE((1.,
0.95694289779545,0.95694289779545,1.))REPRESENTATION_ITEM(''));
#11050=VERTEX_POINT('',#13847);
#11051=LINE('',#13848,#13849);
#11052=VERTEX_POINT('',#13851);
#11053=(BOUNDED_CURVE()B_SPLINE_CURVE(3,
(#13852,#13853,#13854,#13855),
.UNSPECIFIED.,.F.,.F.)B_SPLINE_CURVE_WITH_KNOTS((4,4),
(0.,1.),
.UNSPECIFIED.)CURVE()GEOMETRIC_REPRESENTATION_ITEM()RATIONAL_B_SPLINE_CURVE((1.,
0.95694289779545,0.95694289779545,1.))REPRESENTATION_ITEM(''));
#11054=LINE('',#13856,#13857);
#11055=LINE('',#13859,#13860);
#11056=VERTEX_POINT('',#13862);
#11057=LINE('',#13863,#13864);
#11058=LINE('',#13866,#13867);
#11059=VERTEX_POINT('',#13869);
#11060=VERTEX_POINT('',#13870);
#11061=(BOUNDED_CURVE()B_SPLINE_CURVE(3,
(#13871,#13872,#13873,#13874),
.UNSPECIFIED.,.F.,.F.)B_SPLINE_CURVE_WITH_KNOTS((4,4),
(0.,1.),
.UNSPECIFIED.)CURVE()GEOMETRIC_REPRESENTATION_ITEM()RATIONAL_B_SPLINE_CURVE((1.,
0.95694289779545,0.95694289779545,1.))REPRESENTATION_ITEM(''));
#11062=LINE('',#13875,#13876);
#11063=VERTEX_POINT('',#13878);
#11064=(BOUNDED_CURVE()B_SPLINE_CURVE(3,
(#13879,#13880,#13881,#13882),
.UNSPECIFIED.,.F.,.F.)B_SPLINE_CURVE_WITH_KNOTS((4,4),
(0.,1.),
.UNSPECIFIED.)CURVE()GEOMETRIC_REPRESENTATION_ITEM()RATIONAL_B_SPLINE_CURVE((1.,
0.956942897795382,0.956942897795382,1.))REPRESENTATION_ITEM(''));
#11065=LINE('',#13883,#13884);
#11066=VERTEX_POINT('',#13886);
#11067=LINE('',#13887,#13888);
#11068=LINE('',#13890,#13891);
#11069=LINE('',#13893,#13894);
#11070=LINE('',#13896,#13897);
#11071=LINE('',#13899,#13900);
#11072=VERTEX_POINT('',#13902);
#11073=CIRCLE('',#13903,0.580009069179261);
#11074=VERTEX_POINT('',#13907);
#11075=CIRCLE('',#13908,0.580009069179261);
#11076=VERTEX_POINT('',#13912);
#11077=CIRCLE('',#13913,0.6);
#11078=CIRCLE('',#13917,2.25000000070366);
#11079=CIRCLE('',#13921,3.75000000000102);
#11080=LINE('',#13925,#13926);
#11081=LINE('',#13928,#13929);
#11082=LINE('',#13931,#13932);
#11083=VERTEX_POINT('',#13934);
#11084=VERTEX_POINT('',#13935);
#11085=LINE('',#13936,#13937);
#11086=VERTEX_POINT('',#13939);
#11087=LINE('',#13940,#13941);
#11088=VERTEX_POINT('',#13943);
#11089=LINE('',#13944,#13945);
#11090=VERTEX_POINT('',#13947);
#11091=LINE('',#13948,#13949);
#11092=VERTEX_POINT('',#13951);
#11093=LINE('',#13952,#13953);
#11094=VERTEX_POINT('',#13955);
#11095=LINE('',#13956,#13957);
#11096=VERTEX_POINT('',#13959);
#11097=LINE('',#13960,#13961);
#11098=VERTEX_POINT('',#13963);
#11099=LINE('',#13964,#13965);
#11100=LINE('',#13967,#13968);
#11101=VERTEX_POINT('',#13970);
#11102=LINE('',#13971,#13972);
#11103=VERTEX_POINT('',#13974);
#11104=LINE('',#13975,#13976);
#11105=LINE('',#13978,#13979);
#11106=VERTEX_POINT('',#13981);
#11107=LINE('',#13982,#13983);
#11108=VERTEX_POINT('',#13985);
#11109=LINE('',#13986,#13987);
#11110=VERTEX_POINT('',#13989);
#11111=LINE('',#13990,#13991);
#11112=VERTEX_POINT('',#13993);
#11113=LINE('',#13994,#13995);
#11114=VERTEX_POINT('',#13997);
#11115=LINE('',#13998,#13999);
#11116=VERTEX_POINT('',#14001);
#11117=LINE('',#14002,#14003);
#11118=VERTEX_POINT('',#14005);
#11119=LINE('',#14006,#14007);
#11120=VERTEX_POINT('',#14009);
#11121=LINE('',#14010,#14011);
#11122=VERTEX_POINT('',#14013);
#11123=LINE('',#14014,#14015);
#11124=VERTEX_POINT('',#14017);
#11125=LINE('',#14018,#14019);
#11126=VERTEX_POINT('',#14021);
#11127=LINE('',#14022,#14023);
#11128=VERTEX_POINT('',#14025);
#11129=LINE('',#14026,#14027);
#11130=LINE('',#14029,#14030);
#11131=VERTEX_POINT('',#14032);
#11132=CIRCLE('',#14033,1.05);
#11133=VERTEX_POINT('',#14037);
#11134=CIRCLE('',#14038,1.05);
#11135=VERTEX_POINT('',#14042);
#11136=LINE('',#14043,#14044);
#11137=VERTEX_POINT('',#14046);
#11138=LINE('',#14047,#14048);
#11139=LINE('',#14050,#14051);
#11140=LINE('',#14053,#14054);
#11141=LINE('',#14056,#14057);
#11142=VERTEX_POINT('',#14059);
#11143=LINE('',#14060,#14061);
#11144=LINE('',#14063,#14064);
#11145=VERTEX_POINT('',#14066);
#11146=LINE('',#14067,#14068);
#11147=VERTEX_POINT('',#14070);
#11148=LINE('',#14071,#14072);
#11149=LINE('',#14074,#14075);
#11150=VERTEX_POINT('',#14077);
#11151=VERTEX_POINT('',#14078);
#11152=LINE('',#14079,#14080);
#11153=VERTEX_POINT('',#14082);
#11154=LINE('',#14083,#14084);
#11155=LINE('',#14086,#14087);
#11156=LINE('',#14089,#14090);
#11157=LINE('',#14092,#14093);
#11158=VERTEX_POINT('',#14095);
#11159=VERTEX_POINT('',#14096);
#11160=LINE('',#14097,#14098);
#11161=VERTEX_POINT('',#14100);
#11162=LINE('',#14101,#14102);
#11163=VERTEX_POINT('',#14104);
#11164=CIRCLE('',#14105,0.8);
#11165=VERTEX_POINT('',#14109);
#11166=LINE('',#14110,#14111);
#11167=VERTEX_POINT('',#14113);
#11168=CIRCLE('',#14114,0.8);
#11169=LINE('',#14118,#14119);
#11170=VERTEX_POINT('',#14121);
#11171=LINE('',#14122,#14123);
#11172=VERTEX_POINT('',#14125);
#11173=LINE('',#14126,#14127);
#11174=LINE('',#14129,#14130);
#11175=VERTEX_POINT('',#14132);
#11176=LINE('',#14133,#14134);
#11177=LINE('',#14136,#14137);
#11178=VERTEX_POINT('',#14139);
#11179=CIRCLE('',#14140,0.8);
#11180=VERTEX_POINT('',#14144);
#11181=LINE('',#14145,#14146);
#11182=VERTEX_POINT('',#14148);
#11183=CIRCLE('',#14149,0.8);
#11184=VERTEX_POINT('',#14153);
#11185=LINE('',#14154,#14155);
#11186=VERTEX_POINT('',#14157);
#11187=LINE('',#14158,#14159);
#11188=VERTEX_POINT('',#14161);
#11189=LINE('',#14162,#14163);
#11190=VERTEX_POINT('',#14165);
#11191=CIRCLE('',#14166,0.6);
#11192=VERTEX_POINT('',#14170);
#11193=LINE('',#14171,#14172);
#11194=VERTEX_POINT('',#14174);
#11195=CIRCLE('',#14175,0.6);
#11196=LINE('',#14179,#14180);
#11197=VERTEX_POINT('',#14182);
#11198=LINE('',#14183,#14184);
#11199=VERTEX_POINT('',#14186);
#11200=CIRCLE('',#14187,2.85000000070366);
#11201=VERTEX_POINT('',#14191);
#11202=CIRCLE('',#14192,3.15000000000102);
#11203=VERTEX_POINT('',#14196);
#11204=LINE('',#14197,#14198);
#11205=VERTEX_POINT('',#14200);
#11206=LINE('',#14201,#14202);
#11207=VERTEX_POINT('',#14204);
#11208=LINE('',#14205,#14206);
#11209=LINE('',#14208,#14209);
#11210=VERTEX_POINT('',#14211);
#11211=LINE('',#14212,#14213);
#11212=VERTEX_POINT('',#14215);
#11213=CIRCLE('',#14216,0.9);
#11214=LINE('',#14220,#14221);
#11215=VERTEX_POINT('',#14223);
#11216=LINE('',#14224,#14225);
#11217=LINE('',#14227,#14228);
#11218=VERTEX_POINT('',#14230);
#11219=CIRCLE('',#14231,0.9);
#11220=LINE('',#14235,#14236);
#11221=VERTEX_POINT('',#14238);
#11222=CIRCLE('',#14239,0.6);
#11223=VERTEX_POINT('',#14243);
#11224=LINE('',#14244,#14245);
#11225=VERTEX_POINT('',#14247);
#11226=CIRCLE('',#14248,0.6);
#11227=VERTEX_POINT('',#14252);
#11228=LINE('',#14253,#14254);
#11229=VERTEX_POINT('',#14256);
#11230=LINE('',#14257,#14258);
#11231=VERTEX_POINT('',#14260);
#11232=CIRCLE('',#14261,0.9);
#11233=VERTEX_POINT('',#14265);
#11234=LINE('',#14266,#14267);
#11235=VERTEX_POINT('',#14269);
#11236=CIRCLE('',#14270,2.10649980408616);
#11237=VERTEX_POINT('',#14274);
#11238=LINE('',#14275,#14276);
#11239=VERTEX_POINT('',#14278);
#11240=CIRCLE('',#14279,1.5828963363164);
#11241=VERTEX_POINT('',#14283);
#11242=LINE('',#14284,#14285);
#11243=VERTEX_POINT('',#14287);
#11244=CIRCLE('',#14288,2.10599961999999);
#11245=LINE('',#14292,#14293);
#11246=VERTEX_POINT('',#14295);
#11247=LINE('',#14296,#14297);
#11248=LINE('',#14299,#14300);
#11249=VERTEX_POINT('',#14302);
#11250=CIRCLE('',#14303,2.10599961999999);
#11251=VERTEX_POINT('',#14307);
#11252=LINE('',#14308,#14309);
#11253=VERTEX_POINT('',#14311);
#11254=CIRCLE('',#14312,1.5828963363164);
#11255=VERTEX_POINT('',#14316);
#11256=LINE('',#14317,#14318);
#11257=VERTEX_POINT('',#14320);
#11258=CIRCLE('',#14321,2.10649980408616);
#11259=VERTEX_POINT('',#14325);
#11260=LINE('',#14326,#14327);
#11261=VERTEX_POINT('',#14329);
#11262=CIRCLE('',#14330,0.4875);
#11263=VERTEX_POINT('',#14334);
#11264=LINE('',#14335,#14336);
#11265=VERTEX_POINT('',#14338);
#11266=LINE('',#14339,#14340);
#11267=VERTEX_POINT('',#14342);
#11268=CIRCLE('',#14343,0.6);
#11269=VERTEX_POINT('',#14347);
#11270=LINE('',#14348,#14349);
#11271=VERTEX_POINT('',#14351);
#11272=CIRCLE('',#14352,0.6);
#11273=VERTEX_POINT('',#14356);
#11274=LINE('',#14357,#14358);
#11275=VERTEX_POINT('',#14360);
#11276=LINE('',#14361,#14362);
#11277=VERTEX_POINT('',#14364);
#11278=CIRCLE('',#14365,0.4875);
#11279=LINE('',#14369,#14370);
#11280=VERTEX_POINT('',#14372);
#11281=LINE('',#14373,#14374);
#11282=LINE('',#14376,#14377);
#11283=VERTEX_POINT('',#14379);
#11284=VERTEX_POINT('',#14380);
#11285=LINE('',#14381,#14382);
#11286=VERTEX_POINT('',#14384);
#11287=LINE('',#14385,#14386);
#11288=VERTEX_POINT('',#14388);
#11289=LINE('',#14389,#14390);
#11290=LINE('',#14392,#14393);
#11291=VERTEX_POINT('',#14395);
#11292=CIRCLE('',#14396,0.4875);
#11293=VERTEX_POINT('',#14400);
#11294=LINE('',#14401,#14402);
#11295=VERTEX_POINT('',#14404);
#11296=LINE('',#14405,#14406);
#11297=VERTEX_POINT('',#14408);
#11298=CIRCLE('',#14409,0.6);
#11299=VERTEX_POINT('',#14413);
#11300=LINE('',#14414,#14415);
#11301=VERTEX_POINT('',#14417);
#11302=CIRCLE('',#14418,0.6);
#11303=VERTEX_POINT('',#14422);
#11304=LINE('',#14423,#14424);
#11305=VERTEX_POINT('',#14426);
#11306=LINE('',#14427,#14428);
#11307=CIRCLE('',#14430,0.4875);
#11308=VERTEX_POINT('',#14434);
#11309=CIRCLE('',#14435,0.830824640740579);
#11310=VERTEX_POINT('',#14439);
#11311=CIRCLE('',#14440,0.830824640740579);
#11312=LINE('',#14444,#14445);
#11313=VERTEX_POINT('',#14447);
#11314=LINE('',#14448,#14449);
#11315=VERTEX_POINT('',#14451);
#11316=LINE('',#14452,#14453);
#11317=LINE('',#14455,#14456);
#11318=LINE('',#14458,#14459);
#11319=LINE('',#14461,#14462);
#11320=VERTEX_POINT('',#14464);
#11321=LINE('',#14465,#14466);
#11322=VERTEX_POINT('',#14468);
#11323=LINE('',#14469,#14470);
#11324=LINE('',#14472,#14473);
#11325=LINE('',#14475,#14476);
#11326=LINE('',#14478,#14479);
#11327=VERTEX_POINT('',#14481);
#11328=LINE('',#14482,#14483);
#11329=VERTEX_POINT('',#14485);
#11330=LINE('',#14486,#14487);
#11331=LINE('',#14489,#14490);
#11332=VERTEX_POINT('',#14492);
#11333=CIRCLE('',#14493,1.05);
#11334=VERTEX_POINT('',#14497);
#11335=CIRCLE('',#14498,1.05);
#11336=LINE('',#14502,#14503);
#11337=VERTEX_POINT('',#14505);
#11338=VERTEX_POINT('',#14506);
#11339=(BOUNDED_CURVE()B_SPLINE_CURVE(3,
(#14507,#14508,#14509,#14510),
.UNSPECIFIED.,.F.,.F.)B_SPLINE_CURVE_WITH_KNOTS((4,4),
(0.,1.),
.UNSPECIFIED.)CURVE()GEOMETRIC_REPRESENTATION_ITEM()RATIONAL_B_SPLINE_CURVE((1.,
0.956942897795658,0.956942897795658,1.))REPRESENTATION_ITEM(''));
#11340=LINE('',#14511,#14512);
#11341=VERTEX_POINT('',#14514);
#11342=LINE('',#14515,#14516);
#11343=VERTEX_POINT('',#14518);
#11344=(BOUNDED_CURVE()B_SPLINE_CURVE(3,
(#14519,#14520,#14521,#14522),
.UNSPECIFIED.,.F.,.F.)B_SPLINE_CURVE_WITH_KNOTS((4,4),
(0.,1.),
.UNSPECIFIED.)CURVE()GEOMETRIC_REPRESENTATION_ITEM()RATIONAL_B_SPLINE_CURVE((1.,
0.956942897795589,0.956942897795589,1.))REPRESENTATION_ITEM(''));
#11345=LINE('',#14523,#14524);
#11346=VERTEX_POINT('',#14526);
#11347=LINE('',#14527,#14528);
#11348=LINE('',#14530,#14531);
#11349=VERTEX_POINT('',#14533);
#11350=(BOUNDED_CURVE()B_SPLINE_CURVE(3,
(#14534,#14535,#14536,#14537),
.UNSPECIFIED.,.F.,.F.)B_SPLINE_CURVE_WITH_KNOTS((4,4),
(0.,1.),
.UNSPECIFIED.)CURVE()GEOMETRIC_REPRESENTATION_ITEM()RATIONAL_B_SPLINE_CURVE((1.,
0.956942897795658,0.956942897795658,1.))REPRESENTATION_ITEM(''));
#11351=VERTEX_POINT('',#14538);
#11352=LINE('',#14539,#14540);
#11353=VERTEX_POINT('',#14542);
#11354=(BOUNDED_CURVE()B_SPLINE_CURVE(3,
(#14543,#14544,#14545,#14546),
.UNSPECIFIED.,.F.,.F.)B_SPLINE_CURVE_WITH_KNOTS((4,4),
(0.,1.),
.UNSPECIFIED.)CURVE()GEOMETRIC_REPRESENTATION_ITEM()RATIONAL_B_SPLINE_CURVE((1.,
0.956942897795658,0.956942897795658,1.))REPRESENTATION_ITEM(''));
#11355=LINE('',#14547,#14548);
#11356=VERTEX_POINT('',#14550);
#11357=LINE('',#14551,#14552);
#11358=LINE('',#14554,#14555);
#11359=LINE('',#14557,#14558);
#11360=LINE('',#14560,#14561);
#11361=VERTEX_POINT('',#14563);
#11362=LINE('',#14564,#14565);
#11363=LINE('',#14567,#14568);
#11364=VERTEX_POINT('',#14570);
#11365=LINE('',#14571,#14572);
#11366=VERTEX_POINT('',#14574);
#11367=CIRCLE('',#14575,3.15000000000102);
#11368=VERTEX_POINT('',#14579);
#11369=CIRCLE('',#14580,2.85000000070366);
#11370=LINE('',#14584,#14585);
#11371=VERTEX_POINT('',#14587);
#11372=CIRCLE('',#14588,0.6);
#11373=LINE('',#14592,#14593);
#11374=VERTEX_POINT('',#14595);
#11375=LINE('',#14596,#14597);
#11376=LINE('',#14599,#14600);
#11377=CIRCLE('',#14602,0.6);
#11378=VERTEX_POINT('',#14606);
#11379=CIRCLE('',#14607,2.25000000070366);
#11380=CIRCLE('',#14611,0.6);
#11381=VERTEX_POINT('',#14615);
#11382=CIRCLE('',#14616,3.75000000000102);
#11383=CIRCLE('',#14620,0.6);
#11384=LINE('',#14624,#14625);
#11385=LINE('',#14627,#14628);
#11386=VERTEX_POINT('',#14630);
#11387=LINE('',#14631,#14632);
#11388=LINE('',#14634,#14635);
#11389=CIRCLE('',#14637,0.6);
#11390=VERTEX_POINT('',#14641);
#11391=LINE('',#14642,#14643);
#11392=LINE('',#14645,#14646);
#11393=CIRCLE('',#14648,0.9);
#11394=LINE('',#14652,#14653);
#11395=LINE('',#14655,#14656);
#11396=LINE('',#14658,#14659);
#11397=LINE('',#14661,#14662);
#11398=LINE('',#14664,#14665);
#11399=LINE('',#14667,#14668);
#11400=LINE('',#14670,#14671);
#11401=LINE('',#14673,#14674);
#11402=LINE('',#14676,#14677);
#11403=LINE('',#14679,#14680);
#11404=LINE('',#14682,#14683);
#11405=LINE('',#14685,#14686);
#11406=VERTEX_POINT('',#14688);
#11407=LINE('',#14689,#14690);
#11408=LINE('',#14692,#14693);
#11409=LINE('',#14695,#14696);
#11410=LINE('',#14698,#14699);
#11411=VERTEX_POINT('',#14701);
#11412=CIRCLE('',#14702,0.762511336474076);
#11413=VERTEX_POINT('',#14706);
#11414=CIRCLE('',#14707,0.762511336474076);
#11415=LINE('',#14711,#14712);
#11416=VERTEX_POINT('',#14714);
#11417=CIRCLE('',#14715,0.830824640740579);
#11418=VERTEX_POINT('',#14719);
#11419=CIRCLE('',#14720,0.830824640740579);
#11420=LINE('',#14724,#14725);
#11421=LINE('',#14727,#14728);
#11422=VERTEX_POINT('',#14730);
#11423=CIRCLE('',#14731,3.75000000000102);
#11424=CIRCLE('',#14735,0.6);
#11425=CIRCLE('',#14739,2.25000000070366);
#11426=LINE('',#14743,#14744);
#11427=VERTEX_POINT('',#14746);
#11428=CIRCLE('',#14747,0.762511336474076);
#11429=VERTEX_POINT('',#14751);
#11430=CIRCLE('',#14752,0.762511336474076);
#11431=VERTEX_POINT('',#14756);
#11432=VERTEX_POINT('',#14757);
#11433=LINE('',#14758,#14759);
#11434=VERTEX_POINT('',#14761);
#11435=LINE('',#14762,#14763);
#11436=VERTEX_POINT('',#14765);
#11437=LINE('',#14766,#14767);
#11438=VERTEX_POINT('',#14769);
#11439=LINE('',#14770,#14771);
#11440=VERTEX_POINT('',#14773);
#11441=LINE('',#14774,#14775);
#11442=LINE('',#14777,#14778);
#11443=VERTEX_POINT('',#14780);
#11444=VERTEX_POINT('',#14781);
#11445=LINE('',#14782,#14783);
#11446=VERTEX_POINT('',#14785);
#11447=LINE('',#14786,#14787);
#11448=VERTEX_POINT('',#14789);
#11449=LINE('',#14790,#14791);
#11450=VERTEX_POINT('',#14793);
#11451=LINE('',#14794,#14795);
#11452=VERTEX_POINT('',#14797);
#11453=LINE('',#14798,#14799);
#11454=LINE('',#14801,#14802);
#11455=LINE('',#14804,#14805);
#11456=VERTEX_POINT('',#14807);
#11457=LINE('',#14808,#14809);
#11458=VERTEX_POINT('',#14811);
#11459=LINE('',#14812,#14813);
#11460=VERTEX_POINT('',#14815);
#11461=LINE('',#14816,#14817);
#11462=VERTEX_POINT('',#14819);
#11463=LINE('',#14820,#14821);
#11464=VERTEX_POINT('',#14823);
#11465=LINE('',#14824,#14825);
#11466=VERTEX_POINT('',#14827);
#11467=LINE('',#14828,#14829);
#11468=VERTEX_POINT('',#14831);
#11469=LINE('',#14832,#14833);
#11470=VERTEX_POINT('',#14835);
#11471=LINE('',#14836,#14837);
#11472=VERTEX_POINT('',#14839);
#11473=LINE('',#14840,#14841);
#11474=VERTEX_POINT('',#14843);
#11475=LINE('',#14844,#14845);
#11476=VERTEX_POINT('',#14847);
#11477=LINE('',#14848,#14849);
#11478=VERTEX_POINT('',#14851);
#11479=LINE('',#14852,#14853);
#11480=VERTEX_POINT('',#14855);
#11481=LINE('',#14856,#14857);
#11482=VERTEX_POINT('',#14859);
#11483=LINE('',#14860,#14861);
#11484=VERTEX_POINT('',#14863);
#11485=LINE('',#14864,#14865);
#11486=VERTEX_POINT('',#14867);
#11487=LINE('',#14868,#14869);
#11488=LINE('',#14871,#14872);
#11489=LINE('',#14874,#14875);
#11490=LINE('',#14877,#14878);
#11491=VERTEX_POINT('',#14880);
#11492=LINE('',#14881,#14882);
#11493=VERTEX_POINT('',#14884);
#11494=LINE('',#14885,#14886);
#11495=LINE('',#14888,#14889);
#11496=VERTEX_POINT('',#14891);
#11497=LINE('',#14892,#14893);
#11498=LINE('',#14895,#14896);
#11499=VERTEX_POINT('',#14898);
#11500=LINE('',#14899,#14900);
#11501=LINE('',#14902,#14903);
#11502=LINE('',#14905,#14906);
#11503=LINE('',#14908,#14909);
#11504=VERTEX_POINT('',#14911);
#11505=LINE('',#14912,#14913);
#11506=VERTEX_POINT('',#14915);
#11507=LINE('',#14916,#14917);
#11508=VERTEX_POINT('',#14919);
#11509=LINE('',#14920,#14921);
#11510=VERTEX_POINT('',#14923);
#11511=LINE('',#14924,#14925);
#11512=VERTEX_POINT('',#14927);
#11513=LINE('',#14928,#14929);
#11514=VERTEX_POINT('',#14931);
#11515=LINE('',#14932,#14933);
#11516=VERTEX_POINT('',#14935);
#11517=LINE('',#14936,#14937);
#11518=VERTEX_POINT('',#14939);
#11519=LINE('',#14940,#14941);
#11520=LINE('',#14943,#14944);
#11521=LINE('',#14946,#14947);
#11522=LINE('',#14949,#14950);
#11523=VERTEX_POINT('',#14952);
#11524=LINE('',#14953,#14954);
#11525=LINE('',#14956,#14957);
#11526=VERTEX_POINT('',#14959);
#11527=LINE('',#14960,#14961);
#11528=VERTEX_POINT('',#14963);
#11529=LINE('',#14964,#14965);
#11530=VERTEX_POINT('',#14967);
#11531=LINE('',#14968,#14969);
#11532=VERTEX_POINT('',#14971);
#11533=LINE('',#14972,#14973);
#11534=VERTEX_POINT('',#14975);
#11535=LINE('',#14976,#14977);
#11536=VERTEX_POINT('',#14979);
#11537=LINE('',#14980,#14981);
#11538=VERTEX_POINT('',#14983);
#11539=LINE('',#14984,#14985);
#11540=LINE('',#14987,#14988);
#11541=VERTEX_POINT('',#14990);
#11542=LINE('',#14991,#14992);
#11543=VERTEX_POINT('',#14994);
#11544=LINE('',#14995,#14996);
#11545=VERTEX_POINT('',#14998);
#11546=LINE('',#14999,#15000);
#11547=VERTEX_POINT('',#15002);
#11548=LINE('',#15003,#15004);
#11549=LINE('',#15006,#15007);
#11550=VERTEX_POINT('',#15009);
#11551=VERTEX_POINT('',#15010);
#11552=LINE('',#15011,#15012);
#11553=VERTEX_POINT('',#15014);
#11554=LINE('',#15015,#15016);
#11555=VERTEX_POINT('',#15018);
#11556=LINE('',#15019,#15020);
#11557=LINE('',#15022,#15023);
#11558=VERTEX_POINT('',#15025);
#11559=LINE('',#15026,#15027);
#11560=VERTEX_POINT('',#15029);
#11561=LINE('',#15030,#15031);
#11562=LINE('',#15033,#15034);
#11563=VERTEX_POINT('',#15036);
#11564=LINE('',#15037,#15038);
#11565=LINE('',#15040,#15041);
#11566=VERTEX_POINT('',#15043);
#11567=LINE('',#15044,#15045);
#11568=LINE('',#15047,#15048);
#11569=VERTEX_POINT('',#15050);
#11570=LINE('',#15051,#15052);
#11571=LINE('',#15054,#15055);
#11572=LINE('',#15057,#15058);
#11573=VERTEX_POINT('',#15060);
#11574=LINE('',#15061,#15062);
#11575=VERTEX_POINT('',#15064);
#11576=LINE('',#15065,#15066);
#11577=VERTEX_POINT('',#15068);
#11578=LINE('',#15069,#15070);
#11579=LINE('',#15072,#15073);
#11580=VERTEX_POINT('',#15075);
#11581=VERTEX_POINT('',#15076);
#11582=LINE('',#15077,#15078);
#11583=VERTEX_POINT('',#15080);
#11584=LINE('',#15081,#15082);
#11585=LINE('',#15084,#15085);
#11586=VERTEX_POINT('',#15087);
#11587=LINE('',#15088,#15089);
#11588=VERTEX_POINT('',#15091);
#11589=LINE('',#15092,#15093);
#11590=LINE('',#15095,#15096);
#11591=VERTEX_POINT('',#15098);
#11592=LINE('',#15099,#15100);
#11593=LINE('',#15102,#15103);
#11594=VERTEX_POINT('',#15105);
#11595=LINE('',#15106,#15107);
#11596=LINE('',#15109,#15110);
#11597=VERTEX_POINT('',#15112);
#11598=LINE('',#15113,#15114);
#11599=LINE('',#15116,#15117);
#11600=LINE('',#15119,#15120);
#11601=LINE('',#15122,#15123);
#11602=LINE('',#15125,#15126);
#11603=VERTEX_POINT('',#15128);
#11604=LINE('',#15129,#15130);
#11605=VERTEX_POINT('',#15132);
#11606=LINE('',#15133,#15134);
#11607=LINE('',#15136,#15137);
#11608=VERTEX_POINT('',#15139);
#11609=LINE('',#15140,#15141);
#11610=VERTEX_POINT('',#15143);
#11611=LINE('',#15144,#15145);
#11612=LINE('',#15147,#15148);
#11613=VERTEX_POINT('',#15150);
#11614=LINE('',#15151,#15152);
#11615=VERTEX_POINT('',#15154);
#11616=LINE('',#15155,#15156);
#11617=LINE('',#15158,#15159);
#11618=LINE('',#15161,#15162);
#11619=VERTEX_POINT('',#15164);
#11620=LINE('',#15165,#15166);
#11621=LINE('',#15168,#15169);
#11622=LINE('',#15171,#15172);
#11623=VERTEX_POINT('',#15174);
#11624=LINE('',#15175,#15176);
#11625=LINE('',#15178,#15179);
#11626=VERTEX_POINT('',#15181);
#11627=LINE('',#15182,#15183);
#11628=LINE('',#15185,#15186);
#11629=VERTEX_POINT('',#15188);
#11630=LINE('',#15189,#15190);
#11631=LINE('',#15192,#15193);
#11632=LINE('',#15195,#15196);
#11633=LINE('',#15198,#15199);
#11634=VERTEX_POINT('',#15201);
#11635=VERTEX_POINT('',#15202);
#11636=LINE('',#15203,#15204);
#11637=LINE('',#15206,#15207);
#11638=LINE('',#15209,#15210);
#11639=LINE('',#15212,#15213);
#11640=LINE('',#15215,#15216);
#11641=VERTEX_POINT('',#15218);
#11642=VERTEX_POINT('',#15219);
#11643=LINE('',#15220,#15221);
#11644=LINE('',#15223,#15224);
#11645=LINE('',#15226,#15227);
#11646=VERTEX_POINT('',#15229);
#11647=LINE('',#15230,#15231);
#11648=VERTEX_POINT('',#15233);
#11649=LINE('',#15234,#15235);
#11650=LINE('',#15237,#15238);
#11651=LINE('',#15240,#15241);
#11652=LINE('',#15243,#15244);
#11653=VERTEX_POINT('',#15246);
#11654=LINE('',#15247,#15248);
#11655=VERTEX_POINT('',#15250);
#11656=LINE('',#15251,#15252);
#11657=LINE('',#15254,#15255);
#11658=LINE('',#15257,#15258);
#11659=LINE('',#15260,#15261);
#11660=LINE('',#15263,#15264);
#11661=VERTEX_POINT('',#15266);
#11662=LINE('',#15267,#15268);
#11663=LINE('',#15270,#15271);
#11664=VERTEX_POINT('',#15273);
#11665=LINE('',#15274,#15275);
#11666=VERTEX_POINT('',#15277);
#11667=LINE('',#15278,#15279);
#11668=VERTEX_POINT('',#15281);
#11669=LINE('',#15282,#15283);
#11670=VERTEX_POINT('',#15285);
#11671=LINE('',#15286,#15287);
#11672=LINE('',#15289,#15290);
#11673=LINE('',#15292,#15293);
#11674=VERTEX_POINT('',#15295);
#11675=LINE('',#15296,#15297);
#11676=LINE('',#15299,#15300);
#11677=VERTEX_POINT('',#15302);
#11678=LINE('',#15303,#15304);
#11679=LINE('',#15306,#15307);
#11680=VERTEX_POINT('',#15309);
#11681=LINE('',#15310,#15311);
#11682=LINE('',#15313,#15314);
#11683=LINE('',#15316,#15317);
#11684=LINE('',#15319,#15320);
#11685=LINE('',#15322,#15323);
#11686=LINE('',#15325,#15326);
#11687=LINE('',#15328,#15329);
#11688=CARTESIAN_POINT('',(1.87,-2.455,13.6));
#11689=CARTESIAN_POINT('',(2.07000000000001,-2.655,13.6));
#11690=CARTESIAN_POINT('',(1.87,-2.455,13.6));
#11691=VECTOR('',#11692,1.);
#11692=DIRECTION('',(0.707106781186548,-0.707106781186547,0.));
#11693=CARTESIAN_POINT('',(1.87000000000001,-2.15999999999998,13.6));
#11694=CARTESIAN_POINT('',(1.87000000000001,-2.15999999999998,13.6));
#11695=VECTOR('',#11696,1.);
#11696=DIRECTION('',(-1.95700329764424E-014,-1.,0.));
#11697=CARTESIAN_POINT('',(1.27000000000001,-1.55999999999998,13.6));
#11698=AXIS2_PLACEMENT_3D('',#11699,#11700,#11701);
#11699=CARTESIAN_POINT('',(1.27000000000001,-2.15999999999998,13.6));
#11700=DIRECTION('',(0.,0.,-1.));
#11701=DIRECTION('',(0.,1.,0.));
#11702=CARTESIAN_POINT('',(-1.27,-1.56,13.6));
#11703=CARTESIAN_POINT('',(-1.27,-1.56,13.6));
#11704=VECTOR('',#11705,1.);
#11705=DIRECTION('',(1.,3.32192716029573E-015,0.));
#11706=CARTESIAN_POINT('',(-1.87,-2.16,13.6));
#11707=AXIS2_PLACEMENT_3D('',#11708,#11709,#11710);
#11708=CARTESIAN_POINT('',(-1.27,-2.16,13.6));
#11709=DIRECTION('',(0.,0.,-1.));
#11710=DIRECTION('',(-1.,0.,0.));
#11711=CARTESIAN_POINT('',(-1.87,-2.33661872788004,13.6));
#11712=CARTESIAN_POINT('',(-1.87,-2.33661872788004,13.6));
#11713=VECTOR('',#11714,1.);
#11714=DIRECTION('',(0.,1.,0.));
#11715=CARTESIAN_POINT('',(-1.9964095640315,-2.46302829191155,13.6));
#11716=CARTESIAN_POINT('',(-1.9964095640315,-2.46302829191155,13.6));
#11717=VECTOR('',#11718,1.);
#11718=DIRECTION('',(0.707106781186508,0.707106781186587,0.));
#11719=CARTESIAN_POINT('',(-3.32774999996242,-1.69437853284383,13.6));
#11720=CARTESIAN_POINT('',(-3.32774999996242,-1.69437853284383,13.6));
#11721=VECTOR('',#11722,1.);
#11722=DIRECTION('',(0.866025403784439,-0.5,0.));
#11723=CARTESIAN_POINT('',(-3.32774999996919,1.69437853285553,13.6));
#11724=AXIS2_PLACEMENT_3D('',#11725,#11726,#11727);
#11725=CARTESIAN_POINT('',(-2.34950009795668,-1.4210854715202E-014,13.6));
#11726=DIRECTION('',(0.,0.,1.));
#11727=DIRECTION('',(-0.499999999984376,0.866025403793459,0.));
#11728=CARTESIAN_POINT('',(-1.9964095640315,2.46302829191155,13.6));
#11729=CARTESIAN_POINT('',(-1.9964095640315,2.46302829191155,13.6));
#11730=VECTOR('',#11731,1.);
#11731=DIRECTION('',(-0.866025403784439,-0.5,0.));
#11732=CARTESIAN_POINT('',(-1.87,2.33661872788004,13.6));
#11733=CARTESIAN_POINT('',(-1.87,2.33661872788004,13.6));
#11734=VECTOR('',#11735,1.);
#11735=DIRECTION('',(-0.707106781186508,0.707106781186587,0.));
#11736=CARTESIAN_POINT('',(-1.87,2.16,13.6));
#11737=CARTESIAN_POINT('',(-1.87,2.16,13.6));
#11738=VECTOR('',#11739,1.);
#11739=DIRECTION('',(0.,1.,0.));
#11740=CARTESIAN_POINT('',(-1.27,1.56,13.6));
#11741=AXIS2_PLACEMENT_3D('',#11742,#11743,#11744);
#11742=CARTESIAN_POINT('',(-1.27,2.16,13.6));
#11743=DIRECTION('',(0.,0.,-1.));
#11744=DIRECTION('',(-5.55111512312578E-015,-1.,0.));
#11745=CARTESIAN_POINT('',(1.27000000000001,1.55999999999999,13.6));
#11746=CARTESIAN_POINT('',(1.27000000000001,1.55999999999999,13.6));
#11747=VECTOR('',#11748,1.);
#11748=DIRECTION('',(-1.,5.5948246910244E-015,0.));
#11749=CARTESIAN_POINT('',(1.87000000000001,2.15999999999998,13.6));
#11750=AXIS2_PLACEMENT_3D('',#11751,#11752,#11753);
#11751=CARTESIAN_POINT('',(1.27000000000001,2.15999999999998,13.6));
#11752=DIRECTION('',(0.,0.,-1.));
#11753=DIRECTION('',(1.,0.,0.));
#11754=CARTESIAN_POINT('',(1.87,2.455,13.6));
#11755=CARTESIAN_POINT('',(1.87,2.455,13.6));
#11756=VECTOR('',#11757,1.);
#11757=DIRECTION('',(0.,-1.,0.));
#11758=CARTESIAN_POINT('',(2.07000000000001,2.655,13.6));
#11759=CARTESIAN_POINT('',(2.07000000000001,2.655,13.6));
#11760=VECTOR('',#11761,1.);
#11761=DIRECTION('',(-0.707106781186547,-0.707106781186547,0.));
#11762=CARTESIAN_POINT('',(2.47700038000004,2.655,13.6));
#11763=CARTESIAN_POINT('',(2.47700038000004,2.655,13.6));
#11764=VECTOR('',#11765,1.);
#11765=DIRECTION('',(-1.,0.,0.));
#11766=CARTESIAN_POINT('',(4.43300000000002,0.699000380000015,13.6));
#11767=AXIS2_PLACEMENT_3D('',#11768,#11769,#11770);
#11768=CARTESIAN_POINT('',(2.47700038000004,0.699000380000015,13.6));
#11769=DIRECTION('',(0.,0.,1.));
#11770=DIRECTION('',(1.,0.,0.));
#11771=CARTESIAN_POINT('',(4.43300000000002,-0.699000380000015,13.6));
#11772=CARTESIAN_POINT('',(4.43300000000002,-0.699000380000015,13.6));
#11773=VECTOR('',#11774,1.);
#11774=DIRECTION('',(0.,1.,0.));
#11775=CARTESIAN_POINT('',(2.47700038000003,-2.655,13.6));
#11776=AXIS2_PLACEMENT_3D('',#11777,#11778,#11779);
#11777=CARTESIAN_POINT('',(2.47700038000004,-0.699000380000014,13.6));
#11778=DIRECTION('',(0.,0.,1.));
#11779=DIRECTION('',(-2.27039517446361E-016,-1.,0.));
#11780=CARTESIAN_POINT('',(2.07000000000001,-2.655,13.6));
#11781=VECTOR('',#11782,1.);
#11782=DIRECTION('',(1.,0.,0.));
#11783=CARTESIAN_POINT('',(2.965,1.016,13.6));
#11784=AXIS2_PLACEMENT_3D('',#11785,#11786,#11787);
#11785=CARTESIAN_POINT('',(2.54,1.016,13.6));
#11786=DIRECTION('',(0.,0.,1.));
#11787=DIRECTION('',(1.,0.,0.));
#11788=CARTESIAN_POINT('',(2.965,-1.016,13.6));
#11789=AXIS2_PLACEMENT_3D('',#11790,#11791,#11792);
#11790=CARTESIAN_POINT('',(2.54,-1.016,13.6));
#11791=DIRECTION('',(0.,0.,1.));
#11792=DIRECTION('',(1.,0.,0.));
#11793=CARTESIAN_POINT('',(-2.115,1.88768432695266E-015,13.6));
#11794=AXIS2_PLACEMENT_3D('',#11795,#11796,#11797);
#11795=CARTESIAN_POINT('',(-2.54,1.88768432695266E-015,13.6));
#11796=DIRECTION('',(0.,0.,1.));
#11797=DIRECTION('',(1.,0.,0.));
#11798=CARTESIAN_POINT('',(0.375,0.635,13.6));
#11799=AXIS2_PLACEMENT_3D('',#11800,#11801,#11802);
#11800=CARTESIAN_POINT('',(6.96591613756498E-018,0.635,13.6));
#11801=DIRECTION('',(0.,0.,1.));
#11802=DIRECTION('',(1.,0.,0.));
#11803=CARTESIAN_POINT('',(1.645,0.635000000000002,13.6));
#11804=AXIS2_PLACEMENT_3D('',#11805,#11806,#11807);
#11805=CARTESIAN_POINT('',(1.27,0.635000000000002,13.6));
#11806=DIRECTION('',(0.,0.,1.));
#11807=DIRECTION('',(1.,0.,0.));
#11808=CARTESIAN_POINT('',(0.375,-0.635,13.6));
#11809=AXIS2_PLACEMENT_3D('',#11810,#11811,#11812);
#11810=CARTESIAN_POINT('',(-3.38842921862666E-017,-0.635,13.6));
#11811=DIRECTION('',(0.,0.,1.));
#11812=DIRECTION('',(1.,0.,0.));
#11813=CARTESIAN_POINT('',(-0.895,0.635000000000001,13.6));
#11814=AXIS2_PLACEMENT_3D('',#11815,#11816,#11817);
#11815=CARTESIAN_POINT('',(-1.27,0.635000000000001,13.6));
#11816=DIRECTION('',(0.,0.,1.));
#11817=DIRECTION('',(1.,0.,0.));
#11818=CARTESIAN_POINT('',(-0.895,-0.634999999999999,13.6));
#11819=AXIS2_PLACEMENT_3D('',#11820,#11821,#11822);
#11820=CARTESIAN_POINT('',(-1.27,-0.634999999999999,13.6));
#11821=DIRECTION('',(0.,0.,1.));
#11822=DIRECTION('',(1.,0.,0.));
#11823=CARTESIAN_POINT('',(1.645,-0.634999999999997,13.6));
#11824=AXIS2_PLACEMENT_3D('',#11825,#11826,#11827);
#11825=CARTESIAN_POINT('',(1.27,-0.634999999999997,13.6));
#11826=DIRECTION('',(0.,0.,1.));
#11827=DIRECTION('',(1.,0.,0.));
#11828=CARTESIAN_POINT('',(2.07000000000001,-2.655,14.8));
#11829=CARTESIAN_POINT('',(2.47700038000003,-2.655,14.8));
#11830=CARTESIAN_POINT('',(2.07000000000001,-2.655,14.8));
#11831=VECTOR('',#11832,1.);
#11832=DIRECTION('',(1.,0.,0.));
#11833=CARTESIAN_POINT('',(4.43300000000002,-0.699000380000015,14.8));
#11834=AXIS2_PLACEMENT_3D('',#11835,#11836,#11837);
#11835=CARTESIAN_POINT('',(2.47700038000004,-0.699000380000014,14.8));
#11836=DIRECTION('',(0.,0.,1.));
#11837=DIRECTION('',(-2.27039517446361E-016,-1.,0.));
#11838=CARTESIAN_POINT('',(4.43300000000002,0.699000380000015,14.8));
#11839=CARTESIAN_POINT('',(4.43300000000002,-0.699000380000015,14.8));
#11840=VECTOR('',#11841,1.);
#11841=DIRECTION('',(0.,1.,0.));
#11842=CARTESIAN_POINT('',(2.47700038000004,2.655,14.8));
#11843=AXIS2_PLACEMENT_3D('',#11844,#11845,#11846);
#11844=CARTESIAN_POINT('',(2.47700038000004,0.699000380000015,14.8));
#11845=DIRECTION('',(0.,0.,1.));
#11846=DIRECTION('',(1.,0.,0.));
#11847=CARTESIAN_POINT('',(2.07000000000001,2.655,14.8));
#11848=CARTESIAN_POINT('',(2.47700038000004,2.655,14.8));
#11849=VECTOR('',#11850,1.);
#11850=DIRECTION('',(-1.,0.,0.));
#11851=CARTESIAN_POINT('',(1.87,2.455,14.8));
#11852=CARTESIAN_POINT('',(2.07000000000001,2.655,14.8));
#11853=VECTOR('',#11854,1.);
#11854=DIRECTION('',(-0.707106781186547,-0.707106781186547,0.));
#11855=CARTESIAN_POINT('',(1.87000000000001,2.15999999999998,14.8));
#11856=CARTESIAN_POINT('',(1.87,2.455,14.8));
#11857=VECTOR('',#11858,1.);
#11858=DIRECTION('',(0.,-1.,0.));
#11859=CARTESIAN_POINT('',(1.27000000000001,1.55999999999999,14.8));
#11860=AXIS2_PLACEMENT_3D('',#11861,#11862,#11863);
#11861=CARTESIAN_POINT('',(1.27000000000001,2.15999999999998,14.8));
#11862=DIRECTION('',(0.,0.,-1.));
#11863=DIRECTION('',(1.,0.,0.));
#11864=CARTESIAN_POINT('',(-1.27,1.56,14.8));
#11865=CARTESIAN_POINT('',(1.27000000000001,1.55999999999999,14.8));
#11866=VECTOR('',#11867,1.);
#11867=DIRECTION('',(-1.,5.5948246910244E-015,0.));
#11868=CARTESIAN_POINT('',(-1.87,2.16,14.8));
#11869=AXIS2_PLACEMENT_3D('',#11870,#11871,#11872);
#11870=CARTESIAN_POINT('',(-1.27,2.16,14.8));
#11871=DIRECTION('',(0.,0.,-1.));
#11872=DIRECTION('',(-5.55111512312578E-015,-1.,0.));
#11873=CARTESIAN_POINT('',(-1.87,2.33661872788004,14.8));
#11874=CARTESIAN_POINT('',(-1.87,2.16,14.8));
#11875=VECTOR('',#11876,1.);
#11876=DIRECTION('',(0.,1.,0.));
#11877=CARTESIAN_POINT('',(-1.9964095640315,2.46302829191155,14.8));
#11878=CARTESIAN_POINT('',(-1.87,2.33661872788004,14.8));
#11879=VECTOR('',#11880,1.);
#11880=DIRECTION('',(-0.707106781186508,0.707106781186587,0.));
#11881=CARTESIAN_POINT('',(-3.32774999996919,1.69437853285553,14.8));
#11882=CARTESIAN_POINT('',(-1.9964095640315,2.46302829191155,14.8));
#11883=VECTOR('',#11884,1.);
#11884=DIRECTION('',(-0.866025403784439,-0.5,0.));
#11885=CARTESIAN_POINT('',(-3.32774999996242,-1.69437853284383,14.8));
#11886=AXIS2_PLACEMENT_3D('',#11887,#11888,#11889);
#11887=CARTESIAN_POINT('',(-2.34950009795668,-1.4210854715202E-014,14.8));
#11888=DIRECTION('',(0.,0.,1.));
#11889=DIRECTION('',(-0.499999999984376,0.866025403793459,0.));
#11890=CARTESIAN_POINT('',(-1.9964095640315,-2.46302829191155,14.8));
#11891=CARTESIAN_POINT('',(-3.32774999996242,-1.69437853284383,14.8));
#11892=VECTOR('',#11893,1.);
#11893=DIRECTION('',(0.866025403784439,-0.5,0.));
#11894=CARTESIAN_POINT('',(-1.87,-2.33661872788004,14.8));
#11895=CARTESIAN_POINT('',(-1.9964095640315,-2.46302829191155,14.8));
#11896=VECTOR('',#11897,1.);
#11897=DIRECTION('',(0.707106781186508,0.707106781186587,0.));
#11898=CARTESIAN_POINT('',(-1.87,-2.16,14.8));
#11899=CARTESIAN_POINT('',(-1.87,-2.33661872788004,14.8));
#11900=VECTOR('',#11901,1.);
#11901=DIRECTION('',(0.,1.,0.));
#11902=CARTESIAN_POINT('',(-1.27,-1.56,14.8));
#11903=AXIS2_PLACEMENT_3D('',#11904,#11905,#11906);
#11904=CARTESIAN_POINT('',(-1.27,-2.16,14.8));
#11905=DIRECTION('',(0.,0.,-1.));
#11906=DIRECTION('',(-1.,0.,0.));
#11907=CARTESIAN_POINT('',(1.27000000000001,-1.55999999999998,14.8));
#11908=CARTESIAN_POINT('',(-1.27,-1.56,14.8));
#11909=VECTOR('',#11910,1.);
#11910=DIRECTION('',(1.,3.32192716029573E-015,0.));
#11911=CARTESIAN_POINT('',(1.87000000000001,-2.15999999999998,14.8));
#11912=AXIS2_PLACEMENT_3D('',#11913,#11914,#11915);
#11913=CARTESIAN_POINT('',(1.27000000000001,-2.15999999999998,14.8));
#11914=DIRECTION('',(0.,0.,-1.));
#11915=DIRECTION('',(0.,1.,0.));
#11916=CARTESIAN_POINT('',(1.87,-2.455,14.8));
#11917=CARTESIAN_POINT('',(1.87000000000001,-2.15999999999998,14.8));
#11918=VECTOR('',#11919,1.);
#11919=DIRECTION('',(-1.95700329764424E-014,-1.,0.));
#11920=CARTESIAN_POINT('',(1.87,-2.455,14.8));
#11921=VECTOR('',#11922,1.);
#11922=DIRECTION('',(0.707106781186548,-0.707106781186547,0.));
#11923=CARTESIAN_POINT('',(2.965,1.016,14.8));
#11924=AXIS2_PLACEMENT_3D('',#11925,#11926,#11927);
#11925=CARTESIAN_POINT('',(2.54,1.016,14.8));
#11926=DIRECTION('',(0.,0.,1.));
#11927=DIRECTION('',(1.,0.,0.));
#11928=CARTESIAN_POINT('',(2.965,-1.016,14.8));
#11929=AXIS2_PLACEMENT_3D('',#11930,#11931,#11932);
#11930=CARTESIAN_POINT('',(2.54,-1.016,14.8));
#11931=DIRECTION('',(0.,0.,1.));
#11932=DIRECTION('',(1.,0.,0.));
#11933=CARTESIAN_POINT('',(-2.115,1.88768432695266E-015,14.8));
#11934=AXIS2_PLACEMENT_3D('',#11935,#11936,#11937);
#11935=CARTESIAN_POINT('',(-2.54,1.88768432695266E-015,14.8));
#11936=DIRECTION('',(0.,0.,1.));
#11937=DIRECTION('',(1.,0.,0.));
#11938=CARTESIAN_POINT('',(0.375,0.635,14.8));
#11939=AXIS2_PLACEMENT_3D('',#11940,#11941,#11942);
#11940=CARTESIAN_POINT('',(6.96591613756498E-018,0.635,14.8));
#11941=DIRECTION('',(0.,0.,1.));
#11942=DIRECTION('',(1.,0.,0.));
#11943=CARTESIAN_POINT('',(1.645,0.635000000000002,14.8));
#11944=AXIS2_PLACEMENT_3D('',#11945,#11946,#11947);
#11945=CARTESIAN_POINT('',(1.27,0.635000000000002,14.8));
#11946=DIRECTION('',(0.,0.,1.));
#11947=DIRECTION('',(1.,0.,0.));
#11948=CARTESIAN_POINT('',(0.375,-0.635,14.8));
#11949=AXIS2_PLACEMENT_3D('',#11950,#11951,#11952);
#11950=CARTESIAN_POINT('',(-3.38842921862666E-017,-0.635,14.8));
#11951=DIRECTION('',(0.,0.,1.));
#11952=DIRECTION('',(1.,0.,0.));
#11953=CARTESIAN_POINT('',(-0.895,0.635000000000001,14.8));
#11954=AXIS2_PLACEMENT_3D('',#11955,#11956,#11957);
#11955=CARTESIAN_POINT('',(-1.27,0.635000000000001,14.8));
#11956=DIRECTION('',(0.,0.,1.));
#11957=DIRECTION('',(1.,0.,0.));
#11958=CARTESIAN_POINT('',(-0.895,-0.634999999999999,14.8));
#11959=AXIS2_PLACEMENT_3D('',#11960,#11961,#11962);
#11960=CARTESIAN_POINT('',(-1.27,-0.634999999999999,14.8));
#11961=DIRECTION('',(0.,0.,1.));
#11962=DIRECTION('',(1.,0.,0.));
#11963=CARTESIAN_POINT('',(1.645,-0.634999999999997,14.8));
#11964=AXIS2_PLACEMENT_3D('',#11965,#11966,#11967);
#11965=CARTESIAN_POINT('',(1.27,-0.634999999999997,14.8));
#11966=DIRECTION('',(0.,0.,1.));
#11967=DIRECTION('',(1.,0.,0.));
#11968=CARTESIAN_POINT('',(2.07000000000001,-2.655,13.6));
#11969=VECTOR('',#11970,1.);
#11970=DIRECTION('',(0.,0.,1.));
#11971=CARTESIAN_POINT('',(1.87,-2.455,13.6));
#11972=VECTOR('',#11973,1.);
#11973=DIRECTION('',(0.,0.,1.));
#11974=CARTESIAN_POINT('',(1.87000000000001,-2.15999999999998,13.6));
#11975=VECTOR('',#11976,1.);
#11976=DIRECTION('',(0.,0.,1.));
#11977=CARTESIAN_POINT('',(1.27000000000001,-1.55999999999999,13.6));
#11978=VECTOR('',#11979,1.);
#11979=DIRECTION('',(0.,0.,1.));
#11980=CARTESIAN_POINT('',(-1.27,-1.56,13.6));
#11981=VECTOR('',#11982,1.);
#11982=DIRECTION('',(0.,0.,1.));
#11983=CARTESIAN_POINT('',(-1.87,-2.16,13.6));
#11984=VECTOR('',#11985,1.);
#11985=DIRECTION('',(0.,0.,1.));
#11986=CARTESIAN_POINT('',(-1.87,-2.33661872788004,13.6));
#11987=VECTOR('',#11988,1.);
#11988=DIRECTION('',(0.,0.,1.));
#11989=CARTESIAN_POINT('',(-1.99640956403152,-2.46302829191156,13.6));
#11990=VECTOR('',#11991,1.);
#11991=DIRECTION('',(0.,0.,1.));
#11992=CARTESIAN_POINT('',(-3.32774999996242,-1.69437853284383,13.6));
#11993=VECTOR('',#11994,1.);
#11994=DIRECTION('',(0.,0.,1.));
#11995=CARTESIAN_POINT('',(-3.32774999996242,1.6943785328438,13.6));
#11996=VECTOR('',#11997,1.);
#11997=DIRECTION('',(0.,0.,1.));
#11998=CARTESIAN_POINT('',(-1.9964095640315,2.46302829191155,13.6));
#11999=VECTOR('',#12000,1.);
#12000=DIRECTION('',(0.,0.,1.));
#12001=CARTESIAN_POINT('',(-1.87,2.33661872788004,13.6));
#12002=VECTOR('',#12003,1.);
#12003=DIRECTION('',(0.,0.,1.));
#12004=CARTESIAN_POINT('',(-1.87,2.16,13.6));
#12005=VECTOR('',#12006,1.);
#12006=DIRECTION('',(0.,0.,1.));
#12007=CARTESIAN_POINT('',(-1.27,1.56,13.6));
#12008=VECTOR('',#12009,1.);
#12009=DIRECTION('',(0.,0.,1.));
#12010=CARTESIAN_POINT('',(1.27000000000001,1.55999999999999,13.6));
#12011=VECTOR('',#12012,1.);
#12012=DIRECTION('',(0.,0.,1.));
#12013=CARTESIAN_POINT('',(1.87,2.15999999999998,13.6));
#12014=VECTOR('',#12015,1.);
#12015=DIRECTION('',(0.,0.,1.));
#12016=CARTESIAN_POINT('',(1.87,2.455,13.6));
#12017=VECTOR('',#12018,1.);
#12018=DIRECTION('',(0.,0.,1.));
#12019=CARTESIAN_POINT('',(2.07000000000001,2.655,13.6));
#12020=VECTOR('',#12021,1.);
#12021=DIRECTION('',(0.,0.,1.));
#12022=CARTESIAN_POINT('',(2.47700038000004,2.655,13.6));
#12023=VECTOR('',#12024,1.);
#12024=DIRECTION('',(0.,0.,1.));
#12025=CARTESIAN_POINT('',(4.43300000000002,0.699000380000015,13.6));
#12026=VECTOR('',#12027,1.);
#12027=DIRECTION('',(0.,0.,1.));
#12028=CARTESIAN_POINT('',(4.43300000000002,-0.699000380000015,13.6));
#12029=VECTOR('',#12030,1.);
#12030=DIRECTION('',(0.,0.,1.));
#12031=CARTESIAN_POINT('',(2.47700038000004,-2.655,13.6));
#12032=VECTOR('',#12033,1.);
#12033=DIRECTION('',(0.,0.,1.));
#12034=CARTESIAN_POINT('',(2.47700038000001,-1.90500000000002,4.6));
#12035=CARTESIAN_POINT('',(3.68300000000001,-0.699000380000015,4.6));
#12036=AXIS2_PLACEMENT_3D('',#12037,#12038,#12039);
#12037=CARTESIAN_POINT('',(2.47700038000001,-0.699000380000015,4.6));
#12038=DIRECTION('',(0.,0.,1.));
#12039=DIRECTION('',(0.,-1.,0.));
#12040=CARTESIAN_POINT('',(-1.13979705999999,-1.90500000000002,4.6));
#12041=CARTESIAN_POINT('',(-1.13979705999999,-1.90500000000002,4.6));
#12042=VECTOR('',#12043,1.);
#12043=DIRECTION('',(1.,0.,0.));
#12044=CARTESIAN_POINT('',(-1.74279559999999,-1.74342552000002,4.6));
#12045=AXIS2_PLACEMENT_3D('',#12046,#12047,#12048);
#12046=CARTESIAN_POINT('',(-1.13979424571673,-0.69900216591509,4.6));
#12047=DIRECTION('',(0.,0.,1.));
#12048=DIRECTION('',(-0.500002020931621,-0.866024236995879,0.));
#12049=CARTESIAN_POINT('',(-2.95274999999999,-1.04485948000001,4.6));
#12050=CARTESIAN_POINT('',(-2.95274999999999,-1.04485948000001,4.6));
#12051=VECTOR('',#12052,1.);
#12052=DIRECTION('',(0.866025855830438,-0.499999217032544,0.));
#12053=CARTESIAN_POINT('',(-2.95274999999999,1.04485947999999,4.6));
#12054=AXIS2_PLACEMENT_3D('',#12055,#12056,#12057);
#12055=CARTESIAN_POINT('',(-2.34950009795666,-1.4210854715202E-014,4.6));
#12056=DIRECTION('',(0.,0.,1.));
#12057=DIRECTION('',(-0.499999999999999,0.866025403784439,0.));
#12058=CARTESIAN_POINT('',(-1.74279559999999,1.74342552,4.6));
#12059=CARTESIAN_POINT('',(-1.74279559999999,1.74342552,4.6));
#12060=VECTOR('',#12061,1.);
#12061=DIRECTION('',(-0.866025855830434,-0.499999217032552,0.));
#12062=CARTESIAN_POINT('',(-1.13979705999999,1.905,4.6));
#12063=AXIS2_PLACEMENT_3D('',#12064,#12065,#12066);
#12064=CARTESIAN_POINT('',(-1.13979424571673,0.699002165915076,4.6));
#12065=DIRECTION('',(0.,0.,1.));
#12066=DIRECTION('',(-2.33357240249525E-006,0.999999999997277,0.));
#12067=CARTESIAN_POINT('',(2.47700038000001,1.905,4.6));
#12068=CARTESIAN_POINT('',(2.47700038000001,1.905,4.6));
#12069=VECTOR('',#12070,1.);
#12070=DIRECTION('',(-1.,0.,0.));
#12071=CARTESIAN_POINT('',(3.68299999999999,0.699000380000001,4.6));
#12072=AXIS2_PLACEMENT_3D('',#12073,#12074,#12075);
#12073=CARTESIAN_POINT('',(2.47700037999999,0.699000380000001,4.6));
#12074=DIRECTION('',(0.,0.,1.));
#12075=DIRECTION('',(1.,0.,0.));
#12076=CARTESIAN_POINT('',(3.68300000000001,-0.699000380000015,4.6));
#12077=VECTOR('',#12078,1.);
#12078=DIRECTION('',(0.,1.,0.));
#12079=CARTESIAN_POINT('',(2.965,1.016,4.6));
#12080=AXIS2_PLACEMENT_3D('',#12081,#12082,#12083);
#12081=CARTESIAN_POINT('',(2.54,1.016,4.6));
#12082=DIRECTION('',(0.,0.,1.));
#12083=DIRECTION('',(1.,0.,0.));
#12084=CARTESIAN_POINT('',(2.965,-1.016,4.6));
#12085=AXIS2_PLACEMENT_3D('',#12086,#12087,#12088);
#12086=CARTESIAN_POINT('',(2.54,-1.016,4.6));
#12087=DIRECTION('',(0.,0.,1.));
#12088=DIRECTION('',(1.,0.,0.));
#12089=CARTESIAN_POINT('',(-2.115,1.88768432695266E-015,4.6));
#12090=AXIS2_PLACEMENT_3D('',#12091,#12092,#12093);
#12091=CARTESIAN_POINT('',(-2.54,1.88768432695266E-015,4.6));
#12092=DIRECTION('',(0.,0.,1.));
#12093=DIRECTION('',(1.,0.,0.));
#12094=CARTESIAN_POINT('',(0.375,0.635,4.6));
#12095=AXIS2_PLACEMENT_3D('',#12096,#12097,#12098);
#12096=CARTESIAN_POINT('',(6.96591613756498E-018,0.635,4.6));
#12097=DIRECTION('',(0.,0.,1.));
#12098=DIRECTION('',(1.,0.,0.));
#12099=CARTESIAN_POINT('',(1.645,0.635000000000002,4.6));
#12100=AXIS2_PLACEMENT_3D('',#12101,#12102,#12103);
#12101=CARTESIAN_POINT('',(1.27,0.635000000000002,4.6));
#12102=DIRECTION('',(0.,0.,1.));
#12103=DIRECTION('',(1.,0.,0.));
#12104=CARTESIAN_POINT('',(0.375,-0.635,4.6));
#12105=AXIS2_PLACEMENT_3D('',#12106,#12107,#12108);
#12106=CARTESIAN_POINT('',(-3.38842921862666E-017,-0.635,4.6));
#12107=DIRECTION('',(0.,0.,1.));
#12108=DIRECTION('',(1.,0.,0.));
#12109=CARTESIAN_POINT('',(-0.895,0.635000000000001,4.6));
#12110=AXIS2_PLACEMENT_3D('',#12111,#12112,#12113);
#12111=CARTESIAN_POINT('',(-1.27,0.635000000000001,4.6));
#12112=DIRECTION('',(0.,0.,1.));
#12113=DIRECTION('',(1.,0.,0.));
#12114=CARTESIAN_POINT('',(1.645,-0.634999999999997,4.6));
#12115=AXIS2_PLACEMENT_3D('',#12116,#12117,#12118);
#12116=CARTESIAN_POINT('',(1.27,-0.634999999999997,4.6));
#12117=DIRECTION('',(0.,0.,1.));
#12118=DIRECTION('',(1.,0.,0.));
#12119=CARTESIAN_POINT('',(-0.895,-0.634999999999999,4.6));
#12120=AXIS2_PLACEMENT_3D('',#12121,#12122,#12123);
#12121=CARTESIAN_POINT('',(-1.27,-0.634999999999999,4.6));
#12122=DIRECTION('',(0.,0.,1.));
#12123=DIRECTION('',(1.,0.,0.));
#12124=CARTESIAN_POINT('',(3.68300000000001,-0.699000380000015,5.8));
#12125=CARTESIAN_POINT('',(3.68299999999999,0.699000380000001,5.8));
#12126=CARTESIAN_POINT('',(3.68300000000001,-0.699000380000015,5.8));
#12127=VECTOR('',#12128,1.);
#12128=DIRECTION('',(0.,1.,0.));
#12129=CARTESIAN_POINT('',(2.47700038000001,1.905,5.8));
#12130=AXIS2_PLACEMENT_3D('',#12131,#12132,#12133);
#12131=CARTESIAN_POINT('',(2.47700037999999,0.699000380000001,5.8));
#12132=DIRECTION('',(0.,0.,1.));
#12133=DIRECTION('',(1.,0.,0.));
#12134=CARTESIAN_POINT('',(-1.13979705999999,1.905,5.8));
#12135=CARTESIAN_POINT('',(2.47700038000001,1.905,5.8));
#12136=VECTOR('',#12137,1.);
#12137=DIRECTION('',(-1.,0.,0.));
#12138=CARTESIAN_POINT('',(-1.74279559999999,1.74342552,5.8));
#12139=AXIS2_PLACEMENT_3D('',#12140,#12141,#12142);
#12140=CARTESIAN_POINT('',(-1.13979424571673,0.699002165915076,5.8));
#12141=DIRECTION('',(0.,0.,1.));
#12142=DIRECTION('',(-2.33357240249525E-006,0.999999999997277,0.));
#12143=CARTESIAN_POINT('',(-2.95274999999999,1.04485947999999,5.8));
#12144=CARTESIAN_POINT('',(-1.74279559999999,1.74342552,5.8));
#12145=VECTOR('',#12146,1.);
#12146=DIRECTION('',(-0.866025855830434,-0.499999217032552,0.));
#12147=CARTESIAN_POINT('',(-2.95274999999999,-1.04485948000001,5.8));
#12148=AXIS2_PLACEMENT_3D('',#12149,#12150,#12151);
#12149=CARTESIAN_POINT('',(-2.34950009795666,-1.4210854715202E-014,5.8));
#12150=DIRECTION('',(0.,0.,1.));
#12151=DIRECTION('',(-0.499999999999999,0.866025403784439,0.));
#12152=CARTESIAN_POINT('',(-1.74279559999999,-1.74342552000002,5.8));
#12153=CARTESIAN_POINT('',(-2.95274999999999,-1.04485948000001,5.8));
#12154=VECTOR('',#12155,1.);
#12155=DIRECTION('',(0.866025855830438,-0.499999217032544,0.));
#12156=CARTESIAN_POINT('',(-1.13979705999999,-1.90500000000002,5.8));
#12157=AXIS2_PLACEMENT_3D('',#12158,#12159,#12160);
#12158=CARTESIAN_POINT('',(-1.13979424571673,-0.69900216591509,5.8));
#12159=DIRECTION('',(0.,0.,1.));
#12160=DIRECTION('',(-0.500002020931621,-0.866024236995879,0.));
#12161=CARTESIAN_POINT('',(2.47700038000001,-1.90500000000002,5.8));
#12162=CARTESIAN_POINT('',(-1.13979705999999,-1.90500000000002,5.8));
#12163=VECTOR('',#12164,1.);
#12164=DIRECTION('',(1.,0.,0.));
#12165=AXIS2_PLACEMENT_3D('',#12166,#12167,#12168);
#12166=CARTESIAN_POINT('',(2.47700038000001,-0.699000380000015,5.8));
#12167=DIRECTION('',(0.,0.,1.));
#12168=DIRECTION('',(0.,-1.,0.));
#12169=CARTESIAN_POINT('',(2.965,1.016,5.8));
#12170=AXIS2_PLACEMENT_3D('',#12171,#12172,#12173);
#12171=CARTESIAN_POINT('',(2.54,1.016,5.8));
#12172=DIRECTION('',(0.,0.,1.));
#12173=DIRECTION('',(1.,0.,0.));
#12174=CARTESIAN_POINT('',(2.965,-1.016,5.8));
#12175=AXIS2_PLACEMENT_3D('',#12176,#12177,#12178);
#12176=CARTESIAN_POINT('',(2.54,-1.016,5.8));
#12177=DIRECTION('',(0.,0.,1.));
#12178=DIRECTION('',(1.,0.,0.));
#12179=CARTESIAN_POINT('',(-2.115,1.88768432695266E-015,5.8));
#12180=AXIS2_PLACEMENT_3D('',#12181,#12182,#12183);
#12181=CARTESIAN_POINT('',(-2.54,1.88768432695266E-015,5.8));
#12182=DIRECTION('',(0.,0.,1.));
#12183=DIRECTION('',(1.,0.,0.));
#12184=CARTESIAN_POINT('',(0.375,0.635,5.8));
#12185=AXIS2_PLACEMENT_3D('',#12186,#12187,#12188);
#12186=CARTESIAN_POINT('',(6.96591613756498E-018,0.635,5.8));
#12187=DIRECTION('',(0.,0.,1.));
#12188=DIRECTION('',(1.,0.,0.));
#12189=CARTESIAN_POINT('',(1.645,0.635000000000002,5.8));
#12190=AXIS2_PLACEMENT_3D('',#12191,#12192,#12193);
#12191=CARTESIAN_POINT('',(1.27,0.635000000000002,5.8));
#12192=DIRECTION('',(0.,0.,1.));
#12193=DIRECTION('',(1.,0.,0.));
#12194=CARTESIAN_POINT('',(0.375,-0.635,5.8));
#12195=AXIS2_PLACEMENT_3D('',#12196,#12197,#12198);
#12196=CARTESIAN_POINT('',(-3.38842921862666E-017,-0.635,5.8));
#12197=DIRECTION('',(0.,0.,1.));
#12198=DIRECTION('',(1.,0.,0.));
#12199=CARTESIAN_POINT('',(-0.895,0.635000000000001,5.8));
#12200=AXIS2_PLACEMENT_3D('',#12201,#12202,#12203);
#12201=CARTESIAN_POINT('',(-1.27,0.635000000000001,5.8));
#12202=DIRECTION('',(0.,0.,1.));
#12203=DIRECTION('',(1.,0.,0.));
#12204=CARTESIAN_POINT('',(1.645,-0.634999999999997,5.8));
#12205=AXIS2_PLACEMENT_3D('',#12206,#12207,#12208);
#12206=CARTESIAN_POINT('',(1.27,-0.634999999999997,5.8));
#12207=DIRECTION('',(0.,0.,1.));
#12208=DIRECTION('',(1.,0.,0.));
#12209=CARTESIAN_POINT('',(-0.895,-0.634999999999999,5.8));
#12210=AXIS2_PLACEMENT_3D('',#12211,#12212,#12213);
#12211=CARTESIAN_POINT('',(-1.27,-0.634999999999999,5.8));
#12212=DIRECTION('',(0.,0.,1.));
#12213=DIRECTION('',(1.,0.,0.));
#12214=CARTESIAN_POINT('',(3.68300000000001,-0.699000380000015,4.6));
#12215=VECTOR('',#12216,1.);
#12216=DIRECTION('',(0.,0.,1.));
#12217=CARTESIAN_POINT('',(2.47700038000001,-1.90500000000002,4.6));
#12218=VECTOR('',#12219,1.);
#12219=DIRECTION('',(0.,0.,1.));
#12220=CARTESIAN_POINT('',(-1.13979705999999,-1.90500000000002,4.6));
#12221=VECTOR('',#12222,1.);
#12222=DIRECTION('',(0.,0.,1.));
#12223=CARTESIAN_POINT('',(-1.74279559999999,-1.74342552000002,4.6));
#12224=VECTOR('',#12225,1.);
#12225=DIRECTION('',(0.,0.,1.));
#12226=CARTESIAN_POINT('',(-2.95274999999999,-1.04485948000001,4.6));
#12227=VECTOR('',#12228,1.);
#12228=DIRECTION('',(0.,0.,1.));
#12229=CARTESIAN_POINT('',(-2.95274999999999,1.04485947999999,4.6));
#12230=VECTOR('',#12231,1.);
#12231=DIRECTION('',(0.,0.,1.));
#12232=CARTESIAN_POINT('',(-1.74279559999999,1.74342552,4.6));
#12233=VECTOR('',#12234,1.);
#12234=DIRECTION('',(0.,0.,1.));
#12235=CARTESIAN_POINT('',(-1.13979705999999,1.905,4.6));
#12236=VECTOR('',#12237,1.);
#12237=DIRECTION('',(0.,0.,1.));
#12238=CARTESIAN_POINT('',(2.47700038000001,1.905,4.6));
#12239=VECTOR('',#12240,1.);
#12240=DIRECTION('',(0.,0.,1.));
#12241=CARTESIAN_POINT('',(3.68300000000001,0.699000379999987,4.6));
#12242=VECTOR('',#12243,1.);
#12243=DIRECTION('',(0.,0.,1.));
#12244=CARTESIAN_POINT('',(2.94,1.016,16.1));
#12245=AXIS2_PLACEMENT_3D('',#12246,#12247,#12248);
#12246=CARTESIAN_POINT('',(2.54,1.016,16.1));
#12247=DIRECTION('',(0.,0.,1.));
#12248=DIRECTION('',(1.,0.,0.));
#12249=CARTESIAN_POINT('',(2.94,1.016,-0.4));
#12250=AXIS2_PLACEMENT_3D('',#12251,#12252,#12253);
#12251=CARTESIAN_POINT('',(2.54,1.016,-0.4));
#12252=DIRECTION('',(0.,0.,1.));
#12253=DIRECTION('',(1.,0.,0.));
#12254=CARTESIAN_POINT('',(2.64,1.016,16.4));
#12255=AXIS2_PLACEMENT_3D('',#12256,#12257,#12258);
#12256=CARTESIAN_POINT('',(2.54,1.016,16.4));
#12257=DIRECTION('',(0.,0.,1.));
#12258=DIRECTION('',(1.,0.,0.));
#12259=CARTESIAN_POINT('',(2.64,1.016,-0.7));
#12260=AXIS2_PLACEMENT_3D('',#12261,#12262,#12263);
#12261=CARTESIAN_POINT('',(2.54,1.016,-0.7));
#12262=DIRECTION('',(0.,0.,1.));
#12263=DIRECTION('',(1.,0.,0.));
#12264=CARTESIAN_POINT('',(2.94,-1.016,16.1));
#12265=AXIS2_PLACEMENT_3D('',#12266,#12267,#12268);
#12266=CARTESIAN_POINT('',(2.54,-1.016,16.1));
#12267=DIRECTION('',(0.,0.,1.));
#12268=DIRECTION('',(1.,0.,0.));
#12269=CARTESIAN_POINT('',(2.94,-1.016,-0.4));
#12270=AXIS2_PLACEMENT_3D('',#12271,#12272,#12273);
#12271=CARTESIAN_POINT('',(2.54,-1.016,-0.4));
#12272=DIRECTION('',(0.,0.,1.));
#12273=DIRECTION('',(1.,0.,0.));
#12274=CARTESIAN_POINT('',(2.64,-1.016,16.4));
#12275=AXIS2_PLACEMENT_3D('',#12276,#12277,#12278);
#12276=CARTESIAN_POINT('',(2.54,-1.016,16.4));
#12277=DIRECTION('',(0.,0.,1.));
#12278=DIRECTION('',(1.,0.,0.));
#12279=CARTESIAN_POINT('',(2.64,-1.016,-0.7));
#12280=AXIS2_PLACEMENT_3D('',#12281,#12282,#12283);
#12281=CARTESIAN_POINT('',(2.54,-1.016,-0.7));
#12282=DIRECTION('',(0.,0.,1.));
#12283=DIRECTION('',(1.,0.,0.));
#12284=CARTESIAN_POINT('',(-2.14,1.83869845498677E-015,16.1));
#12285=AXIS2_PLACEMENT_3D('',#12286,#12287,#12288);
#12286=CARTESIAN_POINT('',(-2.54,1.88768432695266E-015,16.1));
#12287=DIRECTION('',(0.,0.,1.));
#12288=DIRECTION('',(1.,0.,0.));
#12289=CARTESIAN_POINT('',(-2.14,1.83869845498677E-015,-0.4));
#12290=AXIS2_PLACEMENT_3D('',#12291,#12292,#12293);
#12291=CARTESIAN_POINT('',(-2.54,1.88768432695266E-015,-0.4));
#12292=DIRECTION('',(0.,0.,1.));
#12293=DIRECTION('',(1.,0.,0.));
#12294=CARTESIAN_POINT('',(-2.44,1.87543785896119E-015,16.4));
#12295=AXIS2_PLACEMENT_3D('',#12296,#12297,#12298);
#12296=CARTESIAN_POINT('',(-2.54,1.88768432695266E-015,16.4));
#12297=DIRECTION('',(0.,0.,1.));
#12298=DIRECTION('',(1.,0.,0.));
#12299=CARTESIAN_POINT('',(-2.44,1.87543785896119E-015,-0.7));
#12300=AXIS2_PLACEMENT_3D('',#12301,#12302,#12303);
#12301=CARTESIAN_POINT('',(-2.54,1.88768432695266E-015,-0.7));
#12302=DIRECTION('',(0.,0.,1.));
#12303=DIRECTION('',(1.,0.,0.));
#12304=CARTESIAN_POINT('',(0.26,0.635000000000001,3.3));
#12305=AXIS2_PLACEMENT_3D('',#12306,#12307,#12308);
#12306=CARTESIAN_POINT('',(2.22044604925031E-016,0.635000000000001,3.3));
#12307=DIRECTION('',(0.,0.,1.));
#12308=DIRECTION('',(1.,0.,0.));
#12309=CARTESIAN_POINT('',(0.26,0.635000000000001,0.375288711089172));
#12310=CARTESIAN_POINT('',(0.192288845230294,0.810000000000001,-2.59657906502025E-017));
#12311=CARTESIAN_POINT('',(0.26,0.635000000000001,0.375288711089173));
#12312=CARTESIAN_POINT('',(0.26,0.700489213200513,0.234846640161949));
#12313=CARTESIAN_POINT('',(0.236368123346023,0.761565980071667,0.103867090924411));
#12314=CARTESIAN_POINT('',(0.192288845230294,0.810000000000001,0.));
#12315=CARTESIAN_POINT('',(0.175,0.827288845230295,-7.17040422236618E-017));
#12316=AXIS2_PLACEMENT_3D('',#12317,#12318,#12319);
#12317=CARTESIAN_POINT('',(2.22044604925031E-016,0.635000000000001,0.));
#12318=DIRECTION('',(0.,0.,1.));
#12319=DIRECTION('',(0.739572481654978,0.673076923076922,0.));
#12320=CARTESIAN_POINT('',(2.35922392732846E-016,0.895000000000001,0.375288711089173));
#12321=CARTESIAN_POINT('',(0.175,0.827288845230295,-2.22044604925031E-016));
#12322=CARTESIAN_POINT('',(0.126565980071666,0.871368123346025,0.10386709092441));
#12323=CARTESIAN_POINT('',(0.0654892132005121,0.895000000000001,0.234846640161949));
#12324=CARTESIAN_POINT('',(2.69805830091778E-016,0.895000000000001,0.375288711089173));
#12325=CARTESIAN_POINT('',(-0.175,0.827288845230296,0.));
#12326=CARTESIAN_POINT('',(2.37965013313947E-016,0.895000000000001,0.375288711089173));
#12327=CARTESIAN_POINT('',(-0.0654892132005114,0.895000000000001,0.23484664016195));
#12328=CARTESIAN_POINT('',(-0.126565980071665,0.871368123346025,0.103867090924411));
#12329=CARTESIAN_POINT('',(-0.175,0.827288845230296,1.11022302462516E-016));
#12330=CARTESIAN_POINT('',(-0.192288845230294,0.810000000000002,-1.60237819473669E-016));
#12331=AXIS2_PLACEMENT_3D('',#12332,#12333,#12334);
#12332=CARTESIAN_POINT('',(2.22044604925031E-016,0.635000000000001,0.));
#12333=DIRECTION('',(0.,0.,1.));
#12334=DIRECTION('',(-0.673076923076923,0.739572481654977,0.));
#12335=CARTESIAN_POINT('',(-0.26,0.635000000000001,0.375288711089173));
#12336=CARTESIAN_POINT('',(-0.192288845230294,0.810000000000002,-4.44089209850063E-016));
#12337=CARTESIAN_POINT('',(-0.236368123346023,0.761565980071667,0.10386709092441));
#12338=CARTESIAN_POINT('',(-0.26,0.700489213200513,0.234846640161949));
#12339=CARTESIAN_POINT('',(-0.26,0.635000000000002,0.375288711089173));
#12340=CARTESIAN_POINT('',(-0.192288845230294,0.460000000000001,0.));
#12341=CARTESIAN_POINT('',(-0.26,0.635000000000001,0.375288711089173));
#12342=CARTESIAN_POINT('',(-0.26,0.56951078679949,0.234846640161949));
#12343=CARTESIAN_POINT('',(-0.236368123346023,0.508434019928335,0.103867090924411));
#12344=CARTESIAN_POINT('',(-0.192288845230294,0.460000000000001,-1.66533453693773E-016));
#12345=CARTESIAN_POINT('',(-0.175,0.442711154769708,0.));
#12346=AXIS2_PLACEMENT_3D('',#12347,#12348,#12349);
#12347=CARTESIAN_POINT('',(2.22044604925031E-016,0.635000000000001,0.));
#12348=DIRECTION('',(0.,0.,1.));
#12349=DIRECTION('',(-0.739572481654976,-0.673076923076924,0.));
#12350=CARTESIAN_POINT('',(2.22044604925031E-016,0.375000000000001,0.375288711089173));
#12351=CARTESIAN_POINT('',(-0.175,0.442711154769708,-3.88578058618805E-016));
#12352=CARTESIAN_POINT('',(-0.126565980071666,0.398631876653978,0.10386709092441));
#12353=CARTESIAN_POINT('',(-0.0654892132005116,0.375000000000002,0.234846640161949));
#12354=CARTESIAN_POINT('',(1.74283379758285E-016,0.375000000000001,0.375288711089173));
#12355=CARTESIAN_POINT('',(0.175,0.442711154769707,8.69696088122577E-017));
#12356=CARTESIAN_POINT('',(2.06124196536116E-016,0.375000000000001,0.375288711089173));
#12357=CARTESIAN_POINT('',(0.0654892132005118,0.375000000000001,0.23484664016195));
#12358=CARTESIAN_POINT('',(0.126565980071666,0.398631876653978,0.103867090924411));
#12359=CARTESIAN_POINT('',(0.175,0.442711154769707,2.22044604925031E-016));
#12360=CARTESIAN_POINT('',(0.192288845230294,0.460000000000001,0.));
#12361=AXIS2_PLACEMENT_3D('',#12362,#12363,#12364);
#12362=CARTESIAN_POINT('',(2.22044604925031E-016,0.635000000000001,0.));
#12363=DIRECTION('',(0.,0.,1.));
#12364=DIRECTION('',(0.673076923076923,-0.739572481654978,0.));
#12365=CARTESIAN_POINT('',(0.192288845230294,0.460000000000001,-3.33066907387547E-016));
#12366=CARTESIAN_POINT('',(0.236368123346023,0.508434019928335,0.10386709092441));
#12367=CARTESIAN_POINT('',(0.26,0.569510786799489,0.234846640161949));
#12368=CARTESIAN_POINT('',(0.26,0.635000000000001,0.375288711089172));
#12369=CARTESIAN_POINT('',(0.29,0.635000000000001,3.3));
#12370=AXIS2_PLACEMENT_3D('',#12371,#12372,#12373);
#12371=CARTESIAN_POINT('',(2.22044604925031E-016,0.635000000000001,3.3));
#12372=DIRECTION('',(0.,0.,1.));
#12373=DIRECTION('',(1.,0.,0.));
#12374=CARTESIAN_POINT('',(2.20096064926525E-016,0.635000000000001,0.375288711089173));
#12375=CARTESIAN_POINT('',(0.175,0.810000000000001,-6.74283722850509E-018));
#12376=CARTESIAN_POINT('',(1.66533453693773E-016,0.635000000000001,0.375288711089173));
#12377=VECTOR('',#12378,1.);
#12378=DIRECTION('',(0.389281620635025,0.389281620635025,-0.834817129478988));
#12379=CARTESIAN_POINT('',(0.192288845230294,0.810000000000001,0.));
#12380=VECTOR('',#12381,1.);
#12381=DIRECTION('',(-1.,0.,0.));
#12382=CARTESIAN_POINT('',(2.77555756156289E-016,0.635000000000001,0.375288711089173));
#12383=VECTOR('',#12384,1.);
#12384=DIRECTION('',(1.,0.,2.1350442781253E-016));
#12385=CARTESIAN_POINT('',(0.175,0.810000000000001,0.));
#12386=VECTOR('',#12387,1.);
#12387=DIRECTION('',(0.,1.,0.));
#12388=CARTESIAN_POINT('',(2.4980018054066E-016,0.895000000000001,0.375288711089173));
#12389=VECTOR('',#12390,1.);
#12390=DIRECTION('',(0.,-1.,0.));
#12391=CARTESIAN_POINT('',(-0.175,0.810000000000001,-2.63850152419764E-018));
#12392=CARTESIAN_POINT('',(-0.175,0.810000000000001,-5.03101886282581E-017));
#12393=VECTOR('',#12394,1.);
#12394=DIRECTION('',(0.389281620635025,-0.389281620635025,0.834817129478988));
#12395=CARTESIAN_POINT('',(-0.175,0.827288845230296,0.));
#12396=VECTOR('',#12397,1.);
#12397=DIRECTION('',(0.,-1.,0.));
#12398=CARTESIAN_POINT('',(-0.175,0.810000000000001,0.));
#12399=VECTOR('',#12400,1.);
#12400=DIRECTION('',(-1.,0.,0.));
#12401=CARTESIAN_POINT('',(-0.26,0.635000000000001,0.375288711089173));
#12402=VECTOR('',#12403,1.);
#12403=DIRECTION('',(1.,0.,0.));
#12404=CARTESIAN_POINT('',(-0.175,0.460000000000001,2.77555756156289E-017));
#12405=CARTESIAN_POINT('',(2.22044604925031E-016,0.635000000000001,0.375288711089173));
#12406=VECTOR('',#12407,1.);
#12407=DIRECTION('',(-0.389281620635025,-0.389281620635025,-0.834817129478988));
#12408=CARTESIAN_POINT('',(-0.192288845230294,0.460000000000001,0.));
#12409=VECTOR('',#12410,1.);
#12410=DIRECTION('',(1.,0.,0.));
#12411=CARTESIAN_POINT('',(-0.175,0.460000000000001,0.));
#12412=VECTOR('',#12413,1.);
#12413=DIRECTION('',(0.,-1.,0.));
#12414=CARTESIAN_POINT('',(2.4980018054066E-016,0.635000000000001,0.375288711089173));
#12415=VECTOR('',#12416,1.);
#12416=DIRECTION('',(-1.06752213906265E-016,-1.,2.1350442781253E-016));
#12417=CARTESIAN_POINT('',(0.175,0.460000000000001,2.77555756156289E-017));
#12418=CARTESIAN_POINT('',(0.175,0.460000000000001,5.55111512312578E-017));
#12419=VECTOR('',#12420,1.);
#12420=DIRECTION('',(-0.389281620635025,0.389281620635025,0.834817129478988));
#12421=CARTESIAN_POINT('',(0.175,0.442711154769707,0.));
#12422=VECTOR('',#12423,1.);
#12423=DIRECTION('',(0.,1.,0.));
#12424=CARTESIAN_POINT('',(0.175,0.460000000000001,0.));
#12425=VECTOR('',#12426,1.);
#12426=DIRECTION('',(1.,0.,0.));
#12427=CARTESIAN_POINT('',(0.35,0.635000000000001,16.2));
#12428=AXIS2_PLACEMENT_3D('',#12429,#12430,#12431);
#12429=CARTESIAN_POINT('',(2.22044604925031E-016,0.635000000000001,16.2));
#12430=DIRECTION('',(0.,0.,1.));
#12431=DIRECTION('',(1.,0.,0.));
#12432=CARTESIAN_POINT('',(0.35,0.635000000000001,3.45));
#12433=AXIS2_PLACEMENT_3D('',#12434,#12435,#12436);
#12434=CARTESIAN_POINT('',(2.22044604925031E-016,0.635000000000001,3.45));
#12435=DIRECTION('',(0.,0.,1.));
#12436=DIRECTION('',(1.,0.,0.));
#12437=CARTESIAN_POINT('',(0.149999999999998,0.635000000000001,16.4));
#12438=AXIS2_PLACEMENT_3D('',#12439,#12440,#12441);
#12439=CARTESIAN_POINT('',(2.22044604925031E-016,0.635000000000001,16.4));
#12440=DIRECTION('',(0.,0.,1.));
#12441=DIRECTION('',(1.,0.,0.));
#12442=CARTESIAN_POINT('',(1.53,-0.634999999999999,3.3));
#12443=AXIS2_PLACEMENT_3D('',#12444,#12445,#12446);
#12444=CARTESIAN_POINT('',(1.27,-0.634999999999999,3.3));
#12445=DIRECTION('',(0.,0.,1.));
#12446=DIRECTION('',(1.,0.,0.));
#12447=CARTESIAN_POINT('',(1.53,-0.634999999999999,0.375288711089172));
#12448=CARTESIAN_POINT('',(1.46228884523029,-0.459999999999999,-2.28835574940573E-017));
#12449=CARTESIAN_POINT('',(1.53,-0.634999999999999,0.375288711089173));
#12450=CARTESIAN_POINT('',(1.53,-0.569510786799487,0.234846640161949));
#12451=CARTESIAN_POINT('',(1.50636812334602,-0.508434019928333,0.103867090924411));
#12452=CARTESIAN_POINT('',(1.46228884523029,-0.459999999999999,0.));
#12453=CARTESIAN_POINT('',(1.445,-0.442711154769705,-7.17040422236618E-017));
#12454=AXIS2_PLACEMENT_3D('',#12455,#12456,#12457);
#12455=CARTESIAN_POINT('',(1.27,-0.634999999999999,0.));
#12456=DIRECTION('',(0.,0.,1.));
#12457=DIRECTION('',(0.739572481654978,0.673076923076922,0.));
#12458=CARTESIAN_POINT('',(1.27,-0.374999999999999,0.375288711089173));
#12459=CARTESIAN_POINT('',(1.445,-0.442711154769705,-2.22044604925031E-016));
#12460=CARTESIAN_POINT('',(1.39656598007167,-0.398631876653975,0.10386709092441));
#12461=CARTESIAN_POINT('',(1.33548921320051,-0.374999999999999,0.234846640161949));
#12462=CARTESIAN_POINT('',(1.27,-0.374999999999999,0.375288711089173));
#12463=CARTESIAN_POINT('',(1.095,-0.442711154769704,0.));
#12464=CARTESIAN_POINT('',(1.27,-0.374999999999999,0.375288711089173));
#12465=CARTESIAN_POINT('',(1.20451078679949,-0.374999999999999,0.23484664016195));
#12466=CARTESIAN_POINT('',(1.14343401992833,-0.398631876653975,0.103867090924411));
#12467=CARTESIAN_POINT('',(1.095,-0.442711154769704,1.11022302462516E-016));
#12468=CARTESIAN_POINT('',(1.07771115476971,-0.459999999999999,-4.00188987981422E-017));
#12469=AXIS2_PLACEMENT_3D('',#12470,#12471,#12472);
#12470=CARTESIAN_POINT('',(1.27,-0.634999999999999,0.));
#12471=DIRECTION('',(0.,0.,1.));
#12472=DIRECTION('',(-0.673076923076923,0.739572481654977,0.));
#12473=CARTESIAN_POINT('',(1.01,-0.634999999999999,0.375288711089173));
#12474=CARTESIAN_POINT('',(1.07771115476971,-0.459999999999999,-5.55111512312578E-017));
#12475=CARTESIAN_POINT('',(1.03363187665398,-0.508434019928333,0.103867090924411));
#12476=CARTESIAN_POINT('',(1.01,-0.569510786799487,0.234846640161949));
#12477=CARTESIAN_POINT('',(1.01,-0.634999999999998,0.375288711089173));
#12478=CARTESIAN_POINT('',(1.07771115476971,-0.809999999999999,0.));
#12479=CARTESIAN_POINT('',(1.01,-0.634999999999999,0.375288711089173));
#12480=CARTESIAN_POINT('',(1.01,-0.700489213200511,0.234846640161949));
#12481=CARTESIAN_POINT('',(1.03363187665398,-0.761565980071665,0.103867090924411));
#12482=CARTESIAN_POINT('',(1.07771115476971,-0.809999999999999,-1.66533453693773E-016));
#12483=CARTESIAN_POINT('',(1.095,-0.827288845230292,0.));
#12484=AXIS2_PLACEMENT_3D('',#12485,#12486,#12487);
#12485=CARTESIAN_POINT('',(1.27,-0.634999999999999,0.));
#12486=DIRECTION('',(0.,0.,1.));
#12487=DIRECTION('',(-0.739572481654977,-0.673076923076924,0.));
#12488=CARTESIAN_POINT('',(1.27,-0.894999999999999,0.375288711089173));
#12489=CARTESIAN_POINT('',(1.095,-0.827288845230292,-3.88578058618805E-016));
#12490=CARTESIAN_POINT('',(1.14343401992833,-0.871368123346022,0.10386709092441));
#12491=CARTESIAN_POINT('',(1.20451078679949,-0.894999999999998,0.234846640161949));
#12492=CARTESIAN_POINT('',(1.27,-0.894999999999999,0.375288711089173));
#12493=CARTESIAN_POINT('',(1.445,-0.827288845230293,8.69696088122577E-017));
#12494=CARTESIAN_POINT('',(1.27,-0.894999999999999,0.375288711089173));
#12495=CARTESIAN_POINT('',(1.33548921320051,-0.894999999999999,0.23484664016195));
#12496=CARTESIAN_POINT('',(1.39656598007167,-0.871368123346022,0.103867090924411));
#12497=CARTESIAN_POINT('',(1.445,-0.827288845230293,2.22044604925031E-016));
#12498=CARTESIAN_POINT('',(1.46228884523029,-0.809999999999999,0.));
#12499=AXIS2_PLACEMENT_3D('',#12500,#12501,#12502);
#12500=CARTESIAN_POINT('',(1.27,-0.634999999999999,0.));
#12501=DIRECTION('',(0.,0.,1.));
#12502=DIRECTION('',(0.673076923076922,-0.739572481654978,0.));
#12503=CARTESIAN_POINT('',(1.46228884523029,-0.809999999999999,-3.33066907387547E-016));
#12504=CARTESIAN_POINT('',(1.50636812334602,-0.761565980071665,0.10386709092441));
#12505=CARTESIAN_POINT('',(1.53,-0.700489213200511,0.234846640161949));
#12506=CARTESIAN_POINT('',(1.53,-0.634999999999999,0.375288711089172));
#12507=CARTESIAN_POINT('',(1.56,-0.634999999999999,3.3));
#12508=AXIS2_PLACEMENT_3D('',#12509,#12510,#12511);
#12509=CARTESIAN_POINT('',(1.27,-0.634999999999999,3.3));
#12510=DIRECTION('',(0.,0.,1.));
#12511=DIRECTION('',(1.,0.,0.));
#12512=CARTESIAN_POINT('',(1.27,-0.634999999999999,0.375288711089173));
#12513=CARTESIAN_POINT('',(1.445,-0.459999999999999,2.1504050240677E-018));
#12514=CARTESIAN_POINT('',(1.27,-0.634999999999999,0.375288711089173));
#12515=VECTOR('',#12516,1.);
#12516=DIRECTION('',(0.389281620635025,0.389281620635025,-0.834817129478988));
#12517=CARTESIAN_POINT('',(1.46228884523029,-0.459999999999999,0.));
#12518=VECTOR('',#12519,1.);
#12519=DIRECTION('',(-1.,0.,0.));
#12520=CARTESIAN_POINT('',(1.27,-0.634999999999999,0.375288711089173));
#12521=VECTOR('',#12522,1.);
#12522=DIRECTION('',(1.,0.,2.1350442781253E-016));
#12523=CARTESIAN_POINT('',(1.445,-0.459999999999999,0.));
#12524=VECTOR('',#12525,1.);
#12525=DIRECTION('',(0.,1.,0.));
#12526=CARTESIAN_POINT('',(1.27,-0.374999999999999,0.375288711089173));
#12527=VECTOR('',#12528,1.);
#12528=DIRECTION('',(0.,-1.,0.));
#12529=CARTESIAN_POINT('',(1.095,-0.459999999999999,-9.00741543809857E-019));
#12530=CARTESIAN_POINT('',(1.095,-0.459999999999999,0.));
#12531=VECTOR('',#12532,1.);
#12532=DIRECTION('',(0.389281620635025,-0.389281620635025,0.834817129478988));
#12533=CARTESIAN_POINT('',(1.095,-0.442711154769704,0.));
#12534=VECTOR('',#12535,1.);
#12535=DIRECTION('',(0.,-1.,0.));
#12536=CARTESIAN_POINT('',(1.095,-0.459999999999999,0.));
#12537=VECTOR('',#12538,1.);
#12538=DIRECTION('',(-1.,0.,0.));
#12539=CARTESIAN_POINT('',(1.01,-0.634999999999999,0.375288711089173));
#12540=VECTOR('',#12541,1.);
#12541=DIRECTION('',(1.,0.,0.));
#12542=CARTESIAN_POINT('',(1.095,-0.809999999999999,5.55111512312578E-017));
#12543=CARTESIAN_POINT('',(1.27,-0.634999999999999,0.375288711089173));
#12544=VECTOR('',#12545,1.);
#12545=DIRECTION('',(-0.389281620635025,-0.389281620635025,-0.834817129478988));
#12546=CARTESIAN_POINT('',(1.07771115476971,-0.809999999999999,0.));
#12547=VECTOR('',#12548,1.);
#12548=DIRECTION('',(1.,0.,0.));
#12549=CARTESIAN_POINT('',(1.095,-0.809999999999999,0.));
#12550=VECTOR('',#12551,1.);
#12551=DIRECTION('',(0.,-1.,0.));
#12552=CARTESIAN_POINT('',(1.27,-0.634999999999999,0.375288711089173));
#12553=VECTOR('',#12554,1.);
#12554=DIRECTION('',(0.,-1.,2.1350442781253E-016));
#12555=CARTESIAN_POINT('',(1.445,-0.809999999999999,2.77555756156289E-017));
#12556=CARTESIAN_POINT('',(1.445,-0.809999999999999,5.55111512312578E-017));
#12557=VECTOR('',#12558,1.);
#12558=DIRECTION('',(-0.389281620635025,0.389281620635025,0.834817129478988));
#12559=CARTESIAN_POINT('',(1.445,-0.827288845230293,0.));
#12560=VECTOR('',#12561,1.);
#12561=DIRECTION('',(0.,1.,0.));
#12562=CARTESIAN_POINT('',(1.445,-0.809999999999999,0.));
#12563=VECTOR('',#12564,1.);
#12564=DIRECTION('',(1.,0.,0.));
#12565=CARTESIAN_POINT('',(1.62,-0.634999999999999,3.45));
#12566=AXIS2_PLACEMENT_3D('',#12567,#12568,#12569);
#12567=CARTESIAN_POINT('',(1.27,-0.634999999999999,3.45));
#12568=DIRECTION('',(0.,0.,1.));
#12569=DIRECTION('',(1.,0.,0.));
#12570=CARTESIAN_POINT('',(1.62,-0.634999999999999,16.2));
#12571=AXIS2_PLACEMENT_3D('',#12572,#12573,#12574);
#12572=CARTESIAN_POINT('',(1.27,-0.634999999999999,16.2));
#12573=DIRECTION('',(0.,0.,1.));
#12574=DIRECTION('',(1.,0.,0.));
#12575=CARTESIAN_POINT('',(1.42,-0.634999999999999,16.4));
#12576=AXIS2_PLACEMENT_3D('',#12577,#12578,#12579);
#12577=CARTESIAN_POINT('',(1.27,-0.634999999999999,16.4));
#12578=DIRECTION('',(0.,0.,1.));
#12579=DIRECTION('',(1.,0.,0.));
#12580=CARTESIAN_POINT('',(0.26,-0.634999999999999,3.3));
#12581=AXIS2_PLACEMENT_3D('',#12582,#12583,#12584);
#12582=CARTESIAN_POINT('',(2.22044604925031E-016,-0.634999999999999,3.3));
#12583=DIRECTION('',(0.,0.,1.));
#12584=DIRECTION('',(1.,0.,0.));
#12585=CARTESIAN_POINT('',(0.26,-0.634999999999999,0.375288711089172));
#12586=CARTESIAN_POINT('',(0.192288845230294,-0.459999999999999,-2.28835574940573E-017));
#12587=CARTESIAN_POINT('',(0.26,-0.634999999999999,0.375288711089173));
#12588=CARTESIAN_POINT('',(0.26,-0.569510786799487,0.234846640161949));
#12589=CARTESIAN_POINT('',(0.236368123346023,-0.508434019928333,0.103867090924411));
#12590=CARTESIAN_POINT('',(0.192288845230294,-0.459999999999999,0.));
#12591=CARTESIAN_POINT('',(0.175,-0.442711154769704,0.));
#12592=AXIS2_PLACEMENT_3D('',#12593,#12594,#12595);
#12593=CARTESIAN_POINT('',(2.22044604925031E-016,-0.634999999999999,0.));
#12594=DIRECTION('',(0.,0.,1.));
#12595=DIRECTION('',(0.739572481654978,0.673076923076922,0.));
#12596=CARTESIAN_POINT('',(2.35922392732846E-016,-0.374999999999999,0.375288711089173));
#12597=CARTESIAN_POINT('',(0.175,-0.442711154769705,-2.22044604925031E-016));
#12598=CARTESIAN_POINT('',(0.126565980071666,-0.398631876653975,0.10386709092441));
#12599=CARTESIAN_POINT('',(0.0654892132005121,-0.374999999999999,0.234846640161949));
#12600=CARTESIAN_POINT('',(2.69805830091778E-016,-0.374999999999999,0.375288711089173));
#12601=CARTESIAN_POINT('',(-0.175,-0.442711154769704,0.));
#12602=CARTESIAN_POINT('',(2.37965013313947E-016,-0.374999999999999,0.375288711089173));
#12603=CARTESIAN_POINT('',(-0.0654892132005114,-0.374999999999999,0.23484664016195));
#12604=CARTESIAN_POINT('',(-0.126565980071665,-0.398631876653975,0.103867090924411));
#12605=CARTESIAN_POINT('',(-0.175,-0.442711154769704,1.11022302462516E-016));
#12606=CARTESIAN_POINT('',(-0.192288845230294,-0.459999999999998,-1.59776385218827E-016));
#12607=AXIS2_PLACEMENT_3D('',#12608,#12609,#12610);
#12608=CARTESIAN_POINT('',(2.22044604925031E-016,-0.634999999999999,0.));
#12609=DIRECTION('',(0.,0.,1.));
#12610=DIRECTION('',(-0.673076923076923,0.739572481654977,0.));
#12611=CARTESIAN_POINT('',(-0.26,-0.634999999999999,0.375288711089173));
#12612=CARTESIAN_POINT('',(-0.192288845230294,-0.459999999999998,-4.44089209850063E-016));
#12613=CARTESIAN_POINT('',(-0.236368123346023,-0.508434019928333,0.10386709092441));
#12614=CARTESIAN_POINT('',(-0.26,-0.569510786799487,0.234846640161949));
#12615=CARTESIAN_POINT('',(-0.26,-0.634999999999998,0.375288711089173));
#12616=CARTESIAN_POINT('',(-0.192288845230294,-0.809999999999999,0.));
#12617=CARTESIAN_POINT('',(-0.26,-0.634999999999999,0.375288711089173));
#12618=CARTESIAN_POINT('',(-0.26,-0.700489213200511,0.234846640161949));
#12619=CARTESIAN_POINT('',(-0.236368123346023,-0.761565980071665,0.103867090924411));
#12620=CARTESIAN_POINT('',(-0.192288845230294,-0.809999999999999,-1.66533453693773E-016));
#12621=CARTESIAN_POINT('',(-0.175,-0.827288845230293,0.));
#12622=AXIS2_PLACEMENT_3D('',#12623,#12624,#12625);
#12623=CARTESIAN_POINT('',(2.22044604925031E-016,-0.634999999999999,0.));
#12624=DIRECTION('',(0.,0.,1.));
#12625=DIRECTION('',(-0.739572481654977,-0.673076923076924,0.));
#12626=CARTESIAN_POINT('',(2.22044604925031E-016,-0.894999999999999,0.375288711089173));
#12627=CARTESIAN_POINT('',(-0.175,-0.827288845230292,-3.88578058618805E-016));
#12628=CARTESIAN_POINT('',(-0.126565980071666,-0.871368123346022,0.10386709092441));
#12629=CARTESIAN_POINT('',(-0.0654892132005116,-0.894999999999998,0.234846640161949));
#12630=CARTESIAN_POINT('',(1.74283379758285E-016,-0.894999999999999,0.375288711089173));
#12631=CARTESIAN_POINT('',(0.175,-0.827288845230293,0.));
#12632=CARTESIAN_POINT('',(2.06124196536116E-016,-0.894999999999999,0.375288711089173));
#12633=CARTESIAN_POINT('',(0.0654892132005118,-0.894999999999999,0.23484664016195));
#12634=CARTESIAN_POINT('',(0.126565980071666,-0.871368123346022,0.103867090924411));
#12635=CARTESIAN_POINT('',(0.175,-0.827288845230293,2.22044604925031E-016));
#12636=CARTESIAN_POINT('',(0.192288845230294,-0.809999999999999,0.));
#12637=AXIS2_PLACEMENT_3D('',#12638,#12639,#12640);
#12638=CARTESIAN_POINT('',(2.22044604925031E-016,-0.634999999999999,0.));
#12639=DIRECTION('',(0.,0.,1.));
#12640=DIRECTION('',(0.673076923076923,-0.739572481654977,0.));
#12641=CARTESIAN_POINT('',(0.192288845230294,-0.809999999999999,-3.33066907387547E-016));
#12642=CARTESIAN_POINT('',(0.236368123346023,-0.761565980071665,0.10386709092441));
#12643=CARTESIAN_POINT('',(0.26,-0.700489213200511,0.234846640161949));
#12644=CARTESIAN_POINT('',(0.26,-0.634999999999999,0.375288711089172));
#12645=CARTESIAN_POINT('',(0.29,-0.634999999999999,3.3));
#12646=AXIS2_PLACEMENT_3D('',#12647,#12648,#12649);
#12647=CARTESIAN_POINT('',(2.22044604925031E-016,-0.634999999999999,3.3));
#12648=DIRECTION('',(0.,0.,1.));
#12649=DIRECTION('',(1.,0.,0.));
#12650=CARTESIAN_POINT('',(1.92340489310896E-016,-0.634999999999999,0.375288711089173));
#12651=CARTESIAN_POINT('',(0.175,-0.459999999999999,2.1504050240677E-018));
#12652=CARTESIAN_POINT('',(1.66533453693773E-016,-0.634999999999999,0.375288711089173));
#12653=VECTOR('',#12654,1.);
#12654=DIRECTION('',(0.389281620635025,0.389281620635025,-0.834817129478988));
#12655=CARTESIAN_POINT('',(0.192288845230294,-0.459999999999999,0.));
#12656=VECTOR('',#12657,1.);
#12657=DIRECTION('',(-1.,0.,0.));
#12658=CARTESIAN_POINT('',(1.66533453693773E-016,-0.634999999999999,0.375288711089173));
#12659=VECTOR('',#12660,1.);
#12660=DIRECTION('',(1.,0.,0.));
#12661=CARTESIAN_POINT('',(0.175,-0.459999999999999,0.));
#12662=VECTOR('',#12663,1.);
#12663=DIRECTION('',(0.,1.,0.));
#12664=CARTESIAN_POINT('',(2.4980018054066E-016,-0.374999999999999,0.375288711089173));
#12665=VECTOR('',#12666,1.);
#12666=DIRECTION('',(0.,-1.,0.));
#12667=CARTESIAN_POINT('',(-0.175,-0.459999999999999,-9.00741543809858E-019));
#12668=CARTESIAN_POINT('',(-0.175,-0.442711154769704,0.));
#12669=VECTOR('',#12670,1.);
#12670=DIRECTION('',(0.,-1.,0.));
#12671=CARTESIAN_POINT('',(-0.175,-0.459999999999999,-5.03101886282581E-017));
#12672=VECTOR('',#12673,1.);
#12673=DIRECTION('',(0.389281620635025,-0.389281620635025,0.834817129478988));
#12674=CARTESIAN_POINT('',(-0.175,-0.459999999999999,0.));
#12675=VECTOR('',#12676,1.);
#12676=DIRECTION('',(-1.,0.,0.));
#12677=CARTESIAN_POINT('',(-0.26,-0.634999999999999,0.375288711089173));
#12678=VECTOR('',#12679,1.);
#12679=DIRECTION('',(1.,0.,2.1350442781253E-016));
#12680=CARTESIAN_POINT('',(-0.175,-0.809999999999999,2.77555756156289E-017));
#12681=CARTESIAN_POINT('',(2.22044604925031E-016,-0.634999999999999,0.375288711089173));
#12682=VECTOR('',#12683,1.);
#12683=DIRECTION('',(-0.389281620635025,-0.389281620635025,-0.834817129478988));
#12684=CARTESIAN_POINT('',(-0.192288845230294,-0.809999999999999,0.));
#12685=VECTOR('',#12686,1.);
#12686=DIRECTION('',(1.,0.,0.));
#12687=CARTESIAN_POINT('',(-0.175,-0.809999999999999,0.));
#12688=VECTOR('',#12689,1.);
#12689=DIRECTION('',(0.,-1.,0.));
#12690=CARTESIAN_POINT('',(2.4980018054066E-016,-0.634999999999999,0.375288711089173));
#12691=VECTOR('',#12692,1.);
#12692=DIRECTION('',(-1.06752213906265E-016,-1.,2.1350442781253E-016));
#12693=CARTESIAN_POINT('',(0.175,-0.809999999999999,2.77555756156289E-017));
#12694=CARTESIAN_POINT('',(0.175,-0.827288845230293,0.));
#12695=VECTOR('',#12696,1.);
#12696=DIRECTION('',(0.,1.,0.));
#12697=CARTESIAN_POINT('',(0.175,-0.809999999999999,5.55111512312578E-017));
#12698=VECTOR('',#12699,1.);
#12699=DIRECTION('',(-0.389281620635025,0.389281620635025,0.834817129478988));
#12700=CARTESIAN_POINT('',(0.175,-0.809999999999999,0.));
#12701=VECTOR('',#12702,1.);
#12702=DIRECTION('',(1.,0.,0.));
#12703=CARTESIAN_POINT('',(0.35,-0.634999999999999,3.45));
#12704=AXIS2_PLACEMENT_3D('',#12705,#12706,#12707);
#12705=CARTESIAN_POINT('',(2.22044604925031E-016,-0.634999999999999,3.45));
#12706=DIRECTION('',(0.,0.,1.));
#12707=DIRECTION('',(1.,0.,0.));
#12708=CARTESIAN_POINT('',(0.35,-0.634999999999999,16.2));
#12709=AXIS2_PLACEMENT_3D('',#12710,#12711,#12712);
#12710=CARTESIAN_POINT('',(2.22044604925031E-016,-0.634999999999999,16.2));
#12711=DIRECTION('',(0.,0.,1.));
#12712=DIRECTION('',(1.,0.,0.));
#12713=CARTESIAN_POINT('',(0.149999999999998,-0.634999999999999,16.4));
#12714=AXIS2_PLACEMENT_3D('',#12715,#12716,#12717);
#12715=CARTESIAN_POINT('',(2.22044604925031E-016,-0.634999999999999,16.4));
#12716=DIRECTION('',(0.,0.,1.));
#12717=DIRECTION('',(1.,0.,0.));
#12718=CARTESIAN_POINT('',(-1.01,0.635000000000001,3.3));
#12719=AXIS2_PLACEMENT_3D('',#12720,#12721,#12722);
#12720=CARTESIAN_POINT('',(-1.27,0.635000000000001,3.3));
#12721=DIRECTION('',(0.,0.,1.));
#12722=DIRECTION('',(1.,0.,0.));
#12723=CARTESIAN_POINT('',(-1.01,0.635000000000001,0.375288711089172));
#12724=CARTESIAN_POINT('',(-1.07771115476971,0.810000000000001,-2.59657906502025E-017));
#12725=CARTESIAN_POINT('',(-1.01,0.635000000000001,0.375288711089173));
#12726=CARTESIAN_POINT('',(-1.01,0.700489213200513,0.234846640161949));
#12727=CARTESIAN_POINT('',(-1.03363187665398,0.761565980071667,0.103867090924411));
#12728=CARTESIAN_POINT('',(-1.07771115476971,0.810000000000001,0.));
#12729=CARTESIAN_POINT('',(-1.095,0.827288845230296,0.));
#12730=AXIS2_PLACEMENT_3D('',#12731,#12732,#12733);
#12731=CARTESIAN_POINT('',(-1.27,0.635000000000001,0.));
#12732=DIRECTION('',(0.,0.,1.));
#12733=DIRECTION('',(0.739572481654978,0.673076923076922,0.));
#12734=CARTESIAN_POINT('',(-1.27,0.895000000000001,0.375288711089173));
#12735=CARTESIAN_POINT('',(-1.095,0.827288845230295,-2.22044604925031E-016));
#12736=CARTESIAN_POINT('',(-1.14343401992833,0.871368123346025,0.10386709092441));
#12737=CARTESIAN_POINT('',(-1.20451078679949,0.895000000000001,0.234846640161949));
#12738=CARTESIAN_POINT('',(-1.27,0.895000000000001,0.375288711089173));
#12739=CARTESIAN_POINT('',(-1.445,0.827288845230296,0.));
#12740=CARTESIAN_POINT('',(-1.27,0.895000000000001,0.375288711089173));
#12741=CARTESIAN_POINT('',(-1.33548921320051,0.895000000000001,0.23484664016195));
#12742=CARTESIAN_POINT('',(-1.39656598007167,0.871368123346025,0.103867090924411));
#12743=CARTESIAN_POINT('',(-1.445,0.827288845230296,1.11022302462516E-016));
#12744=CARTESIAN_POINT('',(-1.46228884523029,0.810000000000001,-4.04803330529839E-017));
#12745=AXIS2_PLACEMENT_3D('',#12746,#12747,#12748);
#12746=CARTESIAN_POINT('',(-1.27,0.635000000000001,0.));
#12747=DIRECTION('',(0.,0.,1.));
#12748=DIRECTION('',(-0.673076923076923,0.739572481654977,0.));
#12749=CARTESIAN_POINT('',(-1.53,0.635000000000001,0.375288711089173));
#12750=CARTESIAN_POINT('',(-1.46228884523029,0.810000000000001,-5.55111512312578E-017));
#12751=CARTESIAN_POINT('',(-1.50636812334602,0.761565980071667,0.103867090924411));
#12752=CARTESIAN_POINT('',(-1.53,0.700489213200513,0.234846640161949));
#12753=CARTESIAN_POINT('',(-1.53,0.635000000000002,0.375288711089173));
#12754=CARTESIAN_POINT('',(-1.46228884523029,0.460000000000002,0.));
#12755=CARTESIAN_POINT('',(-1.53,0.635000000000001,0.375288711089173));
#12756=CARTESIAN_POINT('',(-1.53,0.56951078679949,0.23484664016195));
#12757=CARTESIAN_POINT('',(-1.50636812334602,0.508434019928336,0.103867090924411));
#12758=CARTESIAN_POINT('',(-1.46228884523029,0.460000000000002,4.9960036108132E-016));
#12759=CARTESIAN_POINT('',(-1.445,0.442711154769708,0.));
#12760=AXIS2_PLACEMENT_3D('',#12761,#12762,#12763);
#12761=CARTESIAN_POINT('',(-1.27,0.635000000000001,0.));
#12762=DIRECTION('',(0.,0.,1.));
#12763=DIRECTION('',(-0.739572481654978,-0.673076923076923,0.));
#12764=CARTESIAN_POINT('',(-1.27,0.375000000000001,0.375288711089173));
#12765=CARTESIAN_POINT('',(-1.445,0.442711154769708,-3.88578058618805E-016));
#12766=CARTESIAN_POINT('',(-1.39656598007167,0.398631876653978,0.10386709092441));
#12767=CARTESIAN_POINT('',(-1.33548921320051,0.375000000000002,0.234846640161949));
#12768=CARTESIAN_POINT('',(-1.27,0.375000000000001,0.375288711089173));
#12769=CARTESIAN_POINT('',(-1.095,0.442711154769707,8.69696088122577E-017));
#12770=CARTESIAN_POINT('',(-1.27,0.375000000000001,0.375288711089173));
#12771=CARTESIAN_POINT('',(-1.20451078679949,0.375000000000001,0.23484664016195));
#12772=CARTESIAN_POINT('',(-1.14343401992833,0.398631876653978,0.103867090924411));
#12773=CARTESIAN_POINT('',(-1.095,0.442711154769707,2.22044604925031E-016));
#12774=CARTESIAN_POINT('',(-1.07771115476971,0.460000000000001,0.));
#12775=AXIS2_PLACEMENT_3D('',#12776,#12777,#12778);
#12776=CARTESIAN_POINT('',(-1.27,0.635000000000001,0.));
#12777=DIRECTION('',(0.,0.,1.));
#12778=DIRECTION('',(0.673076923076922,-0.739572481654978,0.));
#12779=CARTESIAN_POINT('',(-1.07771115476971,0.460000000000001,-3.33066907387547E-016));
#12780=CARTESIAN_POINT('',(-1.03363187665398,0.508434019928335,0.10386709092441));
#12781=CARTESIAN_POINT('',(-1.01,0.569510786799489,0.234846640161949));
#12782=CARTESIAN_POINT('',(-1.01,0.635000000000001,0.375288711089172));
#12783=CARTESIAN_POINT('',(-0.98,0.635000000000001,3.3));
#12784=AXIS2_PLACEMENT_3D('',#12785,#12786,#12787);
#12785=CARTESIAN_POINT('',(-1.27,0.635000000000001,3.3));
#12786=DIRECTION('',(0.,0.,1.));
#12787=DIRECTION('',(1.,0.,0.));
#12788=CARTESIAN_POINT('',(-1.27,0.635000000000001,0.375288711089173));
#12789=CARTESIAN_POINT('',(-1.095,0.810000000000001,-6.74283722850509E-018));
#12790=CARTESIAN_POINT('',(-1.27,0.635000000000001,0.375288711089173));
#12791=VECTOR('',#12792,1.);
#12792=DIRECTION('',(0.389281620635025,0.389281620635025,-0.834817129478988));
#12793=CARTESIAN_POINT('',(-1.07771115476971,0.810000000000001,0.));
#12794=VECTOR('',#12795,1.);
#12795=DIRECTION('',(-1.,0.,0.));
#12796=CARTESIAN_POINT('',(-1.27,0.635000000000001,0.375288711089173));
#12797=VECTOR('',#12798,1.);
#12798=DIRECTION('',(1.,0.,-2.1350442781253E-016));
#12799=CARTESIAN_POINT('',(-1.095,0.810000000000001,0.));
#12800=VECTOR('',#12801,1.);
#12801=DIRECTION('',(0.,1.,0.));
#12802=CARTESIAN_POINT('',(-1.27,0.895000000000001,0.375288711089173));
#12803=VECTOR('',#12804,1.);
#12804=DIRECTION('',(0.,-1.,0.));
#12805=CARTESIAN_POINT('',(-1.445,0.810000000000001,-2.63850152419764E-018));
#12806=CARTESIAN_POINT('',(-1.445,0.827288845230296,0.));
#12807=VECTOR('',#12808,1.);
#12808=DIRECTION('',(0.,-1.,0.));
#12809=CARTESIAN_POINT('',(-1.445,0.810000000000001,0.));
#12810=VECTOR('',#12811,1.);
#12811=DIRECTION('',(0.389281620635025,-0.389281620635025,0.834817129478988));
#12812=CARTESIAN_POINT('',(-1.445,0.810000000000001,0.));
#12813=VECTOR('',#12814,1.);
#12814=DIRECTION('',(-1.,0.,0.));
#12815=CARTESIAN_POINT('',(-1.53,0.635000000000001,0.375288711089173));
#12816=VECTOR('',#12817,1.);
#12817=DIRECTION('',(1.,0.,0.));
#12818=CARTESIAN_POINT('',(-1.445,0.460000000000001,2.77555756156289E-017));
#12819=CARTESIAN_POINT('',(-1.27,0.635000000000001,0.375288711089173));
#12820=VECTOR('',#12821,1.);
#12821=DIRECTION('',(-0.389281620635025,-0.389281620635025,-0.834817129478988));
#12822=CARTESIAN_POINT('',(-1.46228884523029,0.460000000000001,0.));
#12823=VECTOR('',#12824,1.);
#12824=DIRECTION('',(1.,0.,0.));
#12825=CARTESIAN_POINT('',(-1.445,0.460000000000002,0.));
#12826=VECTOR('',#12827,1.);
#12827=DIRECTION('',(0.,-1.,0.));
#12828=CARTESIAN_POINT('',(-1.27,0.635000000000001,0.375288711089173));
#12829=VECTOR('',#12830,1.);
#12830=DIRECTION('',(0.,-1.,2.1350442781253E-016));
#12831=CARTESIAN_POINT('',(-1.095,0.460000000000001,2.77555756156289E-017));
#12832=CARTESIAN_POINT('',(-1.095,0.460000000000001,5.55111512312578E-017));
#12833=VECTOR('',#12834,1.);
#12834=DIRECTION('',(-0.389281620635025,0.389281620635025,0.834817129478988));
#12835=CARTESIAN_POINT('',(-1.095,0.442711154769707,0.));
#12836=VECTOR('',#12837,1.);
#12837=DIRECTION('',(0.,1.,0.));
#12838=CARTESIAN_POINT('',(-1.095,0.460000000000001,0.));
#12839=VECTOR('',#12840,1.);
#12840=DIRECTION('',(1.,0.,0.));
#12841=CARTESIAN_POINT('',(-0.92,0.635000000000001,3.45));
#12842=AXIS2_PLACEMENT_3D('',#12843,#12844,#12845);
#12843=CARTESIAN_POINT('',(-1.27,0.635000000000001,3.45));
#12844=DIRECTION('',(0.,0.,1.));
#12845=DIRECTION('',(1.,0.,0.));
#12846=CARTESIAN_POINT('',(-0.92,0.635000000000001,16.2));
#12847=AXIS2_PLACEMENT_3D('',#12848,#12849,#12850);
#12848=CARTESIAN_POINT('',(-1.27,0.635000000000001,16.2));
#12849=DIRECTION('',(0.,0.,1.));
#12850=DIRECTION('',(1.,0.,0.));
#12851=CARTESIAN_POINT('',(-1.12,0.635000000000001,16.4));
#12852=AXIS2_PLACEMENT_3D('',#12853,#12854,#12855);
#12853=CARTESIAN_POINT('',(-1.27,0.635000000000001,16.4));
#12854=DIRECTION('',(0.,0.,1.));
#12855=DIRECTION('',(1.,0.,0.));
#12856=CARTESIAN_POINT('',(1.53,0.635000000000001,3.3));
#12857=AXIS2_PLACEMENT_3D('',#12858,#12859,#12860);
#12858=CARTESIAN_POINT('',(1.27,0.635000000000001,3.3));
#12859=DIRECTION('',(0.,0.,1.));
#12860=DIRECTION('',(1.,0.,0.));
#12861=CARTESIAN_POINT('',(1.53,0.635000000000001,0.375288711089172));
#12862=CARTESIAN_POINT('',(1.46228884523029,0.810000000000001,-2.59657906502025E-017));
#12863=CARTESIAN_POINT('',(1.53,0.635000000000001,0.375288711089173));
#12864=CARTESIAN_POINT('',(1.53,0.700489213200513,0.234846640161949));
#12865=CARTESIAN_POINT('',(1.50636812334602,0.761565980071667,0.103867090924411));
#12866=CARTESIAN_POINT('',(1.46228884523029,0.810000000000001,0.));
#12867=CARTESIAN_POINT('',(1.445,0.827288845230296,0.));
#12868=AXIS2_PLACEMENT_3D('',#12869,#12870,#12871);
#12869=CARTESIAN_POINT('',(1.27,0.635000000000001,0.));
#12870=DIRECTION('',(0.,0.,1.));
#12871=DIRECTION('',(0.739572481654978,0.673076923076922,0.));
#12872=CARTESIAN_POINT('',(1.27,0.895000000000001,0.375288711089173));
#12873=CARTESIAN_POINT('',(1.445,0.827288845230295,-2.22044604925031E-016));
#12874=CARTESIAN_POINT('',(1.39656598007167,0.871368123346025,0.10386709092441));
#12875=CARTESIAN_POINT('',(1.33548921320051,0.895000000000001,0.234846640161949));
#12876=CARTESIAN_POINT('',(1.27,0.895000000000001,0.375288711089173));
#12877=CARTESIAN_POINT('',(1.095,0.827288845230296,0.));
#12878=CARTESIAN_POINT('',(1.27,0.895000000000001,0.375288711089173));
#12879=CARTESIAN_POINT('',(1.20451078679949,0.895000000000001,0.23484664016195));
#12880=CARTESIAN_POINT('',(1.14343401992833,0.871368123346025,0.103867090924411));
#12881=CARTESIAN_POINT('',(1.095,0.827288845230296,1.11022302462516E-016));
#12882=CARTESIAN_POINT('',(1.07771115476971,0.810000000000001,-4.04803330529839E-017));
#12883=AXIS2_PLACEMENT_3D('',#12884,#12885,#12886);
#12884=CARTESIAN_POINT('',(1.27,0.635000000000001,0.));
#12885=DIRECTION('',(0.,0.,1.));
#12886=DIRECTION('',(-0.673076923076923,0.739572481654977,0.));
#12887=CARTESIAN_POINT('',(1.01,0.635000000000001,0.375288711089173));
#12888=CARTESIAN_POINT('',(1.07771115476971,0.810000000000001,-5.55111512312578E-017));
#12889=CARTESIAN_POINT('',(1.03363187665398,0.761565980071667,0.103867090924411));
#12890=CARTESIAN_POINT('',(1.01,0.700489213200513,0.234846640161949));
#12891=CARTESIAN_POINT('',(1.01,0.635000000000002,0.375288711089173));
#12892=CARTESIAN_POINT('',(1.07771115476971,0.460000000000001,0.));
#12893=CARTESIAN_POINT('',(1.01,0.635000000000001,0.375288711089173));
#12894=CARTESIAN_POINT('',(1.01,0.56951078679949,0.234846640161949));
#12895=CARTESIAN_POINT('',(1.03363187665398,0.508434019928335,0.103867090924411));
#12896=CARTESIAN_POINT('',(1.07771115476971,0.460000000000001,-1.66533453693773E-016));
#12897=CARTESIAN_POINT('',(1.095,0.442711154769708,0.));
#12898=AXIS2_PLACEMENT_3D('',#12899,#12900,#12901);
#12899=CARTESIAN_POINT('',(1.27,0.635000000000001,0.));
#12900=DIRECTION('',(0.,0.,1.));
#12901=DIRECTION('',(-0.739572481654977,-0.673076923076924,0.));
#12902=CARTESIAN_POINT('',(1.27,0.375000000000001,0.375288711089173));
#12903=CARTESIAN_POINT('',(1.095,0.442711154769708,-3.88578058618805E-016));
#12904=CARTESIAN_POINT('',(1.14343401992833,0.398631876653978,0.10386709092441));
#12905=CARTESIAN_POINT('',(1.20451078679949,0.375000000000002,0.234846640161949));
#12906=CARTESIAN_POINT('',(1.27,0.375000000000001,0.375288711089173));
#12907=CARTESIAN_POINT('',(1.445,0.442711154769707,8.69696088122577E-017));
#12908=CARTESIAN_POINT('',(1.27,0.375000000000001,0.375288711089173));
#12909=CARTESIAN_POINT('',(1.33548921320051,0.375000000000001,0.23484664016195));
#12910=CARTESIAN_POINT('',(1.39656598007167,0.398631876653978,0.103867090924411));
#12911=CARTESIAN_POINT('',(1.445,0.442711154769707,2.22044604925031E-016));
#12912=CARTESIAN_POINT('',(1.46228884523029,0.460000000000001,0.));
#12913=AXIS2_PLACEMENT_3D('',#12914,#12915,#12916);
#12914=CARTESIAN_POINT('',(1.27,0.635000000000001,0.));
#12915=DIRECTION('',(0.,0.,1.));
#12916=DIRECTION('',(0.673076923076922,-0.739572481654978,0.));
#12917=CARTESIAN_POINT('',(1.46228884523029,0.460000000000001,-3.33066907387547E-016));
#12918=CARTESIAN_POINT('',(1.50636812334602,0.508434019928335,0.10386709092441));
#12919=CARTESIAN_POINT('',(1.53,0.569510786799489,0.234846640161949));
#12920=CARTESIAN_POINT('',(1.53,0.635000000000001,0.375288711089172));
#12921=CARTESIAN_POINT('',(1.56,0.635000000000001,3.3));
#12922=AXIS2_PLACEMENT_3D('',#12923,#12924,#12925);
#12923=CARTESIAN_POINT('',(1.27,0.635000000000001,3.3));
#12924=DIRECTION('',(0.,0.,1.));
#12925=DIRECTION('',(1.,0.,0.));
#12926=CARTESIAN_POINT('',(1.27,0.635000000000001,0.375288711089173));
#12927=CARTESIAN_POINT('',(1.445,0.810000000000001,-6.74283722850509E-018));
#12928=CARTESIAN_POINT('',(1.27,0.635000000000001,0.375288711089173));
#12929=VECTOR('',#12930,1.);
#12930=DIRECTION('',(0.389281620635025,0.389281620635025,-0.834817129478988));
#12931=CARTESIAN_POINT('',(1.46228884523029,0.810000000000001,0.));
#12932=VECTOR('',#12933,1.);
#12933=DIRECTION('',(-1.,0.,0.));
#12934=CARTESIAN_POINT('',(1.27,0.635000000000001,0.375288711089173));
#12935=VECTOR('',#12936,1.);
#12936=DIRECTION('',(1.,0.,0.));
#12937=CARTESIAN_POINT('',(1.445,0.810000000000001,0.));
#12938=VECTOR('',#12939,1.);
#12939=DIRECTION('',(0.,1.,0.));
#12940=CARTESIAN_POINT('',(1.27,0.895000000000001,0.375288711089173));
#12941=VECTOR('',#12942,1.);
#12942=DIRECTION('',(0.,-1.,0.));
#12943=CARTESIAN_POINT('',(1.095,0.810000000000001,-2.63850152419764E-018));
#12944=CARTESIAN_POINT('',(1.095,0.827288845230296,0.));
#12945=VECTOR('',#12946,1.);
#12946=DIRECTION('',(0.,-1.,0.));
#12947=CARTESIAN_POINT('',(1.095,0.810000000000001,0.));
#12948=VECTOR('',#12949,1.);
#12949=DIRECTION('',(0.389281620635025,-0.389281620635025,0.834817129478988));
#12950=CARTESIAN_POINT('',(1.095,0.810000000000001,0.));
#12951=VECTOR('',#12952,1.);
#12952=DIRECTION('',(-1.,0.,0.));
#12953=CARTESIAN_POINT('',(1.01,0.635000000000001,0.375288711089173));
#12954=VECTOR('',#12955,1.);
#12955=DIRECTION('',(1.,0.,2.1350442781253E-016));
#12956=CARTESIAN_POINT('',(1.095,0.460000000000001,5.55111512312578E-017));
#12957=CARTESIAN_POINT('',(1.27,0.635000000000001,0.375288711089173));
#12958=VECTOR('',#12959,1.);
#12959=DIRECTION('',(-0.389281620635025,-0.389281620635025,-0.834817129478988));
#12960=CARTESIAN_POINT('',(1.07771115476971,0.460000000000001,0.));
#12961=VECTOR('',#12962,1.);
#12962=DIRECTION('',(1.,0.,0.));
#12963=CARTESIAN_POINT('',(1.095,0.460000000000001,0.));
#12964=VECTOR('',#12965,1.);
#12965=DIRECTION('',(0.,-1.,0.));
#12966=CARTESIAN_POINT('',(1.27,0.635000000000001,0.375288711089173));
#12967=VECTOR('',#12968,1.);
#12968=DIRECTION('',(0.,-1.,2.1350442781253E-016));
#12969=CARTESIAN_POINT('',(1.445,0.460000000000001,2.77555756156289E-017));
#12970=CARTESIAN_POINT('',(1.445,0.460000000000001,5.55111512312578E-017));
#12971=VECTOR('',#12972,1.);
#12972=DIRECTION('',(-0.389281620635025,0.389281620635025,0.834817129478988));
#12973=CARTESIAN_POINT('',(1.445,0.442711154769707,0.));
#12974=VECTOR('',#12975,1.);
#12975=DIRECTION('',(0.,1.,0.));
#12976=CARTESIAN_POINT('',(1.445,0.460000000000001,0.));
#12977=VECTOR('',#12978,1.);
#12978=DIRECTION('',(1.,0.,0.));
#12979=CARTESIAN_POINT('',(1.62,0.635000000000001,3.45));
#12980=AXIS2_PLACEMENT_3D('',#12981,#12982,#12983);
#12981=CARTESIAN_POINT('',(1.27,0.635000000000001,3.45));
#12982=DIRECTION('',(0.,0.,1.));
#12983=DIRECTION('',(1.,0.,0.));
#12984=CARTESIAN_POINT('',(1.62,0.635000000000001,16.2));
#12985=AXIS2_PLACEMENT_3D('',#12986,#12987,#12988);
#12986=CARTESIAN_POINT('',(1.27,0.635000000000001,16.2));
#12987=DIRECTION('',(0.,0.,1.));
#12988=DIRECTION('',(1.,0.,0.));
#12989=CARTESIAN_POINT('',(1.42,0.635000000000001,16.4));
#12990=AXIS2_PLACEMENT_3D('',#12991,#12992,#12993);
#12991=CARTESIAN_POINT('',(1.27,0.635000000000001,16.4));
#12992=DIRECTION('',(0.,0.,1.));
#12993=DIRECTION('',(1.,0.,0.));
#12994=CARTESIAN_POINT('',(-1.12,-0.634999999999999,16.4));
#12995=AXIS2_PLACEMENT_3D('',#12996,#12997,#12998);
#12996=CARTESIAN_POINT('',(-1.27,-0.634999999999999,16.4));
#12997=DIRECTION('',(0.,0.,1.));
#12998=DIRECTION('',(1.,0.,0.));
#12999=CARTESIAN_POINT('',(-0.92,-0.634999999999999,16.2));
#13000=AXIS2_PLACEMENT_3D('',#13001,#13002,#13003);
#13001=CARTESIAN_POINT('',(-1.27,-0.634999999999999,16.2));
#13002=DIRECTION('',(0.,0.,1.));
#13003=DIRECTION('',(1.,0.,0.));
#13004=CARTESIAN_POINT('',(-0.92,-0.634999999999999,3.45));
#13005=AXIS2_PLACEMENT_3D('',#13006,#13007,#13008);
#13006=CARTESIAN_POINT('',(-1.27,-0.634999999999999,3.45));
#13007=DIRECTION('',(0.,0.,1.));
#13008=DIRECTION('',(1.,0.,0.));
#13009=CARTESIAN_POINT('',(-0.98,-0.634999999999999,3.3));
#13010=AXIS2_PLACEMENT_3D('',#13011,#13012,#13013);
#13011=CARTESIAN_POINT('',(-1.27,-0.634999999999999,3.3));
#13012=DIRECTION('',(0.,0.,1.));
#13013=DIRECTION('',(1.,0.,0.));
#13014=CARTESIAN_POINT('',(-1.01,-0.634999999999999,3.3));
#13015=AXIS2_PLACEMENT_3D('',#13016,#13017,#13018);
#13016=CARTESIAN_POINT('',(-1.27,-0.634999999999999,3.3));
#13017=DIRECTION('',(0.,0.,1.));
#13018=DIRECTION('',(1.,0.,0.));
#13019=CARTESIAN_POINT('',(-1.01,-0.634999999999999,0.375288711089173));
#13020=CARTESIAN_POINT('',(-1.07771115476971,-0.459999999999999,0.));
#13021=CARTESIAN_POINT('',(-1.01,-0.634999999999999,0.375288711089173));
#13022=CARTESIAN_POINT('',(-1.01,-0.569510786799487,0.23484664016195));
#13023=CARTESIAN_POINT('',(-1.03363187665398,-0.508434019928333,0.103867090924411));
#13024=CARTESIAN_POINT('',(-1.07771115476971,-0.459999999999999,1.66533453693773E-016));
#13025=CARTESIAN_POINT('',(-1.095,-0.442711154769705,-7.17040422236618E-017));
#13026=AXIS2_PLACEMENT_3D('',#13027,#13028,#13029);
#13027=CARTESIAN_POINT('',(-1.27,-0.634999999999999,0.));
#13028=DIRECTION('',(0.,0.,1.));
#13029=DIRECTION('',(0.739572481654978,0.673076923076923,0.));
#13030=CARTESIAN_POINT('',(-1.27,-0.374999999999999,0.375288711089173));
#13031=CARTESIAN_POINT('',(-1.095,-0.442711154769705,-2.22044604925031E-016));
#13032=CARTESIAN_POINT('',(-1.14343401992833,-0.398631876653975,0.10386709092441));
#13033=CARTESIAN_POINT('',(-1.20451078679949,-0.374999999999999,0.234846640161949));
#13034=CARTESIAN_POINT('',(-1.27,-0.374999999999999,0.375288711089173));
#13035=CARTESIAN_POINT('',(-1.445,-0.442711154769704,0.));
#13036=CARTESIAN_POINT('',(-1.27,-0.374999999999999,0.375288711089173));
#13037=CARTESIAN_POINT('',(-1.33548921320051,-0.374999999999999,0.23484664016195));
#13038=CARTESIAN_POINT('',(-1.39656598007167,-0.398631876653975,0.103867090924411));
#13039=CARTESIAN_POINT('',(-1.445,-0.442711154769704,1.11022302462516E-016));
#13040=CARTESIAN_POINT('',(-1.46228884523029,-0.459999999999999,0.));
#13041=AXIS2_PLACEMENT_3D('',#13042,#13043,#13044);
#13042=CARTESIAN_POINT('',(-1.27,-0.634999999999999,0.));
#13043=DIRECTION('',(0.,0.,1.));
#13044=DIRECTION('',(-0.673076923076923,0.739572481654977,0.));
#13045=CARTESIAN_POINT('',(-1.53,-0.634999999999999,0.375288711089173));
#13046=CARTESIAN_POINT('',(-1.46228884523029,-0.459999999999998,-2.77555756156289E-016));
#13047=CARTESIAN_POINT('',(-1.50636812334602,-0.508434019928333,0.10386709092441));
#13048=CARTESIAN_POINT('',(-1.53,-0.569510786799487,0.234846640161949));
#13049=CARTESIAN_POINT('',(-1.53,-0.634999999999998,0.375288711089173));
#13050=CARTESIAN_POINT('',(-1.46228884523029,-0.809999999999999,0.));
#13051=CARTESIAN_POINT('',(-1.53,-0.634999999999999,0.375288711089173));
#13052=CARTESIAN_POINT('',(-1.53,-0.70048921320051,0.23484664016195));
#13053=CARTESIAN_POINT('',(-1.50636812334602,-0.761565980071664,0.103867090924411));
#13054=CARTESIAN_POINT('',(-1.46228884523029,-0.809999999999999,2.77555756156289E-016));
#13055=CARTESIAN_POINT('',(-1.445,-0.827288845230292,0.));
#13056=AXIS2_PLACEMENT_3D('',#13057,#13058,#13059);
#13057=CARTESIAN_POINT('',(-1.27,-0.634999999999999,0.));
#13058=DIRECTION('',(0.,0.,1.));
#13059=DIRECTION('',(-0.739572481654977,-0.673076923076924,0.));
#13060=CARTESIAN_POINT('',(-1.27,-0.894999999999999,0.375288711089173));
#13061=CARTESIAN_POINT('',(-1.445,-0.827288845230292,-3.88578058618805E-016));
#13062=CARTESIAN_POINT('',(-1.39656598007167,-0.871368123346022,0.10386709092441));
#13063=CARTESIAN_POINT('',(-1.33548921320051,-0.894999999999998,0.234846640161949));
#13064=CARTESIAN_POINT('',(-1.27,-0.894999999999999,0.375288711089173));
#13065=CARTESIAN_POINT('',(-1.095,-0.827288845230293,8.69696088122577E-017));
#13066=CARTESIAN_POINT('',(-1.27,-0.894999999999999,0.375288711089173));
#13067=CARTESIAN_POINT('',(-1.20451078679949,-0.894999999999999,0.23484664016195));
#13068=CARTESIAN_POINT('',(-1.14343401992833,-0.871368123346022,0.103867090924411));
#13069=CARTESIAN_POINT('',(-1.095,-0.827288845230293,2.22044604925031E-016));
#13070=CARTESIAN_POINT('',(-1.07771115476971,-0.809999999999999,0.));
#13071=AXIS2_PLACEMENT_3D('',#13072,#13073,#13074);
#13072=CARTESIAN_POINT('',(-1.27,-0.634999999999999,0.));
#13073=DIRECTION('',(0.,0.,1.));
#13074=DIRECTION('',(0.673076923076923,-0.739572481654977,0.));
#13075=CARTESIAN_POINT('',(-1.07771115476971,-0.809999999999999,2.22044604925031E-016));
#13076=CARTESIAN_POINT('',(-1.03363187665398,-0.761565980071664,0.103867090924411));
#13077=CARTESIAN_POINT('',(-1.01,-0.70048921320051,0.23484664016195));
#13078=CARTESIAN_POINT('',(-1.01,-0.634999999999999,0.375288711089173));
#13079=CARTESIAN_POINT('',(-1.095,-0.459999999999999,0.));
#13080=CARTESIAN_POINT('',(-1.07771115476971,-0.459999999999999,0.));
#13081=VECTOR('',#13082,1.);
#13082=DIRECTION('',(-1.,0.,0.));
#13083=CARTESIAN_POINT('',(-1.27,-0.634999999999999,0.375288711089173));
#13084=CARTESIAN_POINT('',(-1.27,-0.634999999999999,0.375288711089173));
#13085=VECTOR('',#13086,1.);
#13086=DIRECTION('',(1.,0.,0.));
#13087=CARTESIAN_POINT('',(-1.095,-0.459999999999999,1.25775471570645E-017));
#13088=VECTOR('',#13089,1.);
#13089=DIRECTION('',(-0.389281620635025,-0.389281620635025,0.834817129478988));
#13090=CARTESIAN_POINT('',(-1.095,-0.459999999999999,0.));
#13091=VECTOR('',#13092,1.);
#13092=DIRECTION('',(0.,1.,0.));
#13093=CARTESIAN_POINT('',(-1.27,-0.374999999999999,0.375288711089173));
#13094=VECTOR('',#13095,1.);
#13095=DIRECTION('',(0.,-1.,0.));
#13096=CARTESIAN_POINT('',(-1.445,-0.459999999999999,0.));
#13097=CARTESIAN_POINT('',(-1.27,-0.634999999999999,0.375288711089173));
#13098=VECTOR('',#13099,1.);
#13099=DIRECTION('',(-0.389281620635025,0.389281620635025,-0.834817129478988));
#13100=CARTESIAN_POINT('',(-1.445,-0.442711154769704,0.));
#13101=VECTOR('',#13102,1.);
#13102=DIRECTION('',(0.,-1.,0.));
#13103=CARTESIAN_POINT('',(-1.445,-0.459999999999999,0.));
#13104=VECTOR('',#13105,1.);
#13105=DIRECTION('',(-1.,0.,0.));
#13106=CARTESIAN_POINT('',(-1.53,-0.634999999999999,0.375288711089173));
#13107=VECTOR('',#13108,1.);
#13108=DIRECTION('',(1.,0.,-2.1350442781253E-016));
#13109=CARTESIAN_POINT('',(-1.445,-0.809999999999999,0.));
#13110=CARTESIAN_POINT('',(-1.46228884523029,-0.809999999999999,0.));
#13111=VECTOR('',#13112,1.);
#13112=DIRECTION('',(1.,0.,0.));
#13113=CARTESIAN_POINT('',(-1.445,-0.809999999999999,1.11022302462516E-016));
#13114=VECTOR('',#13115,1.);
#13115=DIRECTION('',(0.389281620635025,0.389281620635025,0.834817129478988));
#13116=CARTESIAN_POINT('',(-1.445,-0.809999999999999,0.));
#13117=VECTOR('',#13118,1.);
#13118=DIRECTION('',(0.,-1.,0.));
#13119=CARTESIAN_POINT('',(-1.27,-0.634999999999999,0.375288711089173));
#13120=VECTOR('',#13121,1.);
#13121=DIRECTION('',(0.,-1.,2.1350442781253E-016));
#13122=CARTESIAN_POINT('',(-1.095,-0.809999999999999,0.));
#13123=CARTESIAN_POINT('',(-1.27,-0.634999999999999,0.375288711089173));
#13124=VECTOR('',#13125,1.);
#13125=DIRECTION('',(0.389281620635025,-0.389281620635025,-0.834817129478988));
#13126=CARTESIAN_POINT('',(-1.095,-0.827288845230293,0.));
#13127=VECTOR('',#13128,1.);
#13128=DIRECTION('',(0.,1.,0.));
#13129=CARTESIAN_POINT('',(-1.095,-0.809999999999999,0.));
#13130=VECTOR('',#13131,1.);
#13131=DIRECTION('',(1.,0.,0.));
#13132=CARTESIAN_POINT('',(5.3,-0.00249999999999953,17.));
#13133=CARTESIAN_POINT('',(5.3,-1.75,17.));
#13134=CARTESIAN_POINT('',(5.3,-1.75,17.));
#13135=VECTOR('',#13136,1.);
#13136=DIRECTION('',(0.,1.,0.));
#13137=CARTESIAN_POINT('',(5.3,-1.75,18.));
#13138=CARTESIAN_POINT('',(5.3,-1.75,18.));
#13139=VECTOR('',#13140,1.);
#13140=DIRECTION('',(0.,0.,-1.));
#13141=CARTESIAN_POINT('',(5.3,-0.00249999999999931,18.));
#13142=CARTESIAN_POINT('',(5.3,-0.00249999999999906,18.));
#13143=VECTOR('',#13144,1.);
#13144=DIRECTION('',(0.,-1.,0.));
#13145=CARTESIAN_POINT('',(5.3,-0.0024999999999995,26.6));
#13146=CARTESIAN_POINT('',(5.3,-0.00249999999999861,18.));
#13147=VECTOR('',#13148,1.);
#13148=DIRECTION('',(0.,-5.16382802151236E-017,1.));
#13149=CARTESIAN_POINT('',(5.3,-2.93133708015875,26.6));
#13150=CARTESIAN_POINT('',(5.3,-0.00249999999999906,26.6));
#13151=VECTOR('',#13152,1.);
#13152=DIRECTION('',(0.,-1.,0.));
#13153=CARTESIAN_POINT('',(5.3,-2.95,26.5697682036414));
#13154=CARTESIAN_POINT('',(5.3,-2.93133708015874,26.6));
#13155=VECTOR('',#13156,1.);
#13156=DIRECTION('',(0.,-0.525296047946254,-0.850919539094059));
#13157=CARTESIAN_POINT('',(5.3,-2.95,11.));
#13158=CARTESIAN_POINT('',(5.3,-2.95,26.5697682036414));
#13159=VECTOR('',#13160,1.);
#13160=DIRECTION('',(0.,-5.70450637468321E-017,-1.));
#13161=CARTESIAN_POINT('',(5.3,-0.00249999999999928,11.));
#13162=CARTESIAN_POINT('',(5.3,-0.00249999999999906,11.));
#13163=VECTOR('',#13164,1.);
#13164=DIRECTION('',(0.,-1.,6.02665594368193E-016));
#13165=CARTESIAN_POINT('',(5.3,-0.00249999999999906,11.));
#13166=VECTOR('',#13167,1.);
#13167=DIRECTION('',(0.,0.,1.));
#13168=CARTESIAN_POINT('',(4.9,-0.00250000000000017,17.4));
#13169=CARTESIAN_POINT('',(5.3,-0.0025,17.));
#13170=VECTOR('',#13171,1.);
#13171=DIRECTION('',(-0.707106781186549,0.,0.707106781186546));
#13172=CARTESIAN_POINT('',(4.9,-1.35,17.4));
#13173=CARTESIAN_POINT('',(4.9,-1.35,17.4));
#13174=VECTOR('',#13175,1.);
#13175=DIRECTION('',(0.,1.,0.));
#13176=CARTESIAN_POINT('',(4.9,-1.35,17.4));
#13177=VECTOR('',#13178,1.);
#13178=DIRECTION('',(0.577350269189627,-0.577350269189626,-0.577350269189624));
#13179=CARTESIAN_POINT('',(4.9,-1.35,17.6));
#13180=CARTESIAN_POINT('',(4.9,-1.35,17.6));
#13181=VECTOR('',#13182,1.);
#13182=DIRECTION('',(0.,0.,-1.));
#13183=CARTESIAN_POINT('',(4.9,-1.35,17.6));
#13184=VECTOR('',#13185,1.);
#13185=DIRECTION('',(0.577350269189627,-0.577350269189627,0.577350269189624));
#13186=CARTESIAN_POINT('',(4.9,-0.00249999999999995,17.6));
#13187=CARTESIAN_POINT('',(4.9,-0.0025,17.6));
#13188=VECTOR('',#13189,1.);
#13189=DIRECTION('',(0.707106781186548,0.,0.707106781186548));
#13190=CARTESIAN_POINT('',(4.9,-0.00249999999999995,17.6));
#13191=VECTOR('',#13192,1.);
#13192=DIRECTION('',(0.,-1.,0.));
#13193=CARTESIAN_POINT('',(4.9,-0.00250000000000054,10.6));
#13194=CARTESIAN_POINT('',(4.9,-0.00250000000000046,10.6));
#13195=VECTOR('',#13196,1.);
#13196=DIRECTION('',(0.707106781186547,1.26496706876378E-016,0.707106781186548));
#13197=CARTESIAN_POINT('',(3.0275000000078,-0.00249999999999997,10.6));
#13198=CARTESIAN_POINT('',(3.0275000000078,-0.0025,10.6));
#13199=VECTOR('',#13200,1.);
#13200=DIRECTION('',(1.,0.,0.));
#13201=CARTESIAN_POINT('',(3.0275000000078,-0.00249999999999977,13.525));
#13202=CARTESIAN_POINT('',(3.0275000000078,-0.00249999999999995,10.6));
#13203=VECTOR('',#13204,1.);
#13204=DIRECTION('',(0.,0.,1.));
#13205=CARTESIAN_POINT('',(4.58300000000002,-0.00249999999999997,13.525));
#13206=CARTESIAN_POINT('',(4.58300000003832,-0.0025,13.525));
#13207=VECTOR('',#13208,1.);
#13208=DIRECTION('',(-1.,0.,0.));
#13209=CARTESIAN_POINT('',(4.58300000000002,-0.00250000000000007,14.875));
#13210=CARTESIAN_POINT('',(4.58300000000002,-0.00249999999999995,13.525));
#13211=VECTOR('',#13212,1.);
#13212=DIRECTION('',(0.,0.,1.));
#13213=CARTESIAN_POINT('',(3.43999999999999,-0.00249999999999983,14.875));
#13214=CARTESIAN_POINT('',(4.58300000003832,-0.0025,14.875));
#13215=VECTOR('',#13216,1.);
#13216=DIRECTION('',(-1.,-3.79423332440648E-019,0.));
#13217=CARTESIAN_POINT('',(3.43999999999999,-0.00250000000000005,16.8));
#13218=CARTESIAN_POINT('',(3.43999999999999,-0.00249999999999995,14.875));
#13219=VECTOR('',#13220,1.);
#13220=DIRECTION('',(0.,0.,1.));
#13221=CARTESIAN_POINT('',(1.94999999991976,-0.0025,16.8));
#13222=CARTESIAN_POINT('',(3.44,-0.0025,16.8));
#13223=VECTOR('',#13224,1.);
#13224=DIRECTION('',(-1.,0.,0.));
#13225=CARTESIAN_POINT('',(1.95,-0.00249999999999997,24.6));
#13226=CARTESIAN_POINT('',(1.95,-0.00249999999999995,16.8));
#13227=VECTOR('',#13228,1.);
#13228=DIRECTION('',(0.,0.,1.));
#13229=CARTESIAN_POINT('',(2.29999999999966,-0.0024999999999999,24.6));
#13230=CARTESIAN_POINT('',(2.29999999999978,-0.0025,24.6));
#13231=VECTOR('',#13232,1.);
#13232=DIRECTION('',(-1.,0.,0.));
#13233=CARTESIAN_POINT('',(2.29999999999966,-0.00250000000000003,29.6));
#13234=CARTESIAN_POINT('',(2.29999999999966,-0.00249999999999995,24.6));
#13235=VECTOR('',#13236,1.);
#13236=DIRECTION('',(0.,0.,1.));
#13237=CARTESIAN_POINT('',(4.32524091130128,-0.00249999999999997,29.6));
#13238=CARTESIAN_POINT('',(2.29999999999966,-0.0025,29.6));
#13239=VECTOR('',#13240,1.);
#13240=DIRECTION('',(1.,0.,0.));
#13241=CARTESIAN_POINT('',(5.3,-0.00249999999999995,26.6));
#13242=VECTOR('',#13243,1.);
#13243=DIRECTION('',(-0.309016994374947,0.,0.951056516295153));
#13244=CARTESIAN_POINT('',(4.9,-0.0025,17.6));
#13245=VECTOR('',#13246,1.);
#13246=DIRECTION('',(0.,0.,-1.));
#13247=CARTESIAN_POINT('',(4.4,-0.0025,26.1));
#13248=AXIS2_PLACEMENT_3D('',#13249,#13250,#13251);
#13249=CARTESIAN_POINT('',(3.75,-0.0025,26.1));
#13250=DIRECTION('',(-0.,1.,0.));
#13251=DIRECTION('',(1.,0.,0.));
#13252=CARTESIAN_POINT('',(4.4,-0.0025,18.6));
#13253=AXIS2_PLACEMENT_3D('',#13254,#13255,#13256);
#13254=CARTESIAN_POINT('',(3.75,-0.0025,18.6));
#13255=DIRECTION('',(-0.,1.,0.));
#13256=DIRECTION('',(1.,0.,0.));
#13257=CARTESIAN_POINT('',(4.32524091130128,-1.95657799146003,29.6));
#13258=CARTESIAN_POINT('',(4.32524091130128,-0.00249999999999995,29.6));
#13259=VECTOR('',#13260,1.);
#13260=DIRECTION('',(0.,-1.,0.));
#13261=CARTESIAN_POINT('',(4.32524091130128,-1.95657799146003,29.6));
#13262=VECTOR('',#13263,1.);
#13263=DIRECTION('',(0.295241808844326,-0.295241808844326,-0.908660854566026));
#13264=CARTESIAN_POINT('',(4.9,-3.35,26.5049330847681));
#13265=CARTESIAN_POINT('',(4.9,-3.35,26.5049330847681));
#13266=VECTOR('',#13267,1.);
#13267=DIRECTION('',(0.702507685388393,0.702507685388387,0.113867923229034));
#13268=CARTESIAN_POINT('',(3.86002822496898,-2.37524091130128,29.6));
#13269=CARTESIAN_POINT('',(3.86002822496898,-2.37524091130128,29.6));
#13270=VECTOR('',#13271,1.);
#13271=DIRECTION('',(0.74331678697455,0.668939574402525,0.));
#13272=CARTESIAN_POINT('',(4.8347873136677,-3.35,26.6));
#13273=CARTESIAN_POINT('',(3.86002822496898,-2.37524091130128,29.6));
#13274=VECTOR('',#13275,1.);
#13275=DIRECTION('',(0.295241808844326,-0.295241808844326,-0.908660854566026));
#13276=CARTESIAN_POINT('',(4.9,-3.35,26.5049330847681));
#13277=VECTOR('',#13278,1.);
#13278=DIRECTION('',(-0.565669619929622,0.,0.824631967054805));
#13279=CARTESIAN_POINT('',(4.9,-3.35,11.));
#13280=CARTESIAN_POINT('',(4.9,-3.35,26.5049330847681));
#13281=VECTOR('',#13282,1.);
#13282=DIRECTION('',(0.,0.,-1.));
#13283=CARTESIAN_POINT('',(4.9,-3.35,11.));
#13284=VECTOR('',#13285,1.);
#13285=DIRECTION('',(0.707106781186547,0.707106781186548,0.));
#13286=CARTESIAN_POINT('',(4.9,-2.95,10.6));
#13287=CARTESIAN_POINT('',(5.3,-2.95,11.));
#13288=VECTOR('',#13289,1.);
#13289=DIRECTION('',(-0.707106781186547,3.14018491736754E-015,-0.707106781186548));
#13290=CARTESIAN_POINT('',(4.9,-0.00250000000000061,10.6));
#13291=VECTOR('',#13292,1.);
#13292=DIRECTION('',(0.,-1.,0.));
#13293=CARTESIAN_POINT('',(-4.9,-0.00249999999999946,10.6));
#13294=CARTESIAN_POINT('',(-3.02749358970144,-0.0024999999999999,10.6));
#13295=CARTESIAN_POINT('',(-4.9,-0.0025,10.6));
#13296=VECTOR('',#13297,1.);
#13297=DIRECTION('',(1.,0.,0.));
#13298=CARTESIAN_POINT('',(-2.54,-0.487499999999998,10.6));
#13299=AXIS2_PLACEMENT_3D('',#13300,#13301,#13302);
#13300=CARTESIAN_POINT('',(-2.54,1.88768432695266E-015,10.6));
#13301=DIRECTION('',(-0.,0.,-1.));
#13302=DIRECTION('',(0.,-1.,0.));
#13303=CARTESIAN_POINT('',(-1.95,-0.487499999999998,10.6));
#13304=CARTESIAN_POINT('',(-1.95,-0.487499999999998,10.6));
#13305=VECTOR('',#13306,1.);
#13306=DIRECTION('',(-1.,0.,0.));
#13307=CARTESIAN_POINT('',(-1.95,-2.1,10.6));
#13308=CARTESIAN_POINT('',(-1.95,-2.1,10.6));
#13309=VECTOR('',#13310,1.);
#13310=DIRECTION('',(0.,1.,0.));
#13311=CARTESIAN_POINT('',(-1.35,-2.7,10.6));
#13312=AXIS2_PLACEMENT_3D('',#13313,#13314,#13315);
#13313=CARTESIAN_POINT('',(-1.35,-2.1,10.6));
#13314=DIRECTION('',(-0.,0.,-1.));
#13315=DIRECTION('',(0.,-1.,0.));
#13316=CARTESIAN_POINT('',(1.35,-2.7,10.6));
#13317=CARTESIAN_POINT('',(1.35,-2.7,10.6));
#13318=VECTOR('',#13319,1.);
#13319=DIRECTION('',(-1.,0.,0.));
#13320=CARTESIAN_POINT('',(1.95,-2.1,10.6));
#13321=AXIS2_PLACEMENT_3D('',#13322,#13323,#13324);
#13322=CARTESIAN_POINT('',(1.35,-2.1,10.6));
#13323=DIRECTION('',(0.,0.,-1.));
#13324=DIRECTION('',(1.,0.,0.));
#13325=CARTESIAN_POINT('',(1.95,-1.5035,10.6));
#13326=CARTESIAN_POINT('',(1.95,-1.5035,10.6));
#13327=VECTOR('',#13328,1.);
#13328=DIRECTION('',(0.,-1.,0.));
#13329=CARTESIAN_POINT('',(2.54,-1.5035,10.6));
#13330=CARTESIAN_POINT('',(2.54,-1.5035,10.6));
#13331=VECTOR('',#13332,1.);
#13332=DIRECTION('',(-1.,0.,0.));
#13333=CARTESIAN_POINT('',(3.02750000001723,-1.01599999999546,10.6));
#13334=AXIS2_PLACEMENT_3D('',#13335,#13336,#13337);
#13335=CARTESIAN_POINT('',(2.54000000001723,-1.016,10.6));
#13336=DIRECTION('',(0.,-0.,-1.));
#13337=DIRECTION('',(1.,9.30218864899265E-012,0.));
#13338=CARTESIAN_POINT('',(3.0275000000078,-0.0025,10.6));
#13339=VECTOR('',#13340,1.);
#13340=DIRECTION('',(9.3019929313756E-012,-1.,0.));
#13341=CARTESIAN_POINT('',(-2.85455173280956,-2.95,10.6));
#13342=CARTESIAN_POINT('',(4.9,-2.95,10.6));
#13343=VECTOR('',#13344,1.);
#13344=DIRECTION('',(-1.,5.72681987497895E-017,0.));
#13345=CARTESIAN_POINT('',(-4.9,-1.76905989232415,10.6));
#13346=CARTESIAN_POINT('',(-2.85455173280957,-2.95,10.6));
#13347=VECTOR('',#13348,1.);
#13348=DIRECTION('',(-0.866025403784439,0.5,0.));
#13349=CARTESIAN_POINT('',(-4.9,-1.76905989232415,10.6));
#13350=VECTOR('',#13351,1.);
#13351=DIRECTION('',(0.,1.,0.));
#13352=CARTESIAN_POINT('',(3.02750000001723,-1.01599999999546,13.525));
#13353=CARTESIAN_POINT('',(3.02750000001723,-1.01599999999546,13.525));
#13354=VECTOR('',#13355,1.);
#13355=DIRECTION('',(0.,0.,-1.));
#13356=CARTESIAN_POINT('',(3.02750000001723,-1.01599999999546,13.525));
#13357=VECTOR('',#13358,1.);
#13358=DIRECTION('',(-9.3019929313756E-012,1.,0.));
#13359=CARTESIAN_POINT('',(2.54,-1.5035,13.525));
#13360=AXIS2_PLACEMENT_3D('',#13361,#13362,#13363);
#13361=CARTESIAN_POINT('',(2.54000000001723,-1.016,13.525));
#13362=DIRECTION('',(0.,0.,-1.));
#13363=DIRECTION('',(1.,9.30218864899265E-012,0.));
#13364=CARTESIAN_POINT('',(1.95,-1.5035,13.525));
#13365=CARTESIAN_POINT('',(1.95,-1.5035,13.525));
#13366=VECTOR('',#13367,1.);
#13367=DIRECTION('',(1.,0.,0.));
#13368=CARTESIAN_POINT('',(1.95,-2.1,13.525));
#13369=CARTESIAN_POINT('',(1.95,-2.1,13.525));
#13370=VECTOR('',#13371,1.);
#13371=DIRECTION('',(0.,1.,0.));
#13372=CARTESIAN_POINT('',(1.35,-2.7,13.525));
#13373=AXIS2_PLACEMENT_3D('',#13374,#13375,#13376);
#13374=CARTESIAN_POINT('',(1.35,-2.1,13.525));
#13375=DIRECTION('',(0.,0.,-1.));
#13376=DIRECTION('',(1.,0.,0.));
#13377=CARTESIAN_POINT('',(-1.35,-2.7,13.525));
#13378=CARTESIAN_POINT('',(-1.35,-2.7,13.525));
#13379=VECTOR('',#13380,1.);
#13380=DIRECTION('',(1.,0.,0.));
#13381=CARTESIAN_POINT('',(-1.95,-2.1,13.525));
#13382=AXIS2_PLACEMENT_3D('',#13383,#13384,#13385);
#13383=CARTESIAN_POINT('',(-1.35,-2.1,13.525));
#13384=DIRECTION('',(0.,0.,-1.));
#13385=DIRECTION('',(0.,-1.,0.));
#13386=CARTESIAN_POINT('',(-1.95,-0.487499999999998,13.525));
#13387=CARTESIAN_POINT('',(-1.95,-0.487499999999998,13.525));
#13388=VECTOR('',#13389,1.);
#13389=DIRECTION('',(0.,-1.,0.));
#13390=CARTESIAN_POINT('',(-2.54,-0.487499999999998,13.525));
#13391=CARTESIAN_POINT('',(-2.54,-0.487499999999998,13.525));
#13392=VECTOR('',#13393,1.);
#13393=DIRECTION('',(1.,0.,0.));
#13394=CARTESIAN_POINT('',(-3.02749358970144,-0.00250000000000006,13.525));
#13395=AXIS2_PLACEMENT_3D('',#13396,#13397,#13398);
#13396=CARTESIAN_POINT('',(-2.54,1.88768432695266E-015,13.525));
#13397=DIRECTION('',(0.,0.,-1.));
#13398=DIRECTION('',(0.,-1.,0.));
#13399=CARTESIAN_POINT('',(-4.45599841853874,-0.00249999999999995,13.525));
#13400=CARTESIAN_POINT('',(-3.02749358970146,-0.0025,13.525));
#13401=VECTOR('',#13402,1.);
#13402=DIRECTION('',(-1.,-3.03590761640751E-019,0.));
#13403=CARTESIAN_POINT('',(-3.40274999999976,-1.82428234340557,13.525));
#13404=AXIS2_PLACEMENT_3D('',#13405,#13406,#13407);
#13405=CARTESIAN_POINT('',(-2.34950009795668,-1.4210854715202E-014,13.525));
#13406=DIRECTION('',(0.,0.,1.));
#13407=DIRECTION('',(-0.999999295749233,-0.00118680286375339,0.));
#13408=CARTESIAN_POINT('',(-2.0714095637612,-2.59293210265094,13.525));
#13409=CARTESIAN_POINT('',(-3.40274999999976,-1.82428234340557,13.525));
#13410=VECTOR('',#13411,1.);
#13411=DIRECTION('',(0.866025403784438,-0.5,0.));
#13412=CARTESIAN_POINT('',(-1.27996139560299,-2.80500000016002,13.525));
#13413=AXIS2_PLACEMENT_3D('',#13414,#13415,#13416);
#13414=CARTESIAN_POINT('',(-1.279961395603,-1.22210366384362,13.525));
#13415=DIRECTION('',(0.,0.,1.));
#13416=DIRECTION('',(-0.5,-0.866025403784438,0.));
#13417=CARTESIAN_POINT('',(2.47700038003834,-2.80500000016001,13.525));
#13418=CARTESIAN_POINT('',(-1.27996139560299,-2.80500000016002,13.525));
#13419=VECTOR('',#13420,1.);
#13420=DIRECTION('',(1.,3.19151734353349E-015,0.));
#13421=CARTESIAN_POINT('',(4.58300000000002,-0.699000380000015,13.525));
#13422=AXIS2_PLACEMENT_3D('',#13423,#13424,#13425);
#13423=CARTESIAN_POINT('',(2.47700038003833,-0.699000380160022,13.525));
#13424=DIRECTION('',(0.,0.,1.));
#13425=DIRECTION('',(3.37389773964017E-015,-1.,0.));
#13426=CARTESIAN_POINT('',(4.58300000000002,-0.699000380000015,13.525));
#13427=VECTOR('',#13428,1.);
#13428=DIRECTION('',(0.,1.,0.));
#13429=CARTESIAN_POINT('',(4.58300000000002,-0.699000380000015,14.875));
#13430=CARTESIAN_POINT('',(4.58300000000002,-0.699000380000015,13.525));
#13431=VECTOR('',#13432,1.);
#13432=DIRECTION('',(0.,0.,1.));
#13433=CARTESIAN_POINT('',(4.58300000000002,-0.699000380000015,14.875));
#13434=VECTOR('',#13435,1.);
#13435=DIRECTION('',(0.,1.,0.));
#13436=CARTESIAN_POINT('',(2.47700038003834,-2.80500000016001,14.875));
#13437=AXIS2_PLACEMENT_3D('',#13438,#13439,#13440);
#13438=CARTESIAN_POINT('',(2.47700038003833,-0.699000380160022,14.875));
#13439=DIRECTION('',(0.,0.,1.));
#13440=DIRECTION('',(3.37389773964017E-015,-1.,0.));
#13441=CARTESIAN_POINT('',(-1.27996139560299,-2.80500000016002,14.875));
#13442=CARTESIAN_POINT('',(-1.27996139560299,-2.80500000016002,14.875));
#13443=VECTOR('',#13444,1.);
#13444=DIRECTION('',(1.,3.19151734353349E-015,0.));
#13445=CARTESIAN_POINT('',(-2.0714095637612,-2.59293210265094,14.875));
#13446=AXIS2_PLACEMENT_3D('',#13447,#13448,#13449);
#13447=CARTESIAN_POINT('',(-1.279961395603,-1.22210366384362,14.875));
#13448=DIRECTION('',(0.,0.,1.));
#13449=DIRECTION('',(-0.5,-0.866025403784438,0.));
#13450=CARTESIAN_POINT('',(-3.40274999999976,-1.82428234340557,14.875));
#13451=CARTESIAN_POINT('',(-3.40274999999976,-1.82428234340557,14.875));
#13452=VECTOR('',#13453,1.);
#13453=DIRECTION('',(0.866025403784438,-0.5,0.));
#13454=CARTESIAN_POINT('',(-4.45599841853874,-0.00249999999999967,14.875));
#13455=AXIS2_PLACEMENT_3D('',#13456,#13457,#13458);
#13456=CARTESIAN_POINT('',(-2.34950009795668,-1.4210854715202E-014,14.875));
#13457=DIRECTION('',(0.,0.,1.));
#13458=DIRECTION('',(-0.999999295749233,-0.00118680286375339,0.));
#13459=CARTESIAN_POINT('',(-3.43999652777108,-0.0025000000000005,14.875));
#13460=CARTESIAN_POINT('',(-3.43999652777108,-0.0025,14.875));
#13461=VECTOR('',#13462,1.);
#13462=DIRECTION('',(-1.,0.,0.));
#13463=CARTESIAN_POINT('',(-3.16975186505851,-0.642971685868691,14.875));
#13464=AXIS2_PLACEMENT_3D('',#13465,#13466,#13467);
#13465=CARTESIAN_POINT('',(-2.54,1.88768432695266E-015,14.875));
#13466=DIRECTION('',(0.,-0.,1.));
#13467=DIRECTION('',(-0.999996141967867,-0.00277777777778043,0.));
#13468=CARTESIAN_POINT('',(-1.94999999977111,-1.83764484011287,14.875));
#13469=CARTESIAN_POINT('',(-3.16975186520371,-0.642971686016934,14.875));
#13470=VECTOR('',#13471,1.);
#13471=DIRECTION('',(0.71441298423112,-0.699724294248803,0.));
#13472=CARTESIAN_POINT('',(-1.95,-2.1,14.875));
#13473=CARTESIAN_POINT('',(-1.95,-2.1,14.875));
#13474=VECTOR('',#13475,1.);
#13475=DIRECTION('',(8.72433207006403E-010,1.,0.));
#13476=CARTESIAN_POINT('',(-1.35,-2.7,14.875));
#13477=AXIS2_PLACEMENT_3D('',#13478,#13479,#13480);
#13478=CARTESIAN_POINT('',(-1.35,-2.1,14.875));
#13479=DIRECTION('',(-0.,-0.,-1.));
#13480=DIRECTION('',(0.,-1.,0.));
#13481=CARTESIAN_POINT('',(1.35,-2.7,14.875));
#13482=CARTESIAN_POINT('',(1.35,-2.7,14.875));
#13483=VECTOR('',#13484,1.);
#13484=DIRECTION('',(-1.,0.,0.));
#13485=CARTESIAN_POINT('',(1.95,-2.1,14.875));
#13486=AXIS2_PLACEMENT_3D('',#13487,#13488,#13489);
#13487=CARTESIAN_POINT('',(1.35,-2.1,14.875));
#13488=DIRECTION('',(0.,0.,-1.));
#13489=DIRECTION('',(1.,0.,0.));
#13490=CARTESIAN_POINT('',(1.94999999983952,-1.91599999968488,14.875));
#13491=CARTESIAN_POINT('',(1.94999999983952,-1.91599999968488,14.875));
#13492=VECTOR('',#13493,1.);
#13493=DIRECTION('',(8.72179139010257E-010,-1.,0.));
#13494=CARTESIAN_POINT('',(2.53996247711983,-1.91599999945134,14.875));
#13495=CARTESIAN_POINT('',(1.94999999983952,-1.91599999968488,14.875));
#13496=VECTOR('',#13497,1.);
#13497=DIRECTION('',(1.,-3.76370724369873E-016,0.));
#13498=CARTESIAN_POINT('',(3.44,-1.01599999976782,14.875));
#13499=AXIS2_PLACEMENT_3D('',#13500,#13501,#13502);
#13500=CARTESIAN_POINT('',(2.54,-1.016,14.875));
#13501=DIRECTION('',(-0.,0.,1.));
#13502=DIRECTION('',(-4.16920890695178E-005,-0.999999999130885,0.));
#13503=CARTESIAN_POINT('',(3.44,-1.01599999953564,14.875));
#13504=VECTOR('',#13505,1.);
#13505=DIRECTION('',(-2.19086931452162E-015,1.,0.));
#13506=CARTESIAN_POINT('',(3.44,-1.01599999953564,16.8));
#13507=CARTESIAN_POINT('',(3.44,-1.01599999953564,14.875));
#13508=VECTOR('',#13509,1.);
#13509=DIRECTION('',(0.,0.,1.));
#13510=CARTESIAN_POINT('',(3.44,-1.01599999953564,16.8));
#13511=VECTOR('',#13512,1.);
#13512=DIRECTION('',(-2.19086931452162E-015,1.,0.));
#13513=CARTESIAN_POINT('',(2.53996247711984,-1.91599999921779,16.8));
#13514=AXIS2_PLACEMENT_3D('',#13515,#13516,#13517);
#13515=CARTESIAN_POINT('',(2.54,-1.016,16.8));
#13516=DIRECTION('',(0.,0.,1.));
#13517=DIRECTION('',(-4.16920890695178E-005,-0.999999999130885,0.));
#13518=CARTESIAN_POINT('',(1.94999999983952,-1.91599999968488,16.8));
#13519=CARTESIAN_POINT('',(1.94999999983952,-1.91599999968488,16.8));
#13520=VECTOR('',#13521,1.);
#13521=DIRECTION('',(1.,0.,0.));
#13522=CARTESIAN_POINT('',(1.94999999983952,-0.00250000000000006,16.8));
#13523=VECTOR('',#13524,1.);
#13524=DIRECTION('',(-1.16041079135109E-016,-1.,0.));
#13525=CARTESIAN_POINT('',(1.94999999983952,-1.91599999968488,16.8));
#13526=VECTOR('',#13527,1.);
#13527=DIRECTION('',(0.,0.,-1.));
#13528=CARTESIAN_POINT('',(1.95,-2.1,17.9342804241941));
#13529=CARTESIAN_POINT('',(1.95,-2.1,14.875));
#13530=VECTOR('',#13531,1.);
#13531=DIRECTION('',(0.,0.,1.));
#13532=CARTESIAN_POINT('',(1.95,-1.44374999971362,19.8587832012588));
#13533=AXIS2_PLACEMENT_3D('',#13534,#13535,#13536);
#13534=CARTESIAN_POINT('',(1.95,1.05000000000102,17.9342804241941));
#13535=DIRECTION('',(-1.,0.,0.));
#13536=DIRECTION('',(0.,-1.,0.));
#13537=CARTESIAN_POINT('',(1.95,-0.849999999296341,21.599999999999));
#13538=AXIS2_PLACEMENT_3D('',#13539,#13540,#13541);
#13539=CARTESIAN_POINT('',(1.95,-3.7,21.6));
#13540=DIRECTION('',(1.,0.,0.));
#13541=DIRECTION('',(0.,0.791666666572085,-0.610953262564857));
#13542=CARTESIAN_POINT('',(1.95,-0.849999999296341,24.6));
#13543=CARTESIAN_POINT('',(1.95,-0.849999999296341,21.599999999999));
#13544=VECTOR('',#13545,1.);
#13545=DIRECTION('',(0.,0.,1.));
#13546=CARTESIAN_POINT('',(1.95,-0.0025,24.6));
#13547=VECTOR('',#13548,1.);
#13548=DIRECTION('',(2.61999534052377E-016,-1.,0.));
#13549=CARTESIAN_POINT('',(1.35,-1.44999999929634,24.6000000000019));
#13550=AXIS2_PLACEMENT_3D('',#13551,#13552,#13553);
#13551=CARTESIAN_POINT('',(1.35,-0.849999999296341,24.6));
#13552=DIRECTION('',(0.,0.,-1.));
#13553=DIRECTION('',(1.,0.,0.));
#13554=CARTESIAN_POINT('',(-1.35,-1.44999999929634,24.5999999999981));
#13555=CARTESIAN_POINT('',(-1.35,-1.44999999929634,24.6));
#13556=VECTOR('',#13557,1.);
#13557=DIRECTION('',(1.,0.,0.));
#13558=CARTESIAN_POINT('',(-1.95,-0.849999999296341,24.6));
#13559=AXIS2_PLACEMENT_3D('',#13560,#13561,#13562);
#13560=CARTESIAN_POINT('',(-1.35,-0.849999999296341,24.6));
#13561=DIRECTION('',(-0.,-0.,-1.));
#13562=DIRECTION('',(0.,-1.,0.));
#13563=CARTESIAN_POINT('',(-1.95,-0.0025,24.6));
#13564=CARTESIAN_POINT('',(-1.95,-0.0025,24.6));
#13565=VECTOR('',#13566,1.);
#13566=DIRECTION('',(0.,-1.,0.));
#13567=CARTESIAN_POINT('',(-2.30000000000035,-0.00250000000000003,24.6));
#13568=CARTESIAN_POINT('',(-1.95,-0.0025,24.6));
#13569=VECTOR('',#13570,1.);
#13570=DIRECTION('',(-1.,1.23908819712462E-018,0.));
#13571=CARTESIAN_POINT('',(-2.30000000000023,-0.900000000000001,24.6));
#13572=CARTESIAN_POINT('',(-2.30000000000035,-0.00250000000000006,24.6));
#13573=VECTOR('',#13574,1.);
#13574=DIRECTION('',(1.35082288901467E-013,-1.,0.));
#13575=CARTESIAN_POINT('',(-1.50000000000069,-1.70000000000047,24.6));
#13576=AXIS2_PLACEMENT_3D('',#13577,#13578,#13579);
#13577=CARTESIAN_POINT('',(-1.50000000000023,-0.900000000000467,24.6));
#13578=DIRECTION('',(0.,0.,1.));
#13579=DIRECTION('',(-1.,5.8189564278166E-013,0.));
#13580=CARTESIAN_POINT('',(1.49999999999931,-1.70000000000047,24.6));
#13581=CARTESIAN_POINT('',(-1.50000000000069,-1.70000000000047,24.6));
#13582=VECTOR('',#13583,1.);
#13583=DIRECTION('',(1.,0.,0.));
#13584=CARTESIAN_POINT('',(2.29999999999978,-0.900000000000932,24.6));
#13585=AXIS2_PLACEMENT_3D('',#13586,#13587,#13588);
#13586=CARTESIAN_POINT('',(1.49999999999978,-0.900000000000467,24.6));
#13587=DIRECTION('',(0.,0.,1.));
#13588=DIRECTION('',(-5.82867087928207E-013,-1.,0.));
#13589=CARTESIAN_POINT('',(2.29999999999978,-0.900000000000932,24.6));
#13590=VECTOR('',#13591,1.);
#13591=DIRECTION('',(-1.35082288901327E-013,1.,0.));
#13592=CARTESIAN_POINT('',(2.29999999999978,-0.900000000000932,29.6));
#13593=CARTESIAN_POINT('',(2.29999999999978,-0.900000000000932,24.6));
#13594=VECTOR('',#13595,1.);
#13595=DIRECTION('',(0.,0.,1.));
#13596=CARTESIAN_POINT('',(2.29999999999966,-0.0025,29.6));
#13597=VECTOR('',#13598,1.);
#13598=DIRECTION('',(1.35082288901327E-013,-1.,0.));
#13599=CARTESIAN_POINT('',(-2.30000000000035,-0.00250000000000014,29.6));
#13600=CARTESIAN_POINT('',(-4.32524091130128,-0.00250000000000037,29.6));
#13601=CARTESIAN_POINT('',(-4.32524091130128,-0.0025,29.6));
#13602=VECTOR('',#13603,1.);
#13603=DIRECTION('',(1.,0.,0.));
#13604=CARTESIAN_POINT('',(-4.32524091130128,-1.43722257774476,29.6));
#13605=CARTESIAN_POINT('',(-4.32524091130128,-1.43722257774476,29.6));
#13606=VECTOR('',#13607,1.);
#13607=DIRECTION('',(0.,1.,0.));
#13608=CARTESIAN_POINT('',(-2.7005454991503,-2.37524091130128,29.6));
#13609=CARTESIAN_POINT('',(-2.7005454991503,-2.37524091130128,29.6));
#13610=VECTOR('',#13611,1.);
#13611=DIRECTION('',(-0.866025403784439,0.5,0.));
#13612=CARTESIAN_POINT('',(3.86002822496898,-2.37524091130128,29.6));
#13613=VECTOR('',#13614,1.);
#13614=DIRECTION('',(-1.,0.,0.));
#13615=CARTESIAN_POINT('',(1.49999999999931,-1.70000000000047,29.6));
#13616=AXIS2_PLACEMENT_3D('',#13617,#13618,#13619);
#13617=CARTESIAN_POINT('',(1.49999999999978,-0.900000000000467,29.6));
#13618=DIRECTION('',(0.,0.,1.));
#13619=DIRECTION('',(-5.82867087928207E-013,-1.,0.));
#13620=CARTESIAN_POINT('',(-1.50000000000069,-1.70000000000047,29.6));
#13621=CARTESIAN_POINT('',(1.49999999999931,-1.70000000000047,29.6));
#13622=VECTOR('',#13623,1.);
#13623=DIRECTION('',(-1.,0.,0.));
#13624=CARTESIAN_POINT('',(-2.30000000000023,-0.900000000000001,29.6));
#13625=AXIS2_PLACEMENT_3D('',#13626,#13627,#13628);
#13626=CARTESIAN_POINT('',(-1.50000000000023,-0.900000000000467,29.6));
#13627=DIRECTION('',(0.,0.,1.));
#13628=DIRECTION('',(-1.,5.8189564278166E-013,0.));
#13629=CARTESIAN_POINT('',(-2.30000000000023,-0.900000000000001,29.6));
#13630=VECTOR('',#13631,1.);
#13631=DIRECTION('',(-1.35082288901467E-013,1.,0.));
#13632=CARTESIAN_POINT('',(4.33000906917926,0.7975,26.1));
#13633=AXIS2_PLACEMENT_3D('',#13634,#13635,#13636);
#13634=CARTESIAN_POINT('',(3.75,0.7975,26.1));
#13635=DIRECTION('',(-0.,1.,0.));
#13636=DIRECTION('',(1.,0.,0.));
#13637=CARTESIAN_POINT('',(4.33000906917926,0.7975,18.6));
#13638=AXIS2_PLACEMENT_3D('',#13639,#13640,#13641);
#13639=CARTESIAN_POINT('',(3.75,0.7975,18.6));
#13640=DIRECTION('',(-0.,1.,0.));
#13641=DIRECTION('',(1.,0.,0.));
#13642=CARTESIAN_POINT('',(-2.96173140978201,-3.35,26.6));
#13643=CARTESIAN_POINT('',(-2.70054549915029,-2.37524091130128,29.6));
#13644=VECTOR('',#13645,1.);
#13645=DIRECTION('',(-0.0825184647462198,-0.307963102995473,-0.947812972146576));
#13646=CARTESIAN_POINT('',(4.8347873136677,-3.35,26.6));
#13647=VECTOR('',#13648,1.);
#13648=DIRECTION('',(-1.,0.,0.));
#13649=CARTESIAN_POINT('',(-2.96173140978201,-3.35,11.));
#13650=CARTESIAN_POINT('',(-2.96173140978201,-3.35,26.6));
#13651=VECTOR('',#13652,1.);
#13652=DIRECTION('',(0.,0.,-1.));
#13653=CARTESIAN_POINT('',(4.9,-3.35,11.));
#13654=VECTOR('',#13655,1.);
#13655=DIRECTION('',(-1.,0.,2.25949825402329E-016));
#13656=CARTESIAN_POINT('',(4.9,-3.35,11.));
#13657=VECTOR('',#13658,1.);
#13658=DIRECTION('',(-1.57009245868377E-015,0.707106781186548,-0.707106781186547));
#13659=CARTESIAN_POINT('',(-1.94999999988556,-0.00250000000000008,16.8));
#13660=CARTESIAN_POINT('',(-1.95,-0.00249999999999989,24.6));
#13661=VECTOR('',#13662,1.);
#13662=DIRECTION('',(0.,0.,-1.));
#13663=CARTESIAN_POINT('',(-3.43999652777108,-0.00249999999999965,16.8));
#13664=CARTESIAN_POINT('',(-1.94999999977111,-0.0025,16.8));
#13665=VECTOR('',#13666,1.);
#13666=DIRECTION('',(-1.,0.,0.));
#13667=CARTESIAN_POINT('',(-3.43999652777108,-0.0025,14.875));
#13668=VECTOR('',#13669,1.);
#13669=DIRECTION('',(0.,0.,1.));
#13670=CARTESIAN_POINT('',(-4.45599841853874,-0.0025,13.525));
#13671=VECTOR('',#13672,1.);
#13672=DIRECTION('',(0.,0.,1.));
#13673=CARTESIAN_POINT('',(-3.02749358970144,-0.0025,13.525));
#13674=VECTOR('',#13675,1.);
#13675=DIRECTION('',(0.,0.,-1.));
#13676=CARTESIAN_POINT('',(-5.3,-0.00249999999999995,11.));
#13677=CARTESIAN_POINT('',(-5.3,-0.00249999999999995,11.));
#13678=VECTOR('',#13679,1.);
#13679=DIRECTION('',(0.707106781186545,4.36221977046419E-016,-0.70710678118655));
#13680=CARTESIAN_POINT('',(-5.3,-0.00250000000000061,26.6));
#13681=CARTESIAN_POINT('',(-5.3,-0.00249999999999995,26.6));
#13682=VECTOR('',#13683,1.);
#13683=DIRECTION('',(0.,0.,-1.));
#13684=CARTESIAN_POINT('',(-4.32524091130128,-0.00250000000000039,29.6));
#13685=VECTOR('',#13686,1.);
#13686=DIRECTION('',(-0.309016994374947,-7.0392322807378E-017,-0.951056516295153));
#13687=CARTESIAN_POINT('',(-2.30000000000035,-0.00249999999999995,29.6));
#13688=VECTOR('',#13689,1.);
#13689=DIRECTION('',(0.,0.,-1.));
#13690=CARTESIAN_POINT('',(-3.1,-0.0025,26.1));
#13691=AXIS2_PLACEMENT_3D('',#13692,#13693,#13694);
#13692=CARTESIAN_POINT('',(-3.75,-0.0025,26.1));
#13693=DIRECTION('',(-0.,1.,0.));
#13694=DIRECTION('',(1.,0.,0.));
#13695=CARTESIAN_POINT('',(-3.1,-0.0025,18.6));
#13696=AXIS2_PLACEMENT_3D('',#13697,#13698,#13699);
#13697=CARTESIAN_POINT('',(-3.75,-0.0025,18.6));
#13698=DIRECTION('',(-0.,1.,0.));
#13699=DIRECTION('',(1.,0.,0.));
#13700=CARTESIAN_POINT('',(-2.54,-0.487499999999998,13.525));
#13701=VECTOR('',#13702,1.);
#13702=DIRECTION('',(0.,0.,-1.));
#13703=CARTESIAN_POINT('',(-1.95,-0.487499999999998,13.525));
#13704=VECTOR('',#13705,1.);
#13705=DIRECTION('',(0.,0.,-1.));
#13706=CARTESIAN_POINT('',(-1.95,-2.1,13.525));
#13707=VECTOR('',#13708,1.);
#13708=DIRECTION('',(0.,0.,-1.));
#13709=CARTESIAN_POINT('',(-1.35,-2.7,13.525));
#13710=VECTOR('',#13711,1.);
#13711=DIRECTION('',(0.,0.,-1.));
#13712=CARTESIAN_POINT('',(1.35,-2.7,13.525));
#13713=VECTOR('',#13714,1.);
#13714=DIRECTION('',(0.,0.,-1.));
#13715=CARTESIAN_POINT('',(1.95,-2.1,13.525));
#13716=VECTOR('',#13717,1.);
#13717=DIRECTION('',(0.,0.,-1.));
#13718=CARTESIAN_POINT('',(1.95,-1.5035,13.525));
#13719=VECTOR('',#13720,1.);
#13720=DIRECTION('',(0.,0.,-1.));
#13721=CARTESIAN_POINT('',(2.54,-1.5035,13.525));
#13722=VECTOR('',#13723,1.);
#13723=DIRECTION('',(0.,0.,-1.));
#13724=CARTESIAN_POINT('',(-2.96173140978201,-3.35,11.));
#13725=VECTOR('',#13726,1.);
#13726=DIRECTION('',(0.186156787897384,0.694746590606864,-0.694746590606868));
#13727=CARTESIAN_POINT('',(-5.3,-2.,11.));
#13728=CARTESIAN_POINT('',(-2.96173140978201,-3.35,11.));
#13729=VECTOR('',#13730,1.);
#13730=DIRECTION('',(-0.866025403784439,0.5,0.));
#13731=CARTESIAN_POINT('',(-5.3,-2.,11.));
#13732=VECTOR('',#13733,1.);
#13733=DIRECTION('',(0.654653670707973,0.377964473009225,-0.654653670707982));
#13734=CARTESIAN_POINT('',(-5.3,-2.,11.));
#13735=VECTOR('',#13736,1.);
#13736=DIRECTION('',(0.,1.,-8.89290032240426E-016));
#13737=CARTESIAN_POINT('',(-3.40274999999976,-1.82428234340557,13.525));
#13738=VECTOR('',#13739,1.);
#13739=DIRECTION('',(0.,0.,1.));
#13740=CARTESIAN_POINT('',(-2.0714095637612,-2.59293210265094,13.525));
#13741=VECTOR('',#13742,1.);
#13742=DIRECTION('',(0.,0.,1.));
#13743=CARTESIAN_POINT('',(-1.27996139560299,-2.80500000016002,13.525));
#13744=VECTOR('',#13745,1.);
#13745=DIRECTION('',(0.,0.,1.));
#13746=CARTESIAN_POINT('',(2.47700038003834,-2.80500000016001,13.525));
#13747=VECTOR('',#13748,1.);
#13748=DIRECTION('',(0.,0.,1.));
#13749=CARTESIAN_POINT('',(-3.16975186520371,-0.642971686016934,16.8));
#13750=AXIS2_PLACEMENT_3D('',#13751,#13752,#13753);
#13751=CARTESIAN_POINT('',(-2.54,1.88768432695266E-015,16.8));
#13752=DIRECTION('',(0.,0.,1.));
#13753=DIRECTION('',(-0.999996141967866,-0.00277777777777953,0.));
#13754=CARTESIAN_POINT('',(-3.16975186520371,-0.642971686016934,14.875));
#13755=VECTOR('',#13756,1.);
#13756=DIRECTION('',(0.,0.,1.));
#13757=CARTESIAN_POINT('',(-1.94999999977111,-1.83764484011287,16.8));
#13758=CARTESIAN_POINT('',(-1.94999999977111,-1.83764484011287,14.875));
#13759=VECTOR('',#13760,1.);
#13760=DIRECTION('',(0.,0.,1.));
#13761=CARTESIAN_POINT('',(-3.16975186520371,-0.642971686016934,16.8));
#13762=VECTOR('',#13763,1.);
#13763=DIRECTION('',(0.71441298423112,-0.699724294248803,0.));
#13764=CARTESIAN_POINT('',(-1.95,-0.849999999296341,21.599999999999));
#13765=CARTESIAN_POINT('',(-1.95,-0.849999999296341,21.599999999999));
#13766=VECTOR('',#13767,1.);
#13767=DIRECTION('',(0.,0.,1.));
#13768=CARTESIAN_POINT('',(-1.95,-1.44374999971362,19.8587832012588));
#13769=AXIS2_PLACEMENT_3D('',#13770,#13771,#13772);
#13770=CARTESIAN_POINT('',(-1.95,-3.7,21.6));
#13771=DIRECTION('',(1.,-0.,0.));
#13772=DIRECTION('',(0.,0.791666666572084,-0.610953262564858));
#13773=CARTESIAN_POINT('',(-1.95,-2.1,17.9342804241941));
#13774=AXIS2_PLACEMENT_3D('',#13775,#13776,#13777);
#13775=CARTESIAN_POINT('',(-1.95,1.05000000000102,17.9342804241941));
#13776=DIRECTION('',(-1.,0.,0.));
#13777=DIRECTION('',(0.,-1.,0.));
#13778=CARTESIAN_POINT('',(-1.95,-2.1,14.875));
#13779=VECTOR('',#13780,1.);
#13780=DIRECTION('',(0.,0.,1.));
#13781=CARTESIAN_POINT('',(-1.94999999977111,-0.00250000000000022,16.8));
#13782=VECTOR('',#13783,1.);
#13783=DIRECTION('',(0.,-1.,0.));
#13784=CARTESIAN_POINT('',(-1.35,-2.7,17.9342804241941));
#13785=AXIS2_PLACEMENT_3D('',#13786,#13787,#13788);
#13786=CARTESIAN_POINT('',(-1.35,-2.1,17.9342804241941));
#13787=DIRECTION('',(0.,0.,-1.));
#13788=DIRECTION('',(0.,-1.,0.));
#13789=CARTESIAN_POINT('',(-1.35,-2.7,14.875));
#13790=VECTOR('',#13791,1.);
#13791=DIRECTION('',(0.,0.,1.));
#13792=CARTESIAN_POINT('',(1.35,-2.7,17.9342804241941));
#13793=CARTESIAN_POINT('',(1.35,-2.7,17.9342804241941));
#13794=VECTOR('',#13795,1.);
#13795=DIRECTION('',(-1.,0.,0.));
#13796=CARTESIAN_POINT('',(1.35,-2.7,14.875));
#13797=VECTOR('',#13798,1.);
#13798=DIRECTION('',(0.,0.,1.));
#13799=AXIS2_PLACEMENT_3D('',#13800,#13801,#13802);
#13800=CARTESIAN_POINT('',(1.35,-2.1,17.9342804241941));
#13801=DIRECTION('',(0.,0.,-1.));
#13802=DIRECTION('',(1.,0.,0.));
#13803=CARTESIAN_POINT('',(2.53996247711982,-1.91599999968488,14.875));
#13804=VECTOR('',#13805,1.);
#13805=DIRECTION('',(0.,0.,1.));
#13806=CARTESIAN_POINT('',(1.35,-1.91874999965911,20.2253551587948));
#13807=AXIS2_PLACEMENT_3D('',#13808,#13809,#13810);
#13808=CARTESIAN_POINT('',(1.35,1.05000000000102,17.9342804241941));
#13809=DIRECTION('',(-1.,0.,0.));
#13810=DIRECTION('',(0.,-1.,0.));
#13811=AXIS2_PLACEMENT_3D('',#13812,#13813,#13814);
#13812=CARTESIAN_POINT('',(1.35,-1.44374999971362,19.8587832012588));
#13813=DIRECTION('',(0.,-0.61095326256002,-0.791666666575818));
#13814=DIRECTION('',(1.,-4.84756024606865E-017,3.7410097871138E-017));
#13815=CARTESIAN_POINT('',(1.35,-1.44999999929634,21.5999999999952));
#13816=AXIS2_PLACEMENT_3D('',#13817,#13818,#13819);
#13817=CARTESIAN_POINT('',(1.35,-3.7,21.6));
#13818=DIRECTION('',(1.,-0.,0.));
#13819=DIRECTION('',(0.,0.791666666571692,-0.610953262565367));
#13820=AXIS2_PLACEMENT_3D('',#13821,#13822,#13823);
#13821=CARTESIAN_POINT('',(1.35,-0.849999999296341,21.599999999999));
#13822=DIRECTION('',(-0.,-3.37119221427429E-013,-1.));
#13823=DIRECTION('',(1.,-6.12323399573677E-017,2.06425987726074E-029));
#13824=CARTESIAN_POINT('',(1.35,-1.44999999929634,21.5999999999952));
#13825=VECTOR('',#13826,1.);
#13826=DIRECTION('',(0.,0.,1.));
#13827=CARTESIAN_POINT('',(-1.35,-1.44999999929634,21.599999999999));
#13828=CARTESIAN_POINT('',(1.35,-1.44999999929634,21.5999999999952));
#13829=VECTOR('',#13830,1.);
#13830=DIRECTION('',(-1.,0.,0.));
#13831=CARTESIAN_POINT('',(-1.35,-1.44999999929634,21.5999999999952));
#13832=VECTOR('',#13833,1.);
#13833=DIRECTION('',(0.,0.,1.));
#13834=AXIS2_PLACEMENT_3D('',#13835,#13836,#13837);
#13835=CARTESIAN_POINT('',(-1.35,-0.849999999296341,21.599999999999));
#13836=DIRECTION('',(-0.,-3.37119221427429E-013,-1.));
#13837=DIRECTION('',(-6.12323399573677E-017,-1.,3.37119221427429E-013));
#13838=CARTESIAN_POINT('',(-2.30000000000023,-0.900000000000001,24.6));
#13839=VECTOR('',#13840,1.);
#13840=DIRECTION('',(0.,0.,1.));
#13841=CARTESIAN_POINT('',(-2.02915026221419,-1.49999999999954,28.4));
#13842=CARTESIAN_POINT('',(-1.50000000000069,-1.70000000000047,28.6000000000009));
#13843=CARTESIAN_POINT('',(-2.0291502622142,-1.49999999999954,28.4));
#13844=CARTESIAN_POINT('',(-1.88136573237107,-1.63033370452917,28.5303337045296));
#13845=CARTESIAN_POINT('',(-1.69704603979136,-1.70000000000047,28.6000000000009));
#13846=CARTESIAN_POINT('',(-1.50000000000023,-1.70000000000047,28.6000000000009));
#13847=CARTESIAN_POINT('',(-2.02915026221419,-1.49999999999954,27.8));
#13848=CARTESIAN_POINT('',(-2.02915026221419,-1.49999999999954,27.8));
#13849=VECTOR('',#13850,1.);
#13850=DIRECTION('',(0.,0.,1.));
#13851=CARTESIAN_POINT('',(-1.50000000000069,-1.70000000000047,27.5999999999991));
#13852=CARTESIAN_POINT('',(-2.02915026221419,-1.49999999999954,27.8));
#13853=CARTESIAN_POINT('',(-1.88136573237107,-1.63033370452917,27.6696662954704));
#13854=CARTESIAN_POINT('',(-1.69704603979136,-1.70000000000047,27.5999999999991));
#13855=CARTESIAN_POINT('',(-1.50000000000023,-1.70000000000047,27.5999999999991));
#13856=CARTESIAN_POINT('',(-1.50000000000069,-1.70000000000047,24.6));
#13857=VECTOR('',#13858,1.);
#13858=DIRECTION('',(0.,0.,1.));
#13859=CARTESIAN_POINT('',(-1.50000000000069,-1.70000000000047,28.6000000000009));
#13860=VECTOR('',#13861,1.);
#13861=DIRECTION('',(0.,0.,1.));
#13862=CARTESIAN_POINT('',(1.49999999999931,-1.70000000000047,27.5999999999991));
#13863=CARTESIAN_POINT('',(1.49999999999931,-1.70000000000047,27.5999999999991));
#13864=VECTOR('',#13865,1.);
#13865=DIRECTION('',(-1.,0.,0.));
#13866=CARTESIAN_POINT('',(1.49999999999931,-1.70000000000047,24.6));
#13867=VECTOR('',#13868,1.);
#13868=DIRECTION('',(0.,0.,1.));
#13869=CARTESIAN_POINT('',(1.49999999999931,-1.70000000000047,28.6000000000009));
#13870=CARTESIAN_POINT('',(2.02915026221375,-1.49999999999954,28.4));
#13871=CARTESIAN_POINT('',(1.49999999999978,-1.70000000000047,28.6000000000009));
#13872=CARTESIAN_POINT('',(1.69704603979092,-1.70000000000047,28.6000000000009));
#13873=CARTESIAN_POINT('',(1.88136573237062,-1.63033370452917,28.5303337045296));
#13874=CARTESIAN_POINT('',(2.02915026221375,-1.49999999999954,28.4));
#13875=CARTESIAN_POINT('',(1.49999999999931,-1.70000000000047,28.6000000000009));
#13876=VECTOR('',#13877,1.);
#13877=DIRECTION('',(0.,0.,1.));
#13878=CARTESIAN_POINT('',(2.02915026221375,-1.49999999999954,27.8));
#13879=CARTESIAN_POINT('',(1.49999999999931,-1.70000000000047,27.5999999999991));
#13880=CARTESIAN_POINT('',(1.69704603979062,-1.70000000000058,27.599999999999));
#13881=CARTESIAN_POINT('',(1.8813657323705,-1.63033370452928,27.6696662954703));
#13882=CARTESIAN_POINT('',(2.02915026221375,-1.49999999999954,27.8));
#13883=CARTESIAN_POINT('',(2.02915026221375,-1.49999999999954,27.8));
#13884=VECTOR('',#13885,1.);
#13885=DIRECTION('',(0.,0.,1.));
#13886=CARTESIAN_POINT('',(-5.3,-2.,26.6));
#13887=CARTESIAN_POINT('',(-5.3,-2.,26.6));
#13888=VECTOR('',#13889,1.);
#13889=DIRECTION('',(0.,1.,0.));
#13890=CARTESIAN_POINT('',(-4.32524091130128,-1.43722257774476,29.6));
#13891=VECTOR('',#13892,1.);
#13892=DIRECTION('',(-0.304213290298922,-0.175637625045144,-0.936272235342908));
#13893=CARTESIAN_POINT('',(-2.96173140978201,-3.35,26.6));
#13894=VECTOR('',#13895,1.);
#13895=DIRECTION('',(-0.866025403784439,0.5,0.));
#13896=CARTESIAN_POINT('',(-1.50000000000069,-1.70000000000047,28.6000000000009));
#13897=VECTOR('',#13898,1.);
#13898=DIRECTION('',(1.,0.,0.));
#13899=CARTESIAN_POINT('',(-5.3,-2.,26.6));
#13900=VECTOR('',#13901,1.);
#13901=DIRECTION('',(0.,0.,-1.));
#13902=CARTESIAN_POINT('',(-3.16999093082074,0.7975,26.1));
#13903=AXIS2_PLACEMENT_3D('',#13904,#13905,#13906);
#13904=CARTESIAN_POINT('',(-3.75,0.7975,26.1));
#13905=DIRECTION('',(-0.,1.,0.));
#13906=DIRECTION('',(1.,0.,0.));
#13907=CARTESIAN_POINT('',(-3.16999093082074,0.7975,18.6));
#13908=AXIS2_PLACEMENT_3D('',#13909,#13910,#13911);
#13909=CARTESIAN_POINT('',(-3.75,0.7975,18.6));
#13910=DIRECTION('',(-0.,1.,0.));
#13911=DIRECTION('',(1.,0.,0.));
#13912=CARTESIAN_POINT('',(-1.35,-1.91874999965663,20.225355158798));
#13913=AXIS2_PLACEMENT_3D('',#13914,#13915,#13916);
#13914=CARTESIAN_POINT('',(-1.35,-1.44374999971362,19.8587832012588));
#13915=DIRECTION('',(0.,-0.61095326256002,-0.791666666575818));
#13916=DIRECTION('',(-6.12323399573677E-017,-0.791666666575818,0.61095326256002));
#13917=AXIS2_PLACEMENT_3D('',#13918,#13919,#13920);
#13918=CARTESIAN_POINT('',(-1.35,-3.7,21.6));
#13919=DIRECTION('',(1.,-0.,0.));
#13920=DIRECTION('',(0.,0.791666666570591,-0.610953262566793));
#13921=AXIS2_PLACEMENT_3D('',#13922,#13923,#13924);
#13922=CARTESIAN_POINT('',(-1.35,1.05000000000102,17.9342804241941));
#13923=DIRECTION('',(-1.,0.,0.));
#13924=DIRECTION('',(0.,-1.,0.));
#13925=CARTESIAN_POINT('',(1.35,-1.91874999965911,20.2253551587948));
#13926=VECTOR('',#13927,1.);
#13927=DIRECTION('',(-1.,0.,0.));
#13928=CARTESIAN_POINT('',(2.02915026221375,-1.49999999999954,28.4));
#13929=VECTOR('',#13930,1.);
#13930=DIRECTION('',(-1.,0.,0.));
#13931=CARTESIAN_POINT('',(-2.02915026221419,-1.49999999999954,27.8));
#13932=VECTOR('',#13933,1.);
#13933=DIRECTION('',(1.,0.,0.));
#13934=CARTESIAN_POINT('',(5.3,1.75,17.));
#13935=CARTESIAN_POINT('',(5.3,0.0025000000000002,17.));
#13936=CARTESIAN_POINT('',(5.3,0.00250000000000039,17.));
#13937=VECTOR('',#13938,1.);
#13938=DIRECTION('',(0.,1.,0.));
#13939=CARTESIAN_POINT('',(5.3,0.00250000000000039,11.));
#13940=CARTESIAN_POINT('',(5.3,0.00250000000000083,11.));
#13941=VECTOR('',#13942,1.);
#13942=DIRECTION('',(0.,-7.40148683083438E-017,1.));
#13943=CARTESIAN_POINT('',(5.3,2.95,11.));
#13944=CARTESIAN_POINT('',(5.3,2.95,11.));
#13945=VECTOR('',#13946,1.);
#13946=DIRECTION('',(0.,-1.,0.));
#13947=CARTESIAN_POINT('',(5.3,2.95,26.5049330847681));
#13948=CARTESIAN_POINT('',(5.3,2.95,26.5049330847681));
#13949=VECTOR('',#13950,1.);
#13950=DIRECTION('',(0.,0.,-1.));
#13951=CARTESIAN_POINT('',(5.3,2.8847873136677,26.6));
#13952=CARTESIAN_POINT('',(5.3,2.95,26.5049330847681));
#13953=VECTOR('',#13954,1.);
#13954=DIRECTION('',(0.,-0.565669619929605,0.824631967054817));
#13955=CARTESIAN_POINT('',(5.3,0.00249999999999995,26.6));
#13956=CARTESIAN_POINT('',(5.3,2.8847873136677,26.6));
#13957=VECTOR('',#13958,1.);
#13958=DIRECTION('',(0.,-1.,0.));
#13959=CARTESIAN_POINT('',(5.3,0.00250000000000042,18.));
#13960=CARTESIAN_POINT('',(5.3,0.00250000000000083,18.));
#13961=VECTOR('',#13962,1.);
#13962=DIRECTION('',(0.,0.,1.));
#13963=CARTESIAN_POINT('',(5.3,1.75,18.));
#13964=CARTESIAN_POINT('',(5.3,1.75,18.));
#13965=VECTOR('',#13966,1.);
#13966=DIRECTION('',(0.,-1.,0.));
#13967=CARTESIAN_POINT('',(5.3,1.75,17.));
#13968=VECTOR('',#13969,1.);
#13969=DIRECTION('',(0.,0.,1.));
#13970=CARTESIAN_POINT('',(4.9,0.00250000000000006,17.4));
#13971=CARTESIAN_POINT('',(5.3,0.0025,17.));
#13972=VECTOR('',#13973,1.);
#13973=DIRECTION('',(-0.707106781186549,0.,0.707106781186546));
#13974=CARTESIAN_POINT('',(4.9,0.00250000000000014,17.6));
#13975=CARTESIAN_POINT('',(4.9,0.0025,17.6));
#13976=VECTOR('',#13977,1.);
#13977=DIRECTION('',(0.,0.,-1.));
#13978=CARTESIAN_POINT('',(4.9,0.0025,17.6));
#13979=VECTOR('',#13980,1.);
#13980=DIRECTION('',(0.707106781186548,0.,0.707106781186548));
#13981=CARTESIAN_POINT('',(4.32524091130128,0.00249999999999984,29.6));
#13982=CARTESIAN_POINT('',(5.3,0.00249999999999995,26.6));
#13983=VECTOR('',#13984,1.);
#13984=DIRECTION('',(-0.309016994374947,0.,0.951056516295153));
#13985=CARTESIAN_POINT('',(2.29999999999966,0.00250000000000006,29.6));
#13986=CARTESIAN_POINT('',(2.29999999999966,0.0025,29.6));
#13987=VECTOR('',#13988,1.);
#13988=DIRECTION('',(1.,0.,0.));
#13989=CARTESIAN_POINT('',(2.29999999999966,0.00249999999999989,24.6));
#13990=CARTESIAN_POINT('',(2.29999999999966,0.00249999999999995,24.6));
#13991=VECTOR('',#13992,1.);
#13992=DIRECTION('',(0.,0.,1.));
#13993=CARTESIAN_POINT('',(1.95,0.00249999999999997,24.6));
#13994=CARTESIAN_POINT('',(2.29999999999978,0.0025,24.6));
#13995=VECTOR('',#13996,1.);
#13996=DIRECTION('',(-1.,0.,0.));
#13997=CARTESIAN_POINT('',(1.94999999991976,0.00249999999999989,16.8));
#13998=CARTESIAN_POINT('',(1.95,0.00249999999999995,16.8));
#13999=VECTOR('',#14000,1.);
#14000=DIRECTION('',(0.,0.,1.));
#14001=CARTESIAN_POINT('',(3.43999999999999,0.00249999999999967,16.8));
#14002=CARTESIAN_POINT('',(3.44,0.0025,16.8));
#14003=VECTOR('',#14004,1.);
#14004=DIRECTION('',(-1.,0.,0.));
#14005=CARTESIAN_POINT('',(3.43999999999999,0.00249999999999989,14.875));
#14006=CARTESIAN_POINT('',(3.43999999999999,0.00249999999999995,14.875));
#14007=VECTOR('',#14008,1.);
#14008=DIRECTION('',(0.,0.,1.));
#14009=CARTESIAN_POINT('',(4.58300000000002,0.00249999999999992,14.875));
#14010=CARTESIAN_POINT('',(4.58300000003832,0.0025,14.875));
#14011=VECTOR('',#14012,1.);
#14012=DIRECTION('',(-1.,3.79423332440648E-019,0.));
#14013=CARTESIAN_POINT('',(4.58300000000002,0.00249999999999992,13.525));
#14014=CARTESIAN_POINT('',(4.58300000000002,0.00249999999999995,13.525));
#14015=VECTOR('',#14016,1.);
#14016=DIRECTION('',(0.,0.,1.));
#14017=CARTESIAN_POINT('',(3.02750000000775,0.00250000000000011,13.525));
#14018=CARTESIAN_POINT('',(4.58300000003832,0.0025,13.525));
#14019=VECTOR('',#14020,1.);
#14020=DIRECTION('',(-1.,2.78804801662282E-019,0.));
#14021=CARTESIAN_POINT('',(3.02750000000775,0.00249999999999995,10.6));
#14022=CARTESIAN_POINT('',(3.02750000000775,0.00249999999999995,10.6));
#14023=VECTOR('',#14024,1.);
#14024=DIRECTION('',(0.,0.,1.));
#14025=CARTESIAN_POINT('',(4.9,0.00250000000000024,10.6));
#14026=CARTESIAN_POINT('',(3.02750000000775,0.0025,10.6));
#14027=VECTOR('',#14028,1.);
#14028=DIRECTION('',(1.,0.,0.));
#14029=CARTESIAN_POINT('',(4.9,0.00250000000000032,10.6));
#14030=VECTOR('',#14031,1.);
#14031=DIRECTION('',(0.707106781186547,1.26496706876378E-016,0.707106781186548));
#14032=CARTESIAN_POINT('',(4.8,0.00249999999999996,26.1));
#14033=AXIS2_PLACEMENT_3D('',#14034,#14035,#14036);
#14034=CARTESIAN_POINT('',(3.75,0.0025,26.1));
#14035=DIRECTION('',(0.,-1.,-0.));
#14036=DIRECTION('',(1.,0.,0.));
#14037=CARTESIAN_POINT('',(4.8,0.00249999999999996,18.6));
#14038=AXIS2_PLACEMENT_3D('',#14039,#14040,#14041);
#14039=CARTESIAN_POINT('',(3.75,0.0025,18.6));
#14040=DIRECTION('',(0.,-1.,-0.));
#14041=DIRECTION('',(1.,0.,0.));
#14042=CARTESIAN_POINT('',(4.9,1.35,17.4));
#14043=CARTESIAN_POINT('',(4.9,0.00250000000000017,17.4));
#14044=VECTOR('',#14045,1.);
#14045=DIRECTION('',(0.,1.,0.));
#14046=CARTESIAN_POINT('',(4.9,1.35,17.6));
#14047=CARTESIAN_POINT('',(4.9,1.35,17.4));
#14048=VECTOR('',#14049,1.);
#14049=DIRECTION('',(0.,0.,1.));
#14050=CARTESIAN_POINT('',(4.9,1.35,17.6));
#14051=VECTOR('',#14052,1.);
#14052=DIRECTION('',(0.,-1.,0.));
#14053=CARTESIAN_POINT('',(4.9,1.35,17.6));
#14054=VECTOR('',#14055,1.);
#14055=DIRECTION('',(0.577350269189627,0.577350269189626,0.577350269189624));
#14056=CARTESIAN_POINT('',(4.9,1.35,17.4));
#14057=VECTOR('',#14058,1.);
#14058=DIRECTION('',(0.577350269189627,0.577350269189627,-0.577350269189624));
#14059=CARTESIAN_POINT('',(4.9,2.95,10.6));
#14060=CARTESIAN_POINT('',(4.9,2.95,10.6));
#14061=VECTOR('',#14062,1.);
#14062=DIRECTION('',(-3.01332797184097E-016,-1.,0.));
#14063=CARTESIAN_POINT('',(4.9,2.95,10.6));
#14064=VECTOR('',#14065,1.);
#14065=DIRECTION('',(0.707106781186547,7.85046229341884E-016,0.707106781186548));
#14066=CARTESIAN_POINT('',(4.9,3.35,11.));
#14067=CARTESIAN_POINT('',(4.9,3.35,11.));
#14068=VECTOR('',#14069,1.);
#14069=DIRECTION('',(0.707106781186547,-0.707106781186548,-6.28036983473511E-015));
#14070=CARTESIAN_POINT('',(4.9,3.35,26.5697682036414));
#14071=CARTESIAN_POINT('',(4.9,3.35,26.5697682036414));
#14072=VECTOR('',#14073,1.);
#14073=DIRECTION('',(0.,0.,-1.));
#14074=CARTESIAN_POINT('',(4.9,3.35,26.5697682036414));
#14075=VECTOR('',#14076,1.);
#14076=DIRECTION('',(0.702507685388389,-0.70250768538839,-0.11386792322904));
#14077=CARTESIAN_POINT('',(3.90657799146003,2.37524091130128,29.6));
#14078=CARTESIAN_POINT('',(4.88133708015875,3.35,26.6));
#14079=CARTESIAN_POINT('',(3.90657799146003,2.37524091130128,29.6));
#14080=VECTOR('',#14081,1.);
#14081=DIRECTION('',(0.295241808844326,0.295241808844326,-0.908660854566026));
#14082=CARTESIAN_POINT('',(4.32524091130128,1.91002822496898,29.6));
#14083=CARTESIAN_POINT('',(4.32524091130128,1.91002822496898,29.6));
#14084=VECTOR('',#14085,1.);
#14085=DIRECTION('',(-0.668939574402524,0.743316786974551,0.));
#14086=CARTESIAN_POINT('',(4.32524091130128,1.91002822496898,29.6));
#14087=VECTOR('',#14088,1.);
#14088=DIRECTION('',(0.295241808844326,0.295241808844326,-0.908660854566026));
#14089=CARTESIAN_POINT('',(4.88133708015875,3.35,26.6));
#14090=VECTOR('',#14091,1.);
#14091=DIRECTION('',(0.5252960479462,0.,-0.850919539094093));
#14092=CARTESIAN_POINT('',(4.32524091130128,1.91002822496898,29.6));
#14093=VECTOR('',#14094,1.);
#14094=DIRECTION('',(0.,-1.,0.));
#14095=CARTESIAN_POINT('',(-4.32524091130128,0.00249999999999972,29.6));
#14096=CARTESIAN_POINT('',(-2.30000000000035,0.00249999999999995,29.6));
#14097=CARTESIAN_POINT('',(-4.32524091130128,0.0025,29.6));
#14098=VECTOR('',#14099,1.);
#14099=DIRECTION('',(1.,0.,0.));
#14100=CARTESIAN_POINT('',(-2.30000000000047,0.900000000000001,29.6));
#14101=CARTESIAN_POINT('',(-2.30000000000035,0.00249999999999995,29.6));
#14102=VECTOR('',#14103,1.);
#14103=DIRECTION('',(-1.34587481982414E-013,1.,0.));
#14104=CARTESIAN_POINT('',(-1.5,1.69999999999954,29.6));
#14105=AXIS2_PLACEMENT_3D('',#14106,#14107,#14108);
#14106=CARTESIAN_POINT('',(-1.50000000000047,0.899999999999536,29.6));
#14107=DIRECTION('',(0.,0.,1.));
#14108=DIRECTION('',(5.82034420659738E-013,1.,0.));
#14109=CARTESIAN_POINT('',(1.5,1.69999999999954,29.6));
#14110=CARTESIAN_POINT('',(-1.5,1.69999999999954,29.6));
#14111=VECTOR('',#14112,1.);
#14112=DIRECTION('',(1.,0.,0.));
#14113=CARTESIAN_POINT('',(2.29999999999954,0.899999999999536,29.6));
#14114=AXIS2_PLACEMENT_3D('',#14115,#14116,#14117);
#14115=CARTESIAN_POINT('',(1.49999999999954,0.899999999999536,29.6));
#14116=DIRECTION('',(0.,-0.,1.));
#14117=DIRECTION('',(1.,0.,0.));
#14118=CARTESIAN_POINT('',(2.29999999999954,0.89999999999907,29.6));
#14119=VECTOR('',#14120,1.);
#14120=DIRECTION('',(1.35082288901608E-013,-1.,0.));
#14121=CARTESIAN_POINT('',(-2.7005454991503,2.37524091130128,29.6));
#14122=CARTESIAN_POINT('',(-2.7005454991503,2.37524091130128,29.6));
#14123=VECTOR('',#14124,1.);
#14124=DIRECTION('',(1.,0.,0.));
#14125=CARTESIAN_POINT('',(-4.32524091130128,1.43722257774476,29.6));
#14126=CARTESIAN_POINT('',(-4.32524091130128,1.43722257774476,29.6));
#14127=VECTOR('',#14128,1.);
#14128=DIRECTION('',(0.866025403784439,0.5,0.));
#14129=CARTESIAN_POINT('',(-4.32524091130128,0.0024999999999995,29.6));
#14130=VECTOR('',#14131,1.);
#14131=DIRECTION('',(0.,1.,0.));
#14132=CARTESIAN_POINT('',(2.29999999999954,0.899999999999536,24.6));
#14133=CARTESIAN_POINT('',(2.29999999999954,0.89999999999907,24.6));
#14134=VECTOR('',#14135,1.);
#14135=DIRECTION('',(0.,0.,1.));
#14136=CARTESIAN_POINT('',(2.29999999999966,0.00249999999999995,24.6));
#14137=VECTOR('',#14138,1.);
#14138=DIRECTION('',(-1.35082288901607E-013,1.,0.));
#14139=CARTESIAN_POINT('',(1.5,1.69999999999954,24.6));
#14140=AXIS2_PLACEMENT_3D('',#14141,#14142,#14143);
#14141=CARTESIAN_POINT('',(1.49999999999954,0.899999999999536,24.6));
#14142=DIRECTION('',(0.,0.,1.));
#14143=DIRECTION('',(1.,0.,0.));
#14144=CARTESIAN_POINT('',(-1.5,1.69999999999954,24.6));
#14145=CARTESIAN_POINT('',(1.5,1.69999999999954,24.6));
#14146=VECTOR('',#14147,1.);
#14147=DIRECTION('',(-1.,0.,0.));
#14148=CARTESIAN_POINT('',(-2.30000000000047,0.900000000000001,24.6));
#14149=AXIS2_PLACEMENT_3D('',#14150,#14151,#14152);
#14150=CARTESIAN_POINT('',(-1.50000000000047,0.899999999999536,24.6));
#14151=DIRECTION('',(0.,0.,1.));
#14152=DIRECTION('',(5.82034420659738E-013,1.,0.));
#14153=CARTESIAN_POINT('',(-2.30000000000035,0.00249999999999984,24.6));
#14154=CARTESIAN_POINT('',(-2.30000000000047,0.900000000000001,24.6));
#14155=VECTOR('',#14156,1.);
#14156=DIRECTION('',(1.35082288901467E-013,-1.,0.));
#14157=CARTESIAN_POINT('',(-1.95,0.00249999999999995,24.6));
#14158=CARTESIAN_POINT('',(-1.95,0.0025,24.6));
#14159=VECTOR('',#14160,1.);
#14160=DIRECTION('',(-1.,-1.23908819712462E-018,0.));
#14161=CARTESIAN_POINT('',(-1.95,0.849999999296341,24.6));
#14162=CARTESIAN_POINT('',(-1.95,0.849999999296342,24.6));
#14163=VECTOR('',#14164,1.);
#14164=DIRECTION('',(2.61999534052377E-016,-1.,0.));
#14165=CARTESIAN_POINT('',(-1.35,1.44999999929634,24.5999999999981));
#14166=AXIS2_PLACEMENT_3D('',#14167,#14168,#14169);
#14167=CARTESIAN_POINT('',(-1.35,0.849999999296341,24.6));
#14168=DIRECTION('',(0.,-0.,1.));
#14169=DIRECTION('',(0.,1.,0.));
#14170=CARTESIAN_POINT('',(1.35,1.44999999929634,24.6000000000019));
#14171=CARTESIAN_POINT('',(-1.35,1.44999999929634,24.6));
#14172=VECTOR('',#14173,1.);
#14173=DIRECTION('',(1.,0.,0.));
#14174=CARTESIAN_POINT('',(1.95,0.849999999296341,24.6));
#14175=AXIS2_PLACEMENT_3D('',#14176,#14177,#14178);
#14176=CARTESIAN_POINT('',(1.35,0.849999999296341,24.6));
#14177=DIRECTION('',(0.,0.,1.));
#14178=DIRECTION('',(1.,0.,0.));
#14179=CARTESIAN_POINT('',(1.95,0.849999999296341,24.6));
#14180=VECTOR('',#14181,1.);
#14181=DIRECTION('',(0.,-1.,0.));
#14182=CARTESIAN_POINT('',(1.95,0.849999999296341,21.599999999999));
#14183=CARTESIAN_POINT('',(1.95,0.849999999296341,21.599999999999));
#14184=VECTOR('',#14185,1.);
#14185=DIRECTION('',(0.,0.,1.));
#14186=CARTESIAN_POINT('',(1.95,1.44374999971362,19.8587832012588));
#14187=AXIS2_PLACEMENT_3D('',#14188,#14189,#14190);
#14188=CARTESIAN_POINT('',(1.95,3.7,21.6));
#14189=DIRECTION('',(-1.,0.,-0.));
#14190=DIRECTION('',(0.,-0.791666666572085,-0.610953262564857));
#14191=CARTESIAN_POINT('',(1.95,2.1,17.9342804241941));
#14192=AXIS2_PLACEMENT_3D('',#14193,#14194,#14195);
#14193=CARTESIAN_POINT('',(1.95,-1.05000000000102,17.9342804241941));
#14194=DIRECTION('',(1.,-0.,-0.));
#14195=DIRECTION('',(0.,1.,0.));
#14196=CARTESIAN_POINT('',(1.95,2.1,14.875));
#14197=CARTESIAN_POINT('',(1.95,2.1,14.875));
#14198=VECTOR('',#14199,1.);
#14199=DIRECTION('',(0.,0.,1.));
#14200=CARTESIAN_POINT('',(1.94999999983952,1.91600000005673,14.875));
#14201=CARTESIAN_POINT('',(1.94999999983952,1.91600000005673,14.875));
#14202=VECTOR('',#14203,1.);
#14203=DIRECTION('',(8.72179140772857E-010,1.,0.));
#14204=CARTESIAN_POINT('',(1.94999999983952,1.91600000005673,16.8));
#14205=CARTESIAN_POINT('',(1.94999999983952,1.91600000005673,16.8));
#14206=VECTOR('',#14207,1.);
#14207=DIRECTION('',(0.,0.,-1.));
#14208=CARTESIAN_POINT('',(1.94999999983952,1.91600000005673,16.8));
#14209=VECTOR('',#14210,1.);
#14210=DIRECTION('',(0.,-1.,0.));
#14211=CARTESIAN_POINT('',(2.54000000011495,1.91600000005673,16.8));
#14212=CARTESIAN_POINT('',(2.54000000011495,1.91600000005673,16.8));
#14213=VECTOR('',#14214,1.);
#14214=DIRECTION('',(-1.,0.,0.));
#14215=CARTESIAN_POINT('',(3.44,1.016,16.8));
#14216=AXIS2_PLACEMENT_3D('',#14217,#14218,#14219);
#14217=CARTESIAN_POINT('',(2.54,1.016,16.8));
#14218=DIRECTION('',(0.,0.,1.));
#14219=DIRECTION('',(1.,0.,0.));
#14220=CARTESIAN_POINT('',(3.43999999999999,0.00249999999999972,16.8));
#14221=VECTOR('',#14222,1.);
#14222=DIRECTION('',(-2.1908693135178E-015,1.,0.));
#14223=CARTESIAN_POINT('',(3.44,1.01600000000001,14.875));
#14224=CARTESIAN_POINT('',(3.43999999999999,1.01600000000001,14.875));
#14225=VECTOR('',#14226,1.);
#14226=DIRECTION('',(0.,0.,1.));
#14227=CARTESIAN_POINT('',(3.43999999999999,0.00249999999999984,14.875));
#14228=VECTOR('',#14229,1.);
#14229=DIRECTION('',(-2.1908693135178E-015,1.,0.));
#14230=CARTESIAN_POINT('',(2.54000000011495,1.91600000002837,14.875));
#14231=AXIS2_PLACEMENT_3D('',#14232,#14233,#14234);
#14232=CARTESIAN_POINT('',(2.54,1.016,14.875));
#14233=DIRECTION('',(0.,0.,1.));
#14234=DIRECTION('',(1.,0.,0.));
#14235=CARTESIAN_POINT('',(2.54000000011495,1.91600000005673,14.875));
#14236=VECTOR('',#14237,1.);
#14237=DIRECTION('',(-1.,0.,0.));
#14238=CARTESIAN_POINT('',(1.35,2.7,14.875));
#14239=AXIS2_PLACEMENT_3D('',#14240,#14241,#14242);
#14240=CARTESIAN_POINT('',(1.35,2.1,14.875));
#14241=DIRECTION('',(0.,0.,1.));
#14242=DIRECTION('',(1.,0.,0.));
#14243=CARTESIAN_POINT('',(-1.35,2.7,14.875));
#14244=CARTESIAN_POINT('',(1.35,2.7,14.875));
#14245=VECTOR('',#14246,1.);
#14246=DIRECTION('',(-1.,0.,0.));
#14247=CARTESIAN_POINT('',(-1.95,2.1,14.875));
#14248=AXIS2_PLACEMENT_3D('',#14249,#14250,#14251);
#14249=CARTESIAN_POINT('',(-1.35,2.1,14.875));
#14250=DIRECTION('',(0.,-0.,1.));
#14251=DIRECTION('',(0.,1.,0.));
#14252=CARTESIAN_POINT('',(-1.94999999977111,1.83764484042942,14.875));
#14253=CARTESIAN_POINT('',(-1.95,2.1,14.875));
#14254=VECTOR('',#14255,1.);
#14255=DIRECTION('',(8.72433208059057E-010,-1.,0.));
#14256=CARTESIAN_POINT('',(-3.16975186519013,0.642971685476508,14.875));
#14257=CARTESIAN_POINT('',(-1.94999999977111,1.83764484042942,14.875));
#14258=VECTOR('',#14259,1.);
#14259=DIRECTION('',(-0.714412983984267,-0.699724294500838,0.));
#14260=CARTESIAN_POINT('',(-3.43999652777108,0.0025,14.875));
#14261=AXIS2_PLACEMENT_3D('',#14262,#14263,#14264);
#14262=CARTESIAN_POINT('',(-2.54,1.88768432695266E-015,14.875));
#14263=DIRECTION('',(0.,-0.,1.));
#14264=DIRECTION('',(-0.699724294640603,0.714412983847375,0.));
#14265=CARTESIAN_POINT('',(-4.45599841853874,0.00249999999999964,14.875));
#14266=CARTESIAN_POINT('',(-3.43999652777108,0.0025,14.875));
#14267=VECTOR('',#14268,1.);
#14268=DIRECTION('',(-1.,0.,0.));
#14269=CARTESIAN_POINT('',(-3.40274999999976,1.82428234340554,14.875));
#14270=AXIS2_PLACEMENT_3D('',#14271,#14272,#14273);
#14271=CARTESIAN_POINT('',(-2.34950009795668,-1.4210854715202E-014,14.875));
#14272=DIRECTION('',(0.,0.,1.));
#14273=DIRECTION('',(-0.5,0.866025403784439,0.));
#14274=CARTESIAN_POINT('',(-2.07140956403827,2.59293210249094,14.875));
#14275=CARTESIAN_POINT('',(-2.07140956403827,2.59293210249094,14.875));
#14276=VECTOR('',#14277,1.);
#14277=DIRECTION('',(-0.866025403784439,-0.5,0.));
#14278=CARTESIAN_POINT('',(-1.27996139588006,2.80500000000002,14.875));
#14279=AXIS2_PLACEMENT_3D('',#14280,#14281,#14282);
#14280=CARTESIAN_POINT('',(-1.27996139588007,1.22210366368362,14.875));
#14281=DIRECTION('',(0.,0.,1.));
#14282=DIRECTION('',(5.61109656597618E-015,1.,0.));
#14283=CARTESIAN_POINT('',(2.47700038000005,2.805,14.875));
#14284=CARTESIAN_POINT('',(2.47700038000005,2.805,14.875));
#14285=VECTOR('',#14286,1.);
#14286=DIRECTION('',(-1.,5.6738086103656E-015,0.));
#14287=CARTESIAN_POINT('',(4.58300000000002,0.699000380000015,14.875));
#14288=AXIS2_PLACEMENT_3D('',#14289,#14290,#14291);
#14289=CARTESIAN_POINT('',(2.47700038000004,0.699000380000015,14.875));
#14290=DIRECTION('',(0.,0.,1.));
#14291=DIRECTION('',(1.,0.,0.));
#14292=CARTESIAN_POINT('',(4.58300000000002,0.00249999999999995,14.875));
#14293=VECTOR('',#14294,1.);
#14294=DIRECTION('',(0.,1.,0.));
#14295=CARTESIAN_POINT('',(4.58300000000002,0.699000380000015,13.525));
#14296=CARTESIAN_POINT('',(4.58300000000002,0.699000380000015,13.525));
#14297=VECTOR('',#14298,1.);
#14298=DIRECTION('',(0.,0.,1.));
#14299=CARTESIAN_POINT('',(4.58300000000002,0.00249999999999995,13.525));
#14300=VECTOR('',#14301,1.);
#14301=DIRECTION('',(0.,1.,0.));
#14302=CARTESIAN_POINT('',(2.47700038000005,2.805,13.525));
#14303=AXIS2_PLACEMENT_3D('',#14304,#14305,#14306);
#14304=CARTESIAN_POINT('',(2.47700038000004,0.699000380000015,13.525));
#14305=DIRECTION('',(0.,0.,1.));
#14306=DIRECTION('',(1.,0.,0.));
#14307=CARTESIAN_POINT('',(-1.27996139588006,2.80500000000002,13.525));
#14308=CARTESIAN_POINT('',(2.47700038000005,2.805,13.525));
#14309=VECTOR('',#14310,1.);
#14310=DIRECTION('',(-1.,5.6738086103656E-015,0.));
#14311=CARTESIAN_POINT('',(-2.07140956403827,2.59293210249094,13.525));
#14312=AXIS2_PLACEMENT_3D('',#14313,#14314,#14315);
#14313=CARTESIAN_POINT('',(-1.27996139588007,1.22210366368362,13.525));
#14314=DIRECTION('',(0.,0.,1.));
#14315=DIRECTION('',(5.61109656597618E-015,1.,0.));
#14316=CARTESIAN_POINT('',(-3.40274999999976,1.82428234340554,13.525));
#14317=CARTESIAN_POINT('',(-2.07140956403827,2.59293210249094,13.525));
#14318=VECTOR('',#14319,1.);
#14319=DIRECTION('',(-0.866025403784439,-0.5,0.));
#14320=CARTESIAN_POINT('',(-4.45599841853874,0.00249999999999964,13.525));
#14321=AXIS2_PLACEMENT_3D('',#14322,#14323,#14324);
#14322=CARTESIAN_POINT('',(-2.34950009795668,-1.4210854715202E-014,13.525));
#14323=DIRECTION('',(0.,0.,1.));
#14324=DIRECTION('',(-0.5,0.866025403784439,0.));
#14325=CARTESIAN_POINT('',(-3.02749358970144,0.00249999999999988,13.525));
#14326=CARTESIAN_POINT('',(-3.02749358970146,0.0025,13.525));
#14327=VECTOR('',#14328,1.);
#14328=DIRECTION('',(-1.,3.03590761640751E-019,0.));
#14329=CARTESIAN_POINT('',(-2.54,0.487500000000002,13.525));
#14330=AXIS2_PLACEMENT_3D('',#14331,#14332,#14333);
#14331=CARTESIAN_POINT('',(-2.54,1.88768432695266E-015,13.525));
#14332=DIRECTION('',(0.,0.,-1.));
#14333=DIRECTION('',(-0.999986850669629,0.00512820512820101,0.));
#14334=CARTESIAN_POINT('',(-1.95,0.487500000000002,13.525));
#14335=CARTESIAN_POINT('',(-1.95,0.487500000000002,13.525));
#14336=VECTOR('',#14337,1.);
#14337=DIRECTION('',(-1.,0.,0.));
#14338=CARTESIAN_POINT('',(-1.95,2.1,13.525));
#14339=CARTESIAN_POINT('',(-1.95,2.1,13.525));
#14340=VECTOR('',#14341,1.);
#14341=DIRECTION('',(0.,-1.,0.));
#14342=CARTESIAN_POINT('',(-1.35,2.7,13.525));
#14343=AXIS2_PLACEMENT_3D('',#14344,#14345,#14346);
#14344=CARTESIAN_POINT('',(-1.35,2.1,13.525));
#14345=DIRECTION('',(0.,0.,-1.));
#14346=DIRECTION('',(-1.,0.,0.));
#14347=CARTESIAN_POINT('',(1.35,2.7,13.525));
#14348=CARTESIAN_POINT('',(1.35,2.7,13.525));
#14349=VECTOR('',#14350,1.);
#14350=DIRECTION('',(-1.,0.,0.));
#14351=CARTESIAN_POINT('',(1.95,2.1,13.525));
#14352=AXIS2_PLACEMENT_3D('',#14353,#14354,#14355);
#14353=CARTESIAN_POINT('',(1.35,2.1,13.525));
#14354=DIRECTION('',(0.,0.,-1.));
#14355=DIRECTION('',(0.,1.,0.));
#14356=CARTESIAN_POINT('',(1.95,1.5035,13.525));
#14357=CARTESIAN_POINT('',(1.95,1.5035,13.525));
#14358=VECTOR('',#14359,1.);
#14359=DIRECTION('',(0.,1.,0.));
#14360=CARTESIAN_POINT('',(2.54,1.5035,13.525));
#14361=CARTESIAN_POINT('',(2.54,1.5035,13.525));
#14362=VECTOR('',#14363,1.);
#14363=DIRECTION('',(-1.,0.,0.));
#14364=CARTESIAN_POINT('',(3.02749999999832,1.01600000000454,13.525));
#14365=AXIS2_PLACEMENT_3D('',#14366,#14367,#14368);
#14366=CARTESIAN_POINT('',(2.53999999999832,1.016,13.525));
#14367=DIRECTION('',(0.,0.,-1.));
#14368=DIRECTION('',(3.43611179395782E-012,1.,0.));
#14369=CARTESIAN_POINT('',(3.02750000000775,0.00250000000000006,13.525));
#14370=VECTOR('',#14371,1.);
#14371=DIRECTION('',(-9.30199293129234E-012,1.,0.));
#14372=CARTESIAN_POINT('',(3.02749999999832,1.01600000000454,10.6));
#14373=CARTESIAN_POINT('',(3.02749999999832,1.01600000000454,13.525));
#14374=VECTOR('',#14375,1.);
#14375=DIRECTION('',(0.,0.,-1.));
#14376=CARTESIAN_POINT('',(3.02749999999832,1.01600000000454,10.6));
#14377=VECTOR('',#14378,1.);
#14378=DIRECTION('',(9.30243110515504E-012,-1.,0.));
#14379=CARTESIAN_POINT('',(-3.02749358970144,0.0025000000000001,10.6));
#14380=CARTESIAN_POINT('',(-4.9,0.00250000000000051,10.6));
#14381=CARTESIAN_POINT('',(-4.9,0.0025,10.6));
#14382=VECTOR('',#14383,1.);
#14383=DIRECTION('',(1.,0.,0.));
#14384=CARTESIAN_POINT('',(-4.9,1.76905989232415,10.6));
#14385=CARTESIAN_POINT('',(-4.9,0.00250000000000083,10.6));
#14386=VECTOR('',#14387,1.);
#14387=DIRECTION('',(-5.02772888459278E-016,1.,0.));
#14388=CARTESIAN_POINT('',(-2.85455173280957,2.95,10.6));
#14389=CARTESIAN_POINT('',(-4.9,1.76905989232415,10.6));
#14390=VECTOR('',#14391,1.);
#14391=DIRECTION('',(0.866025403784439,0.5,0.));
#14392=CARTESIAN_POINT('',(-2.85455173280957,2.95,10.6));
#14393=VECTOR('',#14394,1.);
#14394=DIRECTION('',(1.,0.,0.));
#14395=CARTESIAN_POINT('',(2.54,1.5035,10.6));
#14396=AXIS2_PLACEMENT_3D('',#14397,#14398,#14399);
#14397=CARTESIAN_POINT('',(2.53999999999832,1.016,10.6));
#14398=DIRECTION('',(0.,-0.,-1.));
#14399=DIRECTION('',(3.43611179395782E-012,1.,0.));
#14400=CARTESIAN_POINT('',(1.95,1.5035,10.6));
#14401=CARTESIAN_POINT('',(1.95,1.5035,10.6));
#14402=VECTOR('',#14403,1.);
#14403=DIRECTION('',(1.,0.,0.));
#14404=CARTESIAN_POINT('',(1.95,2.1,10.6));
#14405=CARTESIAN_POINT('',(1.95,2.1,10.6));
#14406=VECTOR('',#14407,1.);
#14407=DIRECTION('',(0.,-1.,0.));
#14408=CARTESIAN_POINT('',(1.35,2.7,10.6));
#14409=AXIS2_PLACEMENT_3D('',#14410,#14411,#14412);
#14410=CARTESIAN_POINT('',(1.35,2.1,10.6));
#14411=DIRECTION('',(-0.,0.,-1.));
#14412=DIRECTION('',(0.,1.,0.));
#14413=CARTESIAN_POINT('',(-1.35,2.7,10.6));
#14414=CARTESIAN_POINT('',(-1.35,2.7,10.6));
#14415=VECTOR('',#14416,1.);
#14416=DIRECTION('',(1.,0.,0.));
#14417=CARTESIAN_POINT('',(-1.95,2.1,10.6));
#14418=AXIS2_PLACEMENT_3D('',#14419,#14420,#14421);
#14419=CARTESIAN_POINT('',(-1.35,2.1,10.6));
#14420=DIRECTION('',(0.,0.,-1.));
#14421=DIRECTION('',(-1.,0.,0.));
#14422=CARTESIAN_POINT('',(-1.95,0.487500000000002,10.6));
#14423=CARTESIAN_POINT('',(-1.95,0.487500000000002,10.6));
#14424=VECTOR('',#14425,1.);
#14425=DIRECTION('',(0.,1.,0.));
#14426=CARTESIAN_POINT('',(-2.54,0.487500000000002,10.6));
#14427=CARTESIAN_POINT('',(-2.54,0.487500000000002,10.6));
#14428=VECTOR('',#14429,1.);
#14429=DIRECTION('',(1.,0.,0.));
#14430=AXIS2_PLACEMENT_3D('',#14431,#14432,#14433);
#14431=CARTESIAN_POINT('',(-2.54,1.88768432695266E-015,10.6));
#14432=DIRECTION('',(-0.,0.,-1.));
#14433=DIRECTION('',(-0.999986850669629,0.00512820512820145,0.));
#14434=CARTESIAN_POINT('',(4.58082464074058,0.221675359259421,26.1));
#14435=AXIS2_PLACEMENT_3D('',#14436,#14437,#14438);
#14436=CARTESIAN_POINT('',(3.75,0.221675359259421,26.1));
#14437=DIRECTION('',(0.,-1.,0.));
#14438=DIRECTION('',(1.,0.,0.));
#14439=CARTESIAN_POINT('',(4.58082464074058,0.221675359259421,18.6));
#14440=AXIS2_PLACEMENT_3D('',#14441,#14442,#14443);
#14441=CARTESIAN_POINT('',(3.75,0.221675359259421,18.6));
#14442=DIRECTION('',(0.,-1.,0.));
#14443=DIRECTION('',(1.,0.,0.));
#14444=CARTESIAN_POINT('',(4.9,3.35,11.));
#14445=VECTOR('',#14446,1.);
#14446=DIRECTION('',(0.,-0.707106781186545,-0.70710678118655));
#14447=CARTESIAN_POINT('',(-2.96173140978201,3.35,11.));
#14448=CARTESIAN_POINT('',(-2.96173140978201,3.35,11.));
#14449=VECTOR('',#14450,1.);
#14450=DIRECTION('',(1.,0.,-4.51899650804658E-016));
#14451=CARTESIAN_POINT('',(-2.96173140978201,3.35,26.6));
#14452=CARTESIAN_POINT('',(-2.96173140978201,3.35,26.6));
#14453=VECTOR('',#14454,1.);
#14454=DIRECTION('',(0.,0.,-1.));
#14455=CARTESIAN_POINT('',(-2.96173140978201,3.35,26.6));
#14456=VECTOR('',#14457,1.);
#14457=DIRECTION('',(1.,0.,0.));
#14458=CARTESIAN_POINT('',(-2.7005454991503,2.37524091130128,29.6));
#14459=VECTOR('',#14460,1.);
#14460=DIRECTION('',(-0.0825184647462198,0.307963102995474,-0.947812972146576));
#14461=CARTESIAN_POINT('',(-2.30000000000035,0.00249999999999995,29.6));
#14462=VECTOR('',#14463,1.);
#14463=DIRECTION('',(0.,0.,-1.));
#14464=CARTESIAN_POINT('',(-5.3,0.00249999999999928,26.6));
#14465=CARTESIAN_POINT('',(-4.32524091130128,0.0024999999999995,29.6));
#14466=VECTOR('',#14467,1.);
#14467=DIRECTION('',(-0.309016994374947,-7.0392322807378E-017,-0.951056516295153));
#14468=CARTESIAN_POINT('',(-5.3,0.0024999999999995,11.));
#14469=CARTESIAN_POINT('',(-5.3,0.00249999999999995,26.6));
#14470=VECTOR('',#14471,1.);
#14471=DIRECTION('',(0.,0.,-1.));
#14472=CARTESIAN_POINT('',(-5.3,0.00249999999999995,11.));
#14473=VECTOR('',#14474,1.);
#14474=DIRECTION('',(0.707106781186545,4.36221977046419E-016,-0.70710678118655));
#14475=CARTESIAN_POINT('',(-3.02749358970144,0.0025,13.525));
#14476=VECTOR('',#14477,1.);
#14477=DIRECTION('',(0.,0.,-1.));
#14478=CARTESIAN_POINT('',(-4.45599841853874,0.0025,13.525));
#14479=VECTOR('',#14480,1.);
#14480=DIRECTION('',(0.,0.,1.));
#14481=CARTESIAN_POINT('',(-3.43999652777108,0.00250000000000013,16.8));
#14482=CARTESIAN_POINT('',(-3.43999652777108,0.0025,14.875));
#14483=VECTOR('',#14484,1.);
#14484=DIRECTION('',(0.,0.,1.));
#14485=CARTESIAN_POINT('',(-1.94999999988556,0.00249999999999989,16.8));
#14486=CARTESIAN_POINT('',(-1.94999999977111,0.0025,16.8));
#14487=VECTOR('',#14488,1.);
#14488=DIRECTION('',(-1.,0.,0.));
#14489=CARTESIAN_POINT('',(-1.95,0.00250000000000011,24.6));
#14490=VECTOR('',#14491,1.);
#14491=DIRECTION('',(0.,0.,-1.));
#14492=CARTESIAN_POINT('',(-2.7,0.00249999999999996,18.6));
#14493=AXIS2_PLACEMENT_3D('',#14494,#14495,#14496);
#14494=CARTESIAN_POINT('',(-3.75,0.0025,18.6));
#14495=DIRECTION('',(0.,-1.,-0.));
#14496=DIRECTION('',(1.,0.,0.));
#14497=CARTESIAN_POINT('',(-2.7,0.00249999999999996,26.1));
#14498=AXIS2_PLACEMENT_3D('',#14499,#14500,#14501);
#14499=CARTESIAN_POINT('',(-3.75,0.0025,26.1));
#14500=DIRECTION('',(0.,-1.,-0.));
#14501=DIRECTION('',(1.,0.,0.));
#14502=CARTESIAN_POINT('',(-2.30000000000047,0.900000000000001,24.6));
#14503=VECTOR('',#14504,1.);
#14504=DIRECTION('',(0.,0.,1.));
#14505=CARTESIAN_POINT('',(-1.5,1.69999999999954,28.6));
#14506=CARTESIAN_POINT('',(-2.02915026221338,1.49999999999954,28.4));
#14507=CARTESIAN_POINT('',(-1.50000000000047,1.69999999999954,28.6));
#14508=CARTESIAN_POINT('',(-1.69704603979111,1.69999999999954,28.6));
#14509=CARTESIAN_POINT('',(-1.8813657323704,1.63033370452858,28.530333704529));
#14510=CARTESIAN_POINT('',(-2.02915026221338,1.49999999999954,28.4));
#14511=CARTESIAN_POINT('',(-1.5,1.69999999999954,28.6));
#14512=VECTOR('',#14513,1.);
#14513=DIRECTION('',(0.,0.,1.));
#14514=CARTESIAN_POINT('',(-1.5,1.69999999999954,27.6));
#14515=CARTESIAN_POINT('',(-1.5,1.69999999999954,24.6));
#14516=VECTOR('',#14517,1.);
#14517=DIRECTION('',(0.,0.,1.));
#14518=CARTESIAN_POINT('',(-2.02915026221338,1.49999999999954,27.8));
#14519=CARTESIAN_POINT('',(-1.5,1.69999999999954,27.6));
#14520=CARTESIAN_POINT('',(-1.69704603979081,1.69999999999965,27.5999999999999));
#14521=CARTESIAN_POINT('',(-1.88136573237028,1.63033370452869,27.6696662954709));
#14522=CARTESIAN_POINT('',(-2.02915026221338,1.49999999999954,27.8));
#14523=CARTESIAN_POINT('',(-2.02915026221338,1.49999999999954,27.8));
#14524=VECTOR('',#14525,1.);
#14525=DIRECTION('',(0.,0.,1.));
#14526=CARTESIAN_POINT('',(1.5,1.69999999999954,28.6));
#14527=CARTESIAN_POINT('',(-1.5,1.69999999999954,28.6));
#14528=VECTOR('',#14529,1.);
#14529=DIRECTION('',(1.,0.,0.));
#14530=CARTESIAN_POINT('',(1.5,1.69999999999954,28.6));
#14531=VECTOR('',#14532,1.);
#14532=DIRECTION('',(0.,0.,1.));
#14533=CARTESIAN_POINT('',(2.02915026221245,1.49999999999954,28.4));
#14534=CARTESIAN_POINT('',(2.02915026221245,1.49999999999954,28.4));
#14535=CARTESIAN_POINT('',(1.88136573236947,1.63033370452858,28.530333704529));
#14536=CARTESIAN_POINT('',(1.69704603979018,1.69999999999954,28.6));
#14537=CARTESIAN_POINT('',(1.49999999999954,1.69999999999954,28.6));
#14538=CARTESIAN_POINT('',(2.02915026221245,1.49999999999954,27.8));
#14539=CARTESIAN_POINT('',(2.02915026221245,1.49999999999954,27.8));
#14540=VECTOR('',#14541,1.);
#14541=DIRECTION('',(0.,0.,1.));
#14542=CARTESIAN_POINT('',(1.5,1.69999999999954,27.6));
#14543=CARTESIAN_POINT('',(2.02915026221245,1.49999999999954,27.8));
#14544=CARTESIAN_POINT('',(1.88136573236947,1.63033370452858,27.669666295471));
#14545=CARTESIAN_POINT('',(1.69704603979017,1.69999999999954,27.6));
#14546=CARTESIAN_POINT('',(1.49999999999954,1.69999999999954,27.6));
#14547=CARTESIAN_POINT('',(1.5,1.69999999999954,24.6));
#14548=VECTOR('',#14549,1.);
#14549=DIRECTION('',(0.,0.,1.));
#14550=CARTESIAN_POINT('',(-5.3,2.,26.6));
#14551=CARTESIAN_POINT('',(-5.3,2.,26.6));
#14552=VECTOR('',#14553,1.);
#14553=DIRECTION('',(0.866025403784439,0.5,0.));
#14554=CARTESIAN_POINT('',(-4.32524091130128,1.43722257774476,29.6));
#14555=VECTOR('',#14556,1.);
#14556=DIRECTION('',(-0.304213290298922,0.175637625045144,-0.936272235342908));
#14557=CARTESIAN_POINT('',(-5.3,0.0024999999999995,26.6));
#14558=VECTOR('',#14559,1.);
#14559=DIRECTION('',(0.,1.,0.));
#14560=CARTESIAN_POINT('',(1.5,1.69999999999954,27.6));
#14561=VECTOR('',#14562,1.);
#14562=DIRECTION('',(-1.,0.,0.));
#14563=CARTESIAN_POINT('',(-1.94999999977111,1.83764484042942,16.8));
#14564=CARTESIAN_POINT('',(-1.94999999977111,1.83764484042942,16.8));
#14565=VECTOR('',#14566,1.);
#14566=DIRECTION('',(0.,-1.,0.));
#14567=CARTESIAN_POINT('',(-1.94999999977111,1.83764484042942,14.875));
#14568=VECTOR('',#14569,1.);
#14569=DIRECTION('',(0.,0.,1.));
#14570=CARTESIAN_POINT('',(-1.95,2.1,17.9342804241941));
#14571=CARTESIAN_POINT('',(-1.95,2.1,14.875));
#14572=VECTOR('',#14573,1.);
#14573=DIRECTION('',(0.,0.,1.));
#14574=CARTESIAN_POINT('',(-1.95,1.44374999971362,19.8587832012588));
#14575=AXIS2_PLACEMENT_3D('',#14576,#14577,#14578);
#14576=CARTESIAN_POINT('',(-1.95,-1.05000000000102,17.9342804241941));
#14577=DIRECTION('',(1.,-0.,0.));
#14578=DIRECTION('',(0.,1.,0.));
#14579=CARTESIAN_POINT('',(-1.95,0.849999999296341,21.599999999999));
#14580=AXIS2_PLACEMENT_3D('',#14581,#14582,#14583);
#14581=CARTESIAN_POINT('',(-1.95,3.7,21.6));
#14582=DIRECTION('',(-1.,0.,-0.));
#14583=DIRECTION('',(0.,-0.791666666572084,-0.610953262564858));
#14584=CARTESIAN_POINT('',(-1.95,0.849999999296341,21.599999999999));
#14585=VECTOR('',#14586,1.);
#14586=DIRECTION('',(0.,0.,1.));
#14587=CARTESIAN_POINT('',(-1.35,1.44999999929634,21.599999999999));
#14588=AXIS2_PLACEMENT_3D('',#14589,#14590,#14591);
#14589=CARTESIAN_POINT('',(-1.35,0.849999999296341,21.599999999999));
#14590=DIRECTION('',(0.,-3.37119221427429E-013,1.));
#14591=DIRECTION('',(-6.12323399573677E-017,1.,3.37119221427429E-013));
#14592=CARTESIAN_POINT('',(-1.35,1.44999999929634,21.5999999999952));
#14593=VECTOR('',#14594,1.);
#14594=DIRECTION('',(0.,0.,1.));
#14595=CARTESIAN_POINT('',(1.35,1.44999999929634,21.5999999999952));
#14596=CARTESIAN_POINT('',(1.35,1.44999999929634,21.5999999999952));
#14597=VECTOR('',#14598,1.);
#14598=DIRECTION('',(-1.,0.,0.));
#14599=CARTESIAN_POINT('',(1.35,1.44999999929634,21.5999999999952));
#14600=VECTOR('',#14601,1.);
#14601=DIRECTION('',(0.,0.,1.));
#14602=AXIS2_PLACEMENT_3D('',#14603,#14604,#14605);
#14603=CARTESIAN_POINT('',(1.35,0.849999999296341,21.599999999999));
#14604=DIRECTION('',(0.,-3.37119221427429E-013,1.));
#14605=DIRECTION('',(1.,6.12323399573677E-017,2.06425987726074E-029));
#14606=CARTESIAN_POINT('',(1.35,1.91874999965911,20.2253551587948));
#14607=AXIS2_PLACEMENT_3D('',#14608,#14609,#14610);
#14608=CARTESIAN_POINT('',(1.35,3.7,21.6));
#14609=DIRECTION('',(-1.,-0.,0.));
#14610=DIRECTION('',(0.,-0.791666666571692,-0.610953262565367));
#14611=AXIS2_PLACEMENT_3D('',#14612,#14613,#14614);
#14612=CARTESIAN_POINT('',(1.35,1.44374999971362,19.8587832012588));
#14613=DIRECTION('',(0.,-0.61095326256002,0.791666666575818));
#14614=DIRECTION('',(1.,4.84756024606865E-017,3.7410097871138E-017));
#14615=CARTESIAN_POINT('',(1.35,2.7,17.9342804241941));
#14616=AXIS2_PLACEMENT_3D('',#14617,#14618,#14619);
#14617=CARTESIAN_POINT('',(1.35,-1.05000000000102,17.9342804241941));
#14618=DIRECTION('',(1.,0.,-0.));
#14619=DIRECTION('',(0.,1.,0.));
#14620=AXIS2_PLACEMENT_3D('',#14621,#14622,#14623);
#14621=CARTESIAN_POINT('',(1.35,2.1,17.9342804241941));
#14622=DIRECTION('',(-0.,-0.,1.));
#14623=DIRECTION('',(1.,-8.67973966593198E-017,0.));
#14624=CARTESIAN_POINT('',(1.35,2.7,14.875));
#14625=VECTOR('',#14626,1.);
#14626=DIRECTION('',(0.,0.,1.));
#14627=CARTESIAN_POINT('',(2.54000000011495,1.91600000005673,14.875));
#14628=VECTOR('',#14629,1.);
#14629=DIRECTION('',(0.,0.,1.));
#14630=CARTESIAN_POINT('',(-1.35,2.7,17.9342804241941));
#14631=CARTESIAN_POINT('',(1.35,2.7,17.9342804241941));
#14632=VECTOR('',#14633,1.);
#14633=DIRECTION('',(-1.,0.,0.));
#14634=CARTESIAN_POINT('',(-1.35,2.7,14.875));
#14635=VECTOR('',#14636,1.);
#14636=DIRECTION('',(0.,0.,1.));
#14637=AXIS2_PLACEMENT_3D('',#14638,#14639,#14640);
#14638=CARTESIAN_POINT('',(-1.35,2.1,17.9342804241941));
#14639=DIRECTION('',(-0.,-0.,1.));
#14640=DIRECTION('',(-2.83276944882399E-016,1.,0.));
#14641=CARTESIAN_POINT('',(-3.16975186517654,0.64297168546264,16.8));
#14642=CARTESIAN_POINT('',(-1.94999999977111,1.83764484042942,16.8));
#14643=VECTOR('',#14644,1.);
#14644=DIRECTION('',(-0.714412983984267,-0.699724294500838,0.));
#14645=CARTESIAN_POINT('',(-3.16975186520371,0.642971685490376,14.875));
#14646=VECTOR('',#14647,1.);
#14647=DIRECTION('',(0.,0.,1.));
#14648=AXIS2_PLACEMENT_3D('',#14649,#14650,#14651);
#14649=CARTESIAN_POINT('',(-2.54,1.88768432695266E-015,16.8));
#14650=DIRECTION('',(0.,0.,1.));
#14651=DIRECTION('',(-0.699724294640603,0.714412983847375,0.));
#14652=CARTESIAN_POINT('',(-3.40274999999976,1.82428234340554,13.525));
#14653=VECTOR('',#14654,1.);
#14654=DIRECTION('',(0.,0.,1.));
#14655=CARTESIAN_POINT('',(-2.07140956403827,2.59293210249094,13.525));
#14656=VECTOR('',#14657,1.);
#14657=DIRECTION('',(0.,0.,1.));
#14658=CARTESIAN_POINT('',(-1.27996139588006,2.80500000000002,13.525));
#14659=VECTOR('',#14660,1.);
#14660=DIRECTION('',(0.,0.,1.));
#14661=CARTESIAN_POINT('',(2.47700038000005,2.805,13.525));
#14662=VECTOR('',#14663,1.);
#14663=DIRECTION('',(0.,0.,1.));
#14664=CARTESIAN_POINT('',(-2.54,0.487500000000002,13.525));
#14665=VECTOR('',#14666,1.);
#14666=DIRECTION('',(0.,0.,-1.));
#14667=CARTESIAN_POINT('',(-1.95,0.487500000000002,13.525));
#14668=VECTOR('',#14669,1.);
#14669=DIRECTION('',(0.,0.,-1.));
#14670=CARTESIAN_POINT('',(-1.95,2.1,13.525));
#14671=VECTOR('',#14672,1.);
#14672=DIRECTION('',(0.,0.,-1.));
#14673=CARTESIAN_POINT('',(-1.35,2.7,13.525));
#14674=VECTOR('',#14675,1.);
#14675=DIRECTION('',(0.,0.,-1.));
#14676=CARTESIAN_POINT('',(1.35,2.7,13.525));
#14677=VECTOR('',#14678,1.);
#14678=DIRECTION('',(0.,0.,-1.));
#14679=CARTESIAN_POINT('',(1.95,2.1,13.525));
#14680=VECTOR('',#14681,1.);
#14681=DIRECTION('',(0.,0.,-1.));
#14682=CARTESIAN_POINT('',(1.95,1.5035,13.525));
#14683=VECTOR('',#14684,1.);
#14684=DIRECTION('',(0.,0.,-1.));
#14685=CARTESIAN_POINT('',(2.54,1.5035,13.525));
#14686=VECTOR('',#14687,1.);
#14687=DIRECTION('',(0.,0.,-1.));
#14688=CARTESIAN_POINT('',(-5.3,2.,11.));
#14689=CARTESIAN_POINT('',(-5.3,0.0024999999999995,11.));
#14690=VECTOR('',#14691,1.);
#14691=DIRECTION('',(0.,1.,-8.89290032240426E-016));
#14692=CARTESIAN_POINT('',(-5.3,2.,11.));
#14693=VECTOR('',#14694,1.);
#14694=DIRECTION('',(0.654653670707977,-0.377964473009225,-0.654653670707979));
#14695=CARTESIAN_POINT('',(-5.3,2.,11.));
#14696=VECTOR('',#14697,1.);
#14697=DIRECTION('',(0.866025403784439,0.5,0.));
#14698=CARTESIAN_POINT('',(-2.96173140978201,3.35,11.));
#14699=VECTOR('',#14700,1.);
#14700=DIRECTION('',(0.186156787897386,-0.694746590606865,-0.694746590606867));
#14701=CARTESIAN_POINT('',(4.51251133647408,1.0025,26.1));
#14702=AXIS2_PLACEMENT_3D('',#14703,#14704,#14705);
#14703=CARTESIAN_POINT('',(3.75,1.0025,26.1));
#14704=DIRECTION('',(0.,-1.,-0.));
#14705=DIRECTION('',(1.,0.,0.));
#14706=CARTESIAN_POINT('',(4.51251133647408,1.0025,18.6));
#14707=AXIS2_PLACEMENT_3D('',#14708,#14709,#14710);
#14708=CARTESIAN_POINT('',(3.75,1.0025,18.6));
#14709=DIRECTION('',(0.,-1.,-0.));
#14710=DIRECTION('',(1.,0.,0.));
#14711=CARTESIAN_POINT('',(-5.3,2.,26.6));
#14712=VECTOR('',#14713,1.);
#14713=DIRECTION('',(0.,0.,-1.));
#14714=CARTESIAN_POINT('',(-2.91917535925942,0.221675359259421,18.6));
#14715=AXIS2_PLACEMENT_3D('',#14716,#14717,#14718);
#14716=CARTESIAN_POINT('',(-3.75,0.221675359259421,18.6));
#14717=DIRECTION('',(0.,-1.,0.));
#14718=DIRECTION('',(1.,0.,0.));
#14719=CARTESIAN_POINT('',(-2.91917535925942,0.221675359259421,26.1));
#14720=AXIS2_PLACEMENT_3D('',#14721,#14722,#14723);
#14721=CARTESIAN_POINT('',(-3.75,0.221675359259421,26.1));
#14722=DIRECTION('',(0.,-1.,0.));
#14723=DIRECTION('',(1.,0.,0.));
#14724=CARTESIAN_POINT('',(2.02915026221245,1.49999999999954,28.4));
#14725=VECTOR('',#14726,1.);
#14726=DIRECTION('',(-1.,0.,0.));
#14727=CARTESIAN_POINT('',(-2.02915026221338,1.49999999999954,27.8));
#14728=VECTOR('',#14729,1.);
#14729=DIRECTION('',(1.,0.,0.));
#14730=CARTESIAN_POINT('',(-1.35,1.91874999965663,20.225355158798));
#14731=AXIS2_PLACEMENT_3D('',#14732,#14733,#14734);
#14732=CARTESIAN_POINT('',(-1.35,-1.05000000000102,17.9342804241941));
#14733=DIRECTION('',(1.,0.,-0.));
#14734=DIRECTION('',(0.,1.,0.));
#14735=AXIS2_PLACEMENT_3D('',#14736,#14737,#14738);
#14736=CARTESIAN_POINT('',(-1.35,1.44374999971362,19.8587832012588));
#14737=DIRECTION('',(0.,-0.61095326256002,0.791666666575818));
#14738=DIRECTION('',(-6.12323399573677E-017,0.791666666575818,0.61095326256002));
#14739=AXIS2_PLACEMENT_3D('',#14740,#14741,#14742);
#14740=CARTESIAN_POINT('',(-1.35,3.7,21.6));
#14741=DIRECTION('',(-1.,-0.,0.));
#14742=DIRECTION('',(0.,-0.791666666570591,-0.610953262566793));
#14743=CARTESIAN_POINT('',(1.35,1.91874999965911,20.2253551587948));
#14744=VECTOR('',#14745,1.);
#14745=DIRECTION('',(-1.,0.,0.));
#14746=CARTESIAN_POINT('',(-2.98748866352592,1.0025,18.6));
#14747=AXIS2_PLACEMENT_3D('',#14748,#14749,#14750);
#14748=CARTESIAN_POINT('',(-3.75,1.0025,18.6));
#14749=DIRECTION('',(0.,-1.,-0.));
#14750=DIRECTION('',(1.,0.,0.));
#14751=CARTESIAN_POINT('',(-2.98748866352592,1.0025,26.1));
#14752=AXIS2_PLACEMENT_3D('',#14753,#14754,#14755);
#14753=CARTESIAN_POINT('',(-3.75,1.0025,26.1));
#14754=DIRECTION('',(0.,-1.,-0.));
#14755=DIRECTION('',(1.,0.,0.));
#14756=CARTESIAN_POINT('',(5.5,1.5,18.));
#14757=CARTESIAN_POINT('',(5.5,1.5,17.));
#14758=CARTESIAN_POINT('',(5.5,1.5,18.));
#14759=VECTOR('',#14760,1.);
#14760=DIRECTION('',(0.,0.,-1.));
#14761=CARTESIAN_POINT('',(5.9,1.5,18.));
#14762=CARTESIAN_POINT('',(5.5,1.5,18.));
#14763=VECTOR('',#14764,1.);
#14764=DIRECTION('',(1.,0.,0.));
#14765=CARTESIAN_POINT('',(6.7,1.5,17.2));
#14766=CARTESIAN_POINT('',(5.9,1.5,18.));
#14767=VECTOR('',#14768,1.);
#14768=DIRECTION('',(0.707106781186548,-1.96261557335472E-016,-0.707106781186547));
#14769=CARTESIAN_POINT('',(6.7,1.5,14.));
#14770=CARTESIAN_POINT('',(6.7,1.5,17.2));
#14771=VECTOR('',#14772,1.);
#14772=DIRECTION('',(0.,0.,-1.));
#14773=CARTESIAN_POINT('',(5.5,1.5,14.));
#14774=CARTESIAN_POINT('',(5.5,1.5,14.));
#14775=VECTOR('',#14776,1.);
#14776=DIRECTION('',(1.,0.,0.));
#14777=CARTESIAN_POINT('',(5.5,1.5,14.));
#14778=VECTOR('',#14779,1.);
#14779=DIRECTION('',(0.,0.,1.));
#14780=CARTESIAN_POINT('',(5.5,-1.5,17.));
#14781=CARTESIAN_POINT('',(5.5,-1.5,18.));
#14782=CARTESIAN_POINT('',(5.5,-1.5,17.));
#14783=VECTOR('',#14784,1.);
#14784=DIRECTION('',(0.,0.,1.));
#14785=CARTESIAN_POINT('',(5.5,-1.5,14.));
#14786=CARTESIAN_POINT('',(5.5,-1.5,17.));
#14787=VECTOR('',#14788,1.);
#14788=DIRECTION('',(0.,0.,-1.));
#14789=CARTESIAN_POINT('',(6.7,-1.5,14.));
#14790=CARTESIAN_POINT('',(5.5,-1.5,14.));
#14791=VECTOR('',#14792,1.);
#14792=DIRECTION('',(1.,0.,0.));
#14793=CARTESIAN_POINT('',(6.7,-1.5,17.2));
#14794=CARTESIAN_POINT('',(6.7,-1.5,14.));
#14795=VECTOR('',#14796,1.);
#14796=DIRECTION('',(0.,0.,1.));
#14797=CARTESIAN_POINT('',(5.9,-1.5,18.));
#14798=CARTESIAN_POINT('',(6.7,-1.5,17.2));
#14799=VECTOR('',#14800,1.);
#14800=DIRECTION('',(-0.707106781186549,1.96261557335472E-016,0.707106781186546));
#14801=CARTESIAN_POINT('',(5.9,-1.5,18.));
#14802=VECTOR('',#14803,1.);
#14803=DIRECTION('',(-1.,0.,0.));
#14804=CARTESIAN_POINT('',(5.5,1.5,17.));
#14805=VECTOR('',#14806,1.);
#14806=DIRECTION('',(0.,-1.,0.));
#14807=CARTESIAN_POINT('',(5.5,1.9,14.));
#14808=CARTESIAN_POINT('',(5.5,1.9,14.));
#14809=VECTOR('',#14810,1.);
#14810=DIRECTION('',(0.,-1.,0.));
#14811=CARTESIAN_POINT('',(5.5,1.9,18.));
#14812=CARTESIAN_POINT('',(5.5,1.9,18.));
#14813=VECTOR('',#14814,1.);
#14814=DIRECTION('',(0.,0.,-1.));
#14815=CARTESIAN_POINT('',(5.5,3.6,18.));
#14816=CARTESIAN_POINT('',(5.5,3.6,18.));
#14817=VECTOR('',#14818,1.);
#14818=DIRECTION('',(0.,-1.,0.));
#14819=CARTESIAN_POINT('',(5.5,3.6,10.6));
#14820=CARTESIAN_POINT('',(5.5,3.6,10.6));
#14821=VECTOR('',#14822,1.);
#14822=DIRECTION('',(0.,0.,1.));
#14823=CARTESIAN_POINT('',(5.5,2.32487112986843,10.6));
#14824=CARTESIAN_POINT('',(5.5,3.6,10.6));
#14825=VECTOR('',#14826,1.);
#14826=DIRECTION('',(0.,-1.,0.));
#14827=CARTESIAN_POINT('',(5.5,2.32487112986843,8.6));
#14828=CARTESIAN_POINT('',(5.5,2.32487112986843,8.6));
#14829=VECTOR('',#14830,1.);
#14830=DIRECTION('',(0.,0.,1.));
#14831=CARTESIAN_POINT('',(5.5,3.6,8.6));
#14832=CARTESIAN_POINT('',(5.5,3.6,8.6));
#14833=VECTOR('',#14834,1.);
#14834=DIRECTION('',(0.,-1.,0.));
#14835=CARTESIAN_POINT('',(5.5,3.6,-2.8));
#14836=CARTESIAN_POINT('',(5.5,3.6,-2.8));
#14837=VECTOR('',#14838,1.);
#14838=DIRECTION('',(0.,0.,1.));
#14839=CARTESIAN_POINT('',(5.5,-3.6,-2.8));
#14840=CARTESIAN_POINT('',(5.5,3.6,-2.8));
#14841=VECTOR('',#14842,1.);
#14842=DIRECTION('',(0.,-1.,0.));
#14843=CARTESIAN_POINT('',(5.5,-3.6,8.6));
#14844=CARTESIAN_POINT('',(5.5,-3.6,-2.8));
#14845=VECTOR('',#14846,1.);
#14846=DIRECTION('',(0.,-7.79103876929934E-017,1.));
#14847=CARTESIAN_POINT('',(5.5,-2.32487112986843,8.6));
#14848=CARTESIAN_POINT('',(5.5,-3.6,8.6));
#14849=VECTOR('',#14850,1.);
#14850=DIRECTION('',(0.,1.,0.));
#14851=CARTESIAN_POINT('',(5.5,-2.32487112986843,10.6));
#14852=CARTESIAN_POINT('',(5.5,-2.32487112986843,8.6));
#14853=VECTOR('',#14854,1.);
#14854=DIRECTION('',(0.,0.,1.));
#14855=CARTESIAN_POINT('',(5.5,-3.6,10.6));
#14856=CARTESIAN_POINT('',(5.5,-3.6,10.6));
#14857=VECTOR('',#14858,1.);
#14858=DIRECTION('',(0.,1.,0.));
#14859=CARTESIAN_POINT('',(5.5,-3.6,18.));
#14860=CARTESIAN_POINT('',(5.5,-3.6,10.6));
#14861=VECTOR('',#14862,1.);
#14862=DIRECTION('',(0.,0.,1.));
#14863=CARTESIAN_POINT('',(5.5,-1.9,18.));
#14864=CARTESIAN_POINT('',(5.5,-1.9,18.));
#14865=VECTOR('',#14866,1.);
#14866=DIRECTION('',(0.,-1.,0.));
#14867=CARTESIAN_POINT('',(5.5,-1.9,14.));
#14868=CARTESIAN_POINT('',(5.5,-1.9,14.));
#14869=VECTOR('',#14870,1.);
#14870=DIRECTION('',(0.,0.,1.));
#14871=CARTESIAN_POINT('',(5.5,-1.5,14.));
#14872=VECTOR('',#14873,1.);
#14873=DIRECTION('',(0.,-1.,0.));
#14874=CARTESIAN_POINT('',(5.5,1.5,18.));
#14875=VECTOR('',#14876,1.);
#14876=DIRECTION('',(0.,-1.,0.));
#14877=CARTESIAN_POINT('',(5.9,-1.5,18.));
#14878=VECTOR('',#14879,1.);
#14879=DIRECTION('',(0.,1.,0.));
#14880=CARTESIAN_POINT('',(5.2,-1.2,17.3));
#14881=CARTESIAN_POINT('',(5.5,-1.5,17.));
#14882=VECTOR('',#14883,1.);
#14883=DIRECTION('',(-0.577350269189625,0.577350269189625,0.577350269189627));
#14884=CARTESIAN_POINT('',(5.2,1.2,17.3));
#14885=CARTESIAN_POINT('',(5.2,1.2,17.3));
#14886=VECTOR('',#14887,1.);
#14887=DIRECTION('',(0.,-1.,0.));
#14888=CARTESIAN_POINT('',(5.5,1.5,17.));
#14889=VECTOR('',#14890,1.);
#14890=DIRECTION('',(-0.577350269189625,-0.577350269189625,0.577350269189627));
#14891=CARTESIAN_POINT('',(5.2,1.2,17.7));
#14892=CARTESIAN_POINT('',(5.2,1.2,17.7));
#14893=VECTOR('',#14894,1.);
#14894=DIRECTION('',(0.,0.,-1.));
#14895=CARTESIAN_POINT('',(5.5,1.5,18.));
#14896=VECTOR('',#14897,1.);
#14897=DIRECTION('',(-0.577350269189625,-0.577350269189625,-0.577350269189627));
#14898=CARTESIAN_POINT('',(5.2,-1.2,17.7));
#14899=CARTESIAN_POINT('',(5.2,-1.2,17.7));
#14900=VECTOR('',#14901,1.);
#14901=DIRECTION('',(0.,1.,0.));
#14902=CARTESIAN_POINT('',(5.5,-1.5,18.));
#14903=VECTOR('',#14904,1.);
#14904=DIRECTION('',(-0.577350269189625,0.577350269189625,-0.577350269189627));
#14905=CARTESIAN_POINT('',(5.2,-1.2,17.3));
#14906=VECTOR('',#14907,1.);
#14907=DIRECTION('',(0.,0.,1.));
#14908=CARTESIAN_POINT('',(6.7,-1.5,17.2));
#14909=VECTOR('',#14910,1.);
#14910=DIRECTION('',(0.,1.,0.));
#14911=CARTESIAN_POINT('',(6.7,-1.9,14.));
#14912=CARTESIAN_POINT('',(6.7,-1.9,14.));
#14913=VECTOR('',#14914,1.);
#14914=DIRECTION('',(0.,1.,0.));
#14915=CARTESIAN_POINT('',(6.7,-1.9,17.2));
#14916=CARTESIAN_POINT('',(6.7,-1.9,17.2));
#14917=VECTOR('',#14918,1.);
#14918=DIRECTION('',(0.,0.,-1.));
#14919=CARTESIAN_POINT('',(6.7,-4.,17.2));
#14920=CARTESIAN_POINT('',(6.7,-4.,17.2));
#14921=VECTOR('',#14922,1.);
#14922=DIRECTION('',(0.,1.,0.));
#14923=CARTESIAN_POINT('',(6.7,-4.,-3.2));
#14924=CARTESIAN_POINT('',(6.7,-4.,-3.2));
#14925=VECTOR('',#14926,1.);
#14926=DIRECTION('',(0.,0.,1.));
#14927=CARTESIAN_POINT('',(6.7,4.,-3.2));
#14928=CARTESIAN_POINT('',(6.7,-4.,-3.2));
#14929=VECTOR('',#14930,1.);
#14930=DIRECTION('',(0.,1.,-5.55111512312578E-017));
#14931=CARTESIAN_POINT('',(6.7,4.,17.2));
#14932=CARTESIAN_POINT('',(6.7,4.,-3.2));
#14933=VECTOR('',#14934,1.);
#14934=DIRECTION('',(0.,8.7076315656875E-017,1.));
#14935=CARTESIAN_POINT('',(6.7,1.9,17.2));
#14936=CARTESIAN_POINT('',(6.7,1.9,17.2));
#14937=VECTOR('',#14938,1.);
#14938=DIRECTION('',(0.,1.,0.));
#14939=CARTESIAN_POINT('',(6.7,1.9,14.));
#14940=CARTESIAN_POINT('',(6.7,1.9,14.));
#14941=VECTOR('',#14942,1.);
#14942=DIRECTION('',(0.,0.,1.));
#14943=CARTESIAN_POINT('',(6.7,1.5,14.));
#14944=VECTOR('',#14945,1.);
#14945=DIRECTION('',(0.,1.,0.));
#14946=CARTESIAN_POINT('',(5.5,1.9,14.));
#14947=VECTOR('',#14948,1.);
#14948=DIRECTION('',(1.,0.,0.));
#14949=CARTESIAN_POINT('',(5.5,-1.9,14.));
#14950=VECTOR('',#14951,1.);
#14951=DIRECTION('',(1.,0.,0.));
#14952=CARTESIAN_POINT('',(5.9,1.9,18.));
#14953=CARTESIAN_POINT('',(6.7,1.9,17.2));
#14954=VECTOR('',#14955,1.);
#14955=DIRECTION('',(-0.707106781186548,1.96261557335472E-016,0.707106781186547));
#14956=CARTESIAN_POINT('',(5.9,1.9,18.));
#14957=VECTOR('',#14958,1.);
#14958=DIRECTION('',(-1.,5.55111512312577E-016,0.));
#14959=CARTESIAN_POINT('',(5.9,4.,18.));
#14960=CARTESIAN_POINT('',(5.9,1.9,18.));
#14961=VECTOR('',#14962,1.);
#14962=DIRECTION('',(0.,1.,0.));
#14963=CARTESIAN_POINT('',(-3.26891108675446,4.,18.));
#14964=CARTESIAN_POINT('',(5.9,4.,18.));
#14965=VECTOR('',#14966,1.);
#14966=DIRECTION('',(-1.,-1.93736946796921E-016,0.));
#14967=CARTESIAN_POINT('',(-5.9,2.48094010767585,18.));
#14968=CARTESIAN_POINT('',(-3.26891108675446,4.,18.));
#14969=VECTOR('',#14970,1.);
#14970=DIRECTION('',(-0.866025403784439,-0.5,0.));
#14971=CARTESIAN_POINT('',(-5.9,-2.48094010767585,18.));
#14972=CARTESIAN_POINT('',(-5.9,2.48094010767585,18.));
#14973=VECTOR('',#14974,1.);
#14974=DIRECTION('',(1.79000375090105E-016,-1.,0.));
#14975=CARTESIAN_POINT('',(-3.26891108675446,-4.,18.));
#14976=CARTESIAN_POINT('',(-5.9,-2.48094010767585,18.));
#14977=VECTOR('',#14978,1.);
#14978=DIRECTION('',(0.866025403784438,-0.5,0.));
#14979=CARTESIAN_POINT('',(5.9,-4.,18.));
#14980=CARTESIAN_POINT('',(-3.26891108675446,-4.,18.));
#14981=VECTOR('',#14982,1.);
#14982=DIRECTION('',(1.,0.,0.));
#14983=CARTESIAN_POINT('',(5.9,-1.9,18.));
#14984=CARTESIAN_POINT('',(5.9,-4.,18.));
#14985=VECTOR('',#14986,1.);
#14986=DIRECTION('',(0.,1.,0.));
#14987=CARTESIAN_POINT('',(5.5,-1.9,18.));
#14988=VECTOR('',#14989,1.);
#14989=DIRECTION('',(1.,0.,0.));
#14990=CARTESIAN_POINT('',(-3.16173140978202,-3.6,18.));
#14991=CARTESIAN_POINT('',(5.5,-3.6,18.));
#14992=VECTOR('',#14993,1.);
#14993=DIRECTION('',(-1.,0.,0.));
#14994=CARTESIAN_POINT('',(-5.5,-2.25,18.));
#14995=CARTESIAN_POINT('',(-3.16173140978202,-3.6,18.));
#14996=VECTOR('',#14997,1.);
#14997=DIRECTION('',(-0.866025403784439,0.5,0.));
#14998=CARTESIAN_POINT('',(-5.5,2.25,18.));
#14999=CARTESIAN_POINT('',(-5.5,-2.25,18.));
#15000=VECTOR('',#15001,1.);
#15001=DIRECTION('',(0.,1.,0.));
#15002=CARTESIAN_POINT('',(-3.16173140978202,3.6,18.));
#15003=CARTESIAN_POINT('',(-5.5,2.25,18.));
#15004=VECTOR('',#15005,1.);
#15005=DIRECTION('',(0.866025403784439,0.5,0.));
#15006=CARTESIAN_POINT('',(-3.16173140978202,3.6,18.));
#15007=VECTOR('',#15008,1.);
#15008=DIRECTION('',(1.,0.,0.));
#15009=CARTESIAN_POINT('',(-1.76173140978202,3.6,8.6));
#15010=CARTESIAN_POINT('',(-1.76173140978202,3.6,10.6));
#15011=CARTESIAN_POINT('',(-1.76173140978202,3.6,8.6));
#15012=VECTOR('',#15013,1.);
#15013=DIRECTION('',(0.,0.,1.));
#15014=CARTESIAN_POINT('',(-3.16173140978202,3.6,8.6));
#15015=CARTESIAN_POINT('',(-3.16173140978202,3.6,8.6));
#15016=VECTOR('',#15017,1.);
#15017=DIRECTION('',(1.,0.,0.));
#15018=CARTESIAN_POINT('',(-3.16173140978202,3.6,-2.8));
#15019=CARTESIAN_POINT('',(-3.16173140978202,3.6,-2.8));
#15020=VECTOR('',#15021,1.);
#15021=DIRECTION('',(0.,0.,1.));
#15022=CARTESIAN_POINT('',(-3.16173140978202,3.6,-2.8));
#15023=VECTOR('',#15024,1.);
#15024=DIRECTION('',(1.,0.,0.));
#15025=CARTESIAN_POINT('',(4.1,3.6,8.6));
#15026=CARTESIAN_POINT('',(4.1,3.6,8.6));
#15027=VECTOR('',#15028,1.);
#15028=DIRECTION('',(1.,0.,0.));
#15029=CARTESIAN_POINT('',(4.1,3.6,10.6));
#15030=CARTESIAN_POINT('',(4.1,3.6,10.6));
#15031=VECTOR('',#15032,1.);
#15032=DIRECTION('',(0.,0.,-1.));
#15033=CARTESIAN_POINT('',(4.1,3.6,10.6));
#15034=VECTOR('',#15035,1.);
#15035=DIRECTION('',(1.,0.,0.));
#15036=CARTESIAN_POINT('',(-3.16173140978202,3.6,10.6));
#15037=CARTESIAN_POINT('',(-3.16173140978202,3.6,10.6));
#15038=VECTOR('',#15039,1.);
#15039=DIRECTION('',(0.,0.,1.));
#15040=CARTESIAN_POINT('',(-3.16173140978202,3.6,10.6));
#15041=VECTOR('',#15042,1.);
#15042=DIRECTION('',(1.,0.,0.));
#15043=CARTESIAN_POINT('',(4.1,2.7,10.6));
#15044=CARTESIAN_POINT('',(4.1,2.7,10.6));
#15045=VECTOR('',#15046,1.);
#15046=DIRECTION('',(0.,1.,0.));
#15047=CARTESIAN_POINT('',(5.5,2.32487112986843,10.6));
#15048=VECTOR('',#15049,1.);
#15049=DIRECTION('',(-0.965925826163498,0.258819045571157,0.));
#15050=CARTESIAN_POINT('',(4.1,2.7,8.6));
#15051=CARTESIAN_POINT('',(4.1,2.7,10.6));
#15052=VECTOR('',#15053,1.);
#15053=DIRECTION('',(0.,0.,-1.));
#15054=CARTESIAN_POINT('',(5.5,2.32487112986843,8.6));
#15055=VECTOR('',#15056,1.);
#15056=DIRECTION('',(-0.965925826163498,0.258819045571157,0.));
#15057=CARTESIAN_POINT('',(4.1,2.7,8.6));
#15058=VECTOR('',#15059,1.);
#15059=DIRECTION('',(0.,1.,0.));
#15060=CARTESIAN_POINT('',(-3.16173140978201,-3.6,-2.8));
#15061=CARTESIAN_POINT('',(5.5,-3.6,-2.8));
#15062=VECTOR('',#15063,1.);
#15063=DIRECTION('',(-1.,0.,0.));
#15064=CARTESIAN_POINT('',(-5.5,2.25,-2.8));
#15065=CARTESIAN_POINT('',(-5.5,2.25,-2.8));
#15066=VECTOR('',#15067,1.);
#15067=DIRECTION('',(0.866025403784439,0.5,0.));
#15068=CARTESIAN_POINT('',(-5.5,-2.25,-2.8));
#15069=CARTESIAN_POINT('',(-5.5,-2.25,-2.8));
#15070=VECTOR('',#15071,1.);
#15071=DIRECTION('',(0.,1.,0.));
#15072=CARTESIAN_POINT('',(-3.16173140978202,-3.6,-2.8));
#15073=VECTOR('',#15074,1.);
#15074=DIRECTION('',(-0.866025403784439,0.5,0.));
#15075=CARTESIAN_POINT('',(-1.76173140978202,-3.6,10.6));
#15076=CARTESIAN_POINT('',(-1.76173140978202,-3.6,8.6));
#15077=CARTESIAN_POINT('',(-1.76173140978202,-3.6,8.6));
#15078=VECTOR('',#15079,1.);
#15079=DIRECTION('',(0.,0.,1.));
#15080=CARTESIAN_POINT('',(-3.16173140978201,-3.6,10.6));
#15081=CARTESIAN_POINT('',(-3.16173140978201,-3.6,10.6));
#15082=VECTOR('',#15083,1.);
#15083=DIRECTION('',(1.,0.,0.));
#15084=CARTESIAN_POINT('',(-3.16173140978201,-3.6,10.6));
#15085=VECTOR('',#15086,1.);
#15086=DIRECTION('',(0.,0.,1.));
#15087=CARTESIAN_POINT('',(4.1,-3.6,10.6));
#15088=CARTESIAN_POINT('',(4.1,-3.6,10.6));
#15089=VECTOR('',#15090,1.);
#15090=DIRECTION('',(1.,0.,0.));
#15091=CARTESIAN_POINT('',(4.1,-3.6,8.6));
#15092=CARTESIAN_POINT('',(4.1,-3.6,10.6));
#15093=VECTOR('',#15094,1.);
#15094=DIRECTION('',(0.,0.,-1.));
#15095=CARTESIAN_POINT('',(4.1,-3.6,8.6));
#15096=VECTOR('',#15097,1.);
#15097=DIRECTION('',(1.,0.,0.));
#15098=CARTESIAN_POINT('',(-3.16173140978201,-3.6,8.6));
#15099=CARTESIAN_POINT('',(-3.16173140978201,-3.6,-2.8));
#15100=VECTOR('',#15101,1.);
#15101=DIRECTION('',(0.,0.,1.));
#15102=CARTESIAN_POINT('',(-3.16173140978201,-3.6,8.6));
#15103=VECTOR('',#15104,1.);
#15104=DIRECTION('',(1.,0.,0.));
#15105=CARTESIAN_POINT('',(4.1,-2.7,8.6));
#15106=CARTESIAN_POINT('',(4.1,-2.7,8.6));
#15107=VECTOR('',#15108,1.);
#15108=DIRECTION('',(0.,-1.,0.));
#15109=CARTESIAN_POINT('',(5.5,-2.32487112986843,8.6));
#15110=VECTOR('',#15111,1.);
#15111=DIRECTION('',(-0.965925826163498,-0.258819045571157,0.));
#15112=CARTESIAN_POINT('',(4.1,-2.7,10.6));
#15113=CARTESIAN_POINT('',(4.1,-2.7,10.6));
#15114=VECTOR('',#15115,1.);
#15115=DIRECTION('',(0.,0.,-1.));
#15116=CARTESIAN_POINT('',(5.5,-2.32487112986843,10.6));
#15117=VECTOR('',#15118,1.);
#15118=DIRECTION('',(-0.965925826163498,-0.258819045571157,0.));
#15119=CARTESIAN_POINT('',(4.1,-2.7,10.6));
#15120=VECTOR('',#15121,1.);
#15121=DIRECTION('',(0.,-1.,0.));
#15122=CARTESIAN_POINT('',(5.9,-1.9,18.));
#15123=VECTOR('',#15124,1.);
#15124=DIRECTION('',(0.707106781186548,5.88784672006417E-016,-0.707106781186547));
#15125=CARTESIAN_POINT('',(6.7,-4.,17.2));
#15126=VECTOR('',#15127,1.);
#15127=DIRECTION('',(-0.707106781186548,7.85046229341886E-016,0.707106781186547));
#15128=CARTESIAN_POINT('',(5.9,-4.8,-3.2));
#15129=CARTESIAN_POINT('',(5.9,-4.8,-3.2));
#15130=VECTOR('',#15131,1.);
#15131=DIRECTION('',(0.707106781186547,0.707106781186548,3.92523114670944E-016));
#15132=CARTESIAN_POINT('',(5.9,-4.8,17.2));
#15133=CARTESIAN_POINT('',(6.7,-4.,17.2));
#15134=VECTOR('',#15135,1.);
#15135=DIRECTION('',(-0.707106781186547,-0.707106781186548,0.));
#15136=CARTESIAN_POINT('',(5.9,-4.8,-3.2));
#15137=VECTOR('',#15138,1.);
#15138=DIRECTION('',(0.,0.,1.));
#15139=CARTESIAN_POINT('',(5.9,-4.,-4.));
#15140=CARTESIAN_POINT('',(5.9,-4.,-4.));
#15141=VECTOR('',#15142,1.);
#15142=DIRECTION('',(0.707106781186547,-7.85046229341887E-016,0.707106781186548));
#15143=CARTESIAN_POINT('',(5.9,4.,-4.));
#15144=CARTESIAN_POINT('',(5.9,-4.,-4.));
#15145=VECTOR('',#15146,1.);
#15146=DIRECTION('',(0.,1.,0.));
#15147=CARTESIAN_POINT('',(6.7,4.,-3.2));
#15148=VECTOR('',#15149,1.);
#15149=DIRECTION('',(-0.707106781186547,0.,-0.707106781186548));
#15150=CARTESIAN_POINT('',(5.9,4.8,17.2));
#15151=CARTESIAN_POINT('',(5.9,4.8,17.2));
#15152=VECTOR('',#15153,1.);
#15153=DIRECTION('',(0.707106781186547,-0.707106781186548,0.));
#15154=CARTESIAN_POINT('',(5.9,4.8,-3.2));
#15155=CARTESIAN_POINT('',(6.7,4.,-3.2));
#15156=VECTOR('',#15157,1.);
#15157=DIRECTION('',(-0.707106781186547,0.707106781186548,0.));
#15158=CARTESIAN_POINT('',(5.9,4.8,-3.2));
#15159=VECTOR('',#15160,1.);
#15160=DIRECTION('',(0.,0.,1.));
#15161=CARTESIAN_POINT('',(5.9,4.,18.));
#15162=VECTOR('',#15163,1.);
#15163=DIRECTION('',(0.707106781186548,3.14018491736755E-015,-0.707106781186547));
#15164=CARTESIAN_POINT('',(-3.48327044069936,4.8,17.2));
#15165=CARTESIAN_POINT('',(5.9,4.8,17.2));
#15166=VECTOR('',#15167,1.);
#15167=DIRECTION('',(-1.,-9.465552818852E-017,0.));
#15168=CARTESIAN_POINT('',(-3.48327044069936,4.8,17.2));
#15169=VECTOR('',#15170,1.);
#15170=DIRECTION('',(0.186156787897387,-0.694746590606867,0.694746590606864));
#15171=CARTESIAN_POINT('',(5.9,4.,18.));
#15172=VECTOR('',#15173,1.);
#15173=DIRECTION('',(0.,0.707106781186548,-0.707106781186547));
#15174=CARTESIAN_POINT('',(-6.7,2.94282032302755,17.2));
#15175=CARTESIAN_POINT('',(-3.48327044069936,4.8,17.2));
#15176=VECTOR('',#15177,1.);
#15177=DIRECTION('',(-0.866025403784439,-0.5,0.));
#15178=CARTESIAN_POINT('',(-6.7,2.94282032302755,17.2));
#15179=VECTOR('',#15180,1.);
#15180=DIRECTION('',(0.654653670707973,-0.37796447300923,0.65465367070798));
#15181=CARTESIAN_POINT('',(-6.7,-2.94282032302755,17.2));
#15182=CARTESIAN_POINT('',(-6.7,2.94282032302755,17.2));
#15183=VECTOR('',#15184,1.);
#15184=DIRECTION('',(1.50905988508733E-016,-1.,0.));
#15185=CARTESIAN_POINT('',(-6.7,-2.94282032302755,17.2));
#15186=VECTOR('',#15187,1.);
#15187=DIRECTION('',(0.654653670707975,0.37796447300923,0.654653670707978));
#15188=CARTESIAN_POINT('',(-3.48327044069936,-4.8,17.2));
#15189=CARTESIAN_POINT('',(-6.7,-2.94282032302755,17.2));
#15190=VECTOR('',#15191,1.);
#15191=DIRECTION('',(0.866025403784439,-0.5,0.));
#15192=CARTESIAN_POINT('',(-3.48327044069936,-4.8,17.2));
#15193=VECTOR('',#15194,1.);
#15194=DIRECTION('',(0.186156787897385,0.694746590606864,0.694746590606867));
#15195=CARTESIAN_POINT('',(5.9,-4.8,17.2));
#15196=VECTOR('',#15197,1.);
#15197=DIRECTION('',(3.14018491736756E-015,0.707106781186549,0.707106781186546));
#15198=CARTESIAN_POINT('',(-3.48327044069936,-4.8,17.2));
#15199=VECTOR('',#15200,1.);
#15200=DIRECTION('',(1.,0.,0.));
#15201=CARTESIAN_POINT('',(-4.72057713662378,-2.69999999998281,8.6));
#15202=CARTESIAN_POINT('',(-4.72057713662378,-2.69999999998281,10.6));
#15203=CARTESIAN_POINT('',(-4.72057713659401,-2.7,10.6));
#15204=VECTOR('',#15205,1.);
#15205=DIRECTION('',(0.,0.,-1.));
#15206=CARTESIAN_POINT('',(-4.72057713662378,-2.69999999998281,8.6));
#15207=VECTOR('',#15208,1.);
#15208=DIRECTION('',(0.866025403784439,-0.5,0.));
#15209=CARTESIAN_POINT('',(-5.5,-2.25,-2.8));
#15210=VECTOR('',#15211,1.);
#15211=DIRECTION('',(0.,0.,1.));
#15212=CARTESIAN_POINT('',(-4.72057713662378,-2.69999999998281,10.6));
#15213=VECTOR('',#15214,1.);
#15214=DIRECTION('',(0.866025403784439,-0.5,0.));
#15215=CARTESIAN_POINT('',(-5.5,2.25,-2.8));
#15216=VECTOR('',#15217,1.);
#15217=DIRECTION('',(0.,0.,1.));
#15218=CARTESIAN_POINT('',(-4.72057713662378,2.69999999998281,10.6));
#15219=CARTESIAN_POINT('',(-4.72057713662378,2.69999999998281,8.6));
#15220=CARTESIAN_POINT('',(-4.72057713659401,2.7,10.6));
#15221=VECTOR('',#15222,1.);
#15222=DIRECTION('',(0.,0.,-1.));
#15223=CARTESIAN_POINT('',(-4.72057713662378,2.69999999998281,10.6));
#15224=VECTOR('',#15225,1.);
#15225=DIRECTION('',(0.866025403784439,0.5,0.));
#15226=CARTESIAN_POINT('',(-4.72057713662378,2.69999999998281,8.6));
#15227=VECTOR('',#15228,1.);
#15228=DIRECTION('',(0.866025403784439,0.5,0.));
#15229=CARTESIAN_POINT('',(-2.66173140918879,2.7,10.6));
#15230=CARTESIAN_POINT('',(-1.76173140978202,3.6,10.6));
#15231=VECTOR('',#15232,1.);
#15232=DIRECTION('',(-0.707106780953508,-0.707106781419586,0.));
#15233=CARTESIAN_POINT('',(-2.66173140918879,2.7,8.6));
#15234=CARTESIAN_POINT('',(-2.66173140918879,2.7,10.6));
#15235=VECTOR('',#15236,1.);
#15236=DIRECTION('',(0.,0.,-1.));
#15237=CARTESIAN_POINT('',(-1.76173140978202,3.6,8.6));
#15238=VECTOR('',#15239,1.);
#15239=DIRECTION('',(-0.707106780953508,-0.707106781419586,0.));
#15240=CARTESIAN_POINT('',(-2.66173140918879,2.7,8.6));
#15241=VECTOR('',#15242,1.);
#15242=DIRECTION('',(-1.,0.,0.));
#15243=CARTESIAN_POINT('',(-2.66173140918879,2.7,10.6));
#15244=VECTOR('',#15245,1.);
#15245=DIRECTION('',(-1.,0.,0.));
#15246=CARTESIAN_POINT('',(-2.66173140918879,-2.7,8.6));
#15247=CARTESIAN_POINT('',(-1.76173140978202,-3.6,8.6));
#15248=VECTOR('',#15249,1.);
#15249=DIRECTION('',(-0.707106780953508,0.707106781419586,0.));
#15250=CARTESIAN_POINT('',(-2.66173140918879,-2.7,10.6));
#15251=CARTESIAN_POINT('',(-2.66173140918879,-2.7,10.6));
#15252=VECTOR('',#15253,1.);
#15253=DIRECTION('',(0.,0.,-1.));
#15254=CARTESIAN_POINT('',(-1.76173140978202,-3.6,10.6));
#15255=VECTOR('',#15256,1.);
#15256=DIRECTION('',(-0.707106780953508,0.707106781419586,0.));
#15257=CARTESIAN_POINT('',(-2.66173140918879,-2.7,10.6));
#15258=VECTOR('',#15259,1.);
#15259=DIRECTION('',(-1.,0.,0.));
#15260=CARTESIAN_POINT('',(-2.66173140918879,-2.7,8.6));
#15261=VECTOR('',#15262,1.);
#15262=DIRECTION('',(-1.,0.,0.));
#15263=CARTESIAN_POINT('',(5.9,-4.,-4.));
#15264=VECTOR('',#15265,1.);
#15265=DIRECTION('',(0.,-0.707106781186547,0.707106781186547));
#15266=CARTESIAN_POINT('',(-3.48327044069936,-4.8,-3.2));
#15267=CARTESIAN_POINT('',(-3.48327044069936,-4.8,-3.2));
#15268=VECTOR('',#15269,1.);
#15269=DIRECTION('',(1.,0.,0.));
#15270=CARTESIAN_POINT('',(-3.48327044069936,-4.8,-3.2));
#15271=VECTOR('',#15272,1.);
#15272=DIRECTION('',(0.,0.,1.));
#15273=CARTESIAN_POINT('',(-3.26891108675446,-4.,-4.));
#15274=CARTESIAN_POINT('',(-3.26891108675446,-4.,-4.));
#15275=VECTOR('',#15276,1.);
#15276=DIRECTION('',(1.,0.,0.));
#15277=CARTESIAN_POINT('',(-5.9,-2.48094010767585,-4.));
#15278=CARTESIAN_POINT('',(-5.9,-2.48094010767585,-4.));
#15279=VECTOR('',#15280,1.);
#15280=DIRECTION('',(0.866025403784438,-0.5,0.));
#15281=CARTESIAN_POINT('',(-5.9,2.48094010767585,-4.));
#15282=CARTESIAN_POINT('',(-5.9,2.48094010767585,-4.));
#15283=VECTOR('',#15284,1.);
#15284=DIRECTION('',(3.5800075018021E-016,-1.,0.));
#15285=CARTESIAN_POINT('',(-3.26891108675446,4.,-4.));
#15286=CARTESIAN_POINT('',(-3.26891108675446,4.,-4.));
#15287=VECTOR('',#15288,1.);
#15288=DIRECTION('',(-0.866025403784439,-0.5,0.));
#15289=CARTESIAN_POINT('',(5.9,4.,-4.));
#15290=VECTOR('',#15291,1.);
#15291=DIRECTION('',(-1.,-1.93736946796921E-016,0.));
#15292=CARTESIAN_POINT('',(5.9,4.8,-3.2));
#15293=VECTOR('',#15294,1.);
#15294=DIRECTION('',(0.,-0.707106781186547,-0.707106781186548));
#15295=CARTESIAN_POINT('',(-3.48327044069936,4.8,-3.2));
#15296=CARTESIAN_POINT('',(5.9,4.8,-3.2));
#15297=VECTOR('',#15298,1.);
#15298=DIRECTION('',(-1.,-9.465552818852E-017,0.));
#15299=CARTESIAN_POINT('',(-3.48327044069937,4.8,-3.2));
#15300=VECTOR('',#15301,1.);
#15301=DIRECTION('',(0.,0.,1.));
#15302=CARTESIAN_POINT('',(-6.7,2.94282032302755,-3.2));
#15303=CARTESIAN_POINT('',(-3.48327044069936,4.8,-3.2));
#15304=VECTOR('',#15305,1.);
#15305=DIRECTION('',(-0.866025403784439,-0.5,0.));
#15306=CARTESIAN_POINT('',(-6.7,2.94282032302755,-3.2));
#15307=VECTOR('',#15308,1.);
#15308=DIRECTION('',(0.,-2.17690789142188E-017,1.));
#15309=CARTESIAN_POINT('',(-6.7,-2.94282032302755,-3.2));
#15310=CARTESIAN_POINT('',(-6.7,2.94282032302755,-3.2));
#15311=VECTOR('',#15312,1.);
#15312=DIRECTION('',(1.50905988508733E-016,-1.,0.));
#15313=CARTESIAN_POINT('',(-6.7,-2.94282032302755,-3.2));
#15314=VECTOR('',#15315,1.);
#15315=DIRECTION('',(0.,0.,1.));
#15316=CARTESIAN_POINT('',(-6.7,-2.94282032302755,-3.2));
#15317=VECTOR('',#15318,1.);
#15318=DIRECTION('',(0.866025403784439,-0.5,0.));
#15319=CARTESIAN_POINT('',(-3.48327044069936,-4.8,-3.2));
#15320=VECTOR('',#15321,1.);
#15321=DIRECTION('',(0.186156787897386,0.694746590606866,-0.694746590606866));
#15322=CARTESIAN_POINT('',(-5.9,-2.48094010767585,-4.));
#15323=VECTOR('',#15324,1.);
#15324=DIRECTION('',(-0.654653670707977,-0.377964473009228,0.654653670707977));
#15325=CARTESIAN_POINT('',(-6.7,2.94282032302755,-3.2));
#15326=VECTOR('',#15327,1.);
#15327=DIRECTION('',(0.654653670707977,-0.377964473009227,-0.654653670707977));
#15328=CARTESIAN_POINT('',(-3.48327044069936,4.8,-3.2));
#15329=VECTOR('',#15330,1.);
#15330=DIRECTION('',(0.186156787897388,-0.694746590606865,-0.694746590606865));
ENDSEC;
END-ISO-10303-21;
